{"type":"FeatureCollection","name":"Prairie basemap (Natural Earth 10m)","comment":"Provincial/state outlines, major lakes and major rivers for the Alberta/Saskatchewan map window, clipped from Natural Earth 1:10m and simplified to 0.008 degrees. Drawing only: src/ecoregion.py's point lookup never reads this. Regenerate with `python -m tools.ecoregions.basemap`. Source: Natural Earth 1:10m (public domain), github.com/nvkelso/natural-earth-vector.","features":[{"type":"Feature","properties":{"layer":"land"},"geometry":{"type":"MultiPolygon","coordinates":[[[[-124.423,47.742],[-124.477,47.778],[-124.483,47.813],[-124.542,47.834],[-124.568,47.87],[-124.61,47.875],[-124.638,47.908],[-124.683,48.028],[-124.689,48.1],[-124.735,48.17],[-124.7,48.192],[-124.689,48.213],[-124.706,48.246],[-124.682,48.263],[-124.683,48.285],[-124.661,48.32],[-124.718,48.357],[-124.728,48.388],[-124.575,48.37],[-124.399,48.294],[-124.296,48.262],[-124.228,48.259],[-124.111,48.216],[-124.05,48.177],[-123.971,48.166],[-123.789,48.153],[-123.7,48.165],[-123.585,48.135],[-123.552,48.151],[-123.505,48.133],[-123.405,48.139],[-123.453,48.132],[-123.422,48.118],[-123.247,48.115],[-123.15,48.177],[-123.108,48.184],[-123.161,48.152],[-123.112,48.149],[-123.063,48.118],[-123.04,48.085],[-123.045,48.06],[-123.008,48.039],[-122.997,48.039],[-122.999,48.092],[-122.927,48.095],[-122.919,48.07],[-122.887,48.063],[-122.857,48.03],[-122.853,48.01],[-122.873,47.994],[-122.841,48.006],[-122.825,48.035],[-122.877,48.08],[-122.878,48.107],[-122.856,48.125],[-122.77,48.141],[-122.75,48.117],[-122.785,48.103],[-122.792,48.083],[-122.722,47.994],[-122.688,47.973],[-122.678,47.936],[-122.62,47.878],[-122.676,47.862],[-122.75,47.775],[-122.781,47.692],[-122.8,47.68],[-122.828,47.683],[-122.829,47.694],[-122.8,47.777],[-122.806,47.843],[-122.822,47.792],[-122.839,47.782],[-122.856,47.826],[-122.866,47.794],[-122.839,47.747],[-122.862,47.733],[-122.91,47.65],[-122.982,47.6],[-124.372,47.6],[-124.423,47.742]]],[[[-123.697,49.109],[-123.547,48.976],[-123.472,48.938],[-123.334,48.903],[-123.322,48.897],[-123.317,48.87],[-123.369,48.862],[-123.531,48.942],[-123.654,49.034],[-123.698,49.082],[-123.697,49.109]]],[[[-123.287,48.424],[-123.357,48.401],[-123.437,48.445],[-123.48,48.392],[-123.511,48.381],[-123.52,48.355],[-123.555,48.328],[-123.551,48.313],[-123.595,48.31],[-123.596,48.328],[-123.654,48.314],[-123.734,48.351],[-123.891,48.367],[-124.438,48.526],[-124.391,48.561],[-124.401,48.565],[-124.445,48.568],[-124.486,48.54],[-124.665,48.573],[-124.769,48.615],[-124.816,48.647],[-125.0,48.702],[-125.0,48.944],[-124.918,48.972],[-124.847,49.02],[-124.779,49.152],[-124.808,49.247],[-124.829,49.225],[-124.828,49.12],[-124.87,49.075],[-124.888,49.014],[-125.0,48.987],[-125.0,49.805],[-124.873,49.713],[-124.876,49.677],[-124.973,49.685],[-124.976,49.668],[-124.918,49.631],[-124.838,49.517],[-124.808,49.507],[-124.795,49.473],[-124.773,49.461],[-124.724,49.465],[-124.658,49.438],[-124.637,49.411],[-124.545,49.377],[-124.36,49.357],[-124.32,49.335],[-124.208,49.308],[-124.159,49.31],[-124.109,49.28],[-124.178,49.26],[-123.978,49.241],[-123.946,49.215],[-123.964,49.203],[-123.931,49.144],[-123.813,49.119],[-123.751,49.028],[-123.774,49.021],[-123.765,48.988],[-123.78,48.986],[-123.816,49.013],[-123.835,49.0],[-123.58,48.822],[-123.602,48.797],[-123.568,48.794],[-123.573,48.746],[-123.618,48.763],[-123.651,48.753],[-123.561,48.712],[-123.527,48.678],[-123.541,48.636],[-123.514,48.595],[-123.541,48.555],[-123.535,48.54],[-123.472,48.575],[-123.479,48.636],[-123.437,48.65],[-123.472,48.672],[-123.472,48.685],[-123.428,48.692],[-123.399,48.682],[-123.393,48.63],[-123.346,48.523],[-123.287,48.468],[-123.287,48.424]]],[[[-123.706,49.133],[-123.843,49.151],[-123.862,49.164],[-123.87,49.19],[-123.834,49.201],[-123.697,49.148],[-123.706,49.133]]],[[[-124.186,49.447],[-124.352,49.475],[-124.379,49.507],[-124.355,49.522],[-124.251,49.504],[-124.172,49.464],[-124.186,49.447]]],[[[-124.625,49.523],[-124.672,49.497],[-124.704,49.521],[-124.703,49.538],[-124.655,49.547],[-124.594,49.522],[-124.625,49.523]]],[[[-124.746,49.488],[-124.825,49.54],[-124.839,49.557],[-124.836,49.598],[-124.827,49.603],[-124.792,49.58],[-124.691,49.483],[-124.746,49.488]]],[[[-124.652,49.762],[-124.658,49.801],[-124.621,49.799],[-124.562,49.754],[-124.348,49.704],[-124.27,49.616],[-124.173,49.554],[-124.123,49.5],[-124.143,49.489],[-124.162,49.496],[-124.378,49.603],[-124.439,49.612],[-124.439,49.631],[-124.473,49.672],[-124.614,49.716],[-124.664,49.747],[-124.652,49.762]]],[[[-124.119,49.755],[-124.103,49.747],[-124.09,49.77],[-124.02,49.781],[-124.075,49.741],[-124.109,49.678],[-124.136,49.657],[-124.164,49.66],[-124.205,49.705],[-124.119,49.755]]],[[[-125.0,50.233],[-124.929,50.169],[-124.917,50.145],[-124.926,50.128],[-124.891,50.069],[-124.963,50.049],[-124.986,50.014],[-125.0,50.017],[-125.0,50.167],[-124.98,50.189],[-125.0,50.233]]],[[[-124.965,50.249],[-124.917,50.303],[-124.816,50.274],[-124.816,50.212],[-124.766,50.189],[-124.754,50.168],[-124.812,50.124],[-124.843,50.122],[-124.869,50.166],[-124.829,50.185],[-124.84,50.198],[-124.926,50.2],[-124.965,50.249]]],[[[-124.786,50.277],[-124.725,50.305],[-124.661,50.263],[-124.651,50.224],[-124.665,50.191],[-124.716,50.162],[-124.731,50.168],[-124.739,50.22],[-124.705,50.274],[-124.723,50.293],[-124.757,50.219],[-124.808,50.232],[-124.786,50.277]]],[[[-125.0,50.416],[-124.991,50.384],[-125.0,50.358],[-125.0,50.416]]],[[[-125.0,50.573],[-125.0,61.4],[-96.0,61.4],[-96.0,47.6],[-122.34,47.6],[-122.359,47.624],[-122.413,47.642],[-122.429,47.66],[-122.381,47.72],[-122.406,47.778],[-122.399,47.814],[-122.34,47.873],[-122.32,47.942],[-122.213,47.987],[-122.194,48.031],[-122.222,48.038],[-122.238,48.026],[-122.34,48.09],[-122.362,48.123],[-122.376,48.213],[-122.444,48.232],[-122.446,48.202],[-122.467,48.192],[-122.469,48.177],[-122.458,48.144],[-122.384,48.101],[-122.348,48.054],[-122.377,48.06],[-122.51,48.147],[-122.533,48.196],[-122.534,48.25],[-122.446,48.261],[-122.401,48.235],[-122.389,48.24],[-122.391,48.26],[-122.375,48.281],[-122.382,48.297],[-122.479,48.36],[-122.534,48.375],[-122.567,48.41],[-122.552,48.428],[-122.559,48.434],[-122.584,48.438],[-122.616,48.41],[-122.662,48.406],[-122.683,48.43],[-122.663,48.455],[-122.669,48.473],[-122.705,48.486],[-122.702,48.498],[-122.633,48.516],[-122.581,48.458],[-122.581,48.485],[-122.568,48.489],[-122.514,48.453],[-122.481,48.464],[-122.504,48.544],[-122.567,48.585],[-122.525,48.583],[-122.468,48.555],[-122.448,48.562],[-122.444,48.603],[-122.493,48.643],[-122.503,48.685],[-122.525,48.692],[-122.499,48.739],[-122.53,48.769],[-122.575,48.78],[-122.64,48.722],[-122.66,48.723],[-122.67,48.743],[-122.65,48.764],[-122.658,48.777],[-122.696,48.801],[-122.705,48.788],[-122.704,48.827],[-122.768,48.874],[-122.768,48.897],[-122.746,48.918],[-122.759,48.936],[-122.808,48.935],[-122.814,48.952],[-122.801,48.962],[-122.732,48.959],[-122.741,48.977],[-122.782,49.017],[-122.823,49.007],[-122.853,49.017],[-122.876,49.037],[-122.868,49.08],[-122.93,49.087],[-123.033,49.051],[-123.049,49.035],[-123.032,48.995],[-123.088,48.972],[-123.1,49.021],[-123.143,49.061],[-123.054,49.123],[-123.041,49.151],[-123.123,49.116],[-123.212,49.13],[-123.2,49.149],[-123.198,49.206],[-123.138,49.196],[-123.236,49.25],[-123.247,49.275],[-123.143,49.28],[-123.162,49.3],[-123.139,49.309],[-123.109,49.289],[-123.039,49.296],[-122.961,49.282],[-122.922,49.3],[-122.892,49.334],[-122.858,49.424],[-122.86,49.45],[-122.878,49.457],[-122.882,49.404],[-122.938,49.326],[-123.021,49.307],[-123.212,49.343],[-123.27,49.335],[-123.294,49.37],[-123.245,49.411],[-123.251,49.523],[-123.218,49.596],[-123.226,49.603],[-123.207,49.622],[-123.212,49.65],[-123.154,49.693],[-123.171,49.705],[-123.247,49.658],[-123.245,49.613],[-123.256,49.593],[-123.328,49.582],[-123.355,49.555],[-123.397,49.558],[-123.503,49.505],[-123.486,49.494],[-123.491,49.473],[-123.473,49.435],[-123.516,49.392],[-123.555,49.39],[-123.781,49.465],[-123.886,49.477],[-123.92,49.507],[-123.975,49.531],[-124.027,49.603],[-124.061,49.631],[-124.064,49.678],[-124.02,49.733],[-123.99,49.745],[-123.939,49.744],[-123.835,49.634],[-123.805,49.529],[-123.777,49.505],[-123.753,49.541],[-123.772,49.575],[-123.76,49.61],[-123.59,49.654],[-123.55,49.675],[-123.534,49.705],[-123.664,49.656],[-123.795,49.644],[-123.884,49.739],[-123.928,49.764],[-123.934,49.783],[-123.882,49.847],[-123.884,49.901],[-123.891,49.921],[-123.945,49.945],[-123.958,49.967],[-123.954,49.99],[-123.878,50.031],[-123.808,50.041],[-123.756,50.103],[-123.828,50.158],[-123.993,50.22],[-123.945,50.172],[-123.881,50.154],[-123.808,50.103],[-123.869,50.055],[-123.993,50.011],[-124.0,49.974],[-123.989,49.934],[-123.911,49.87],[-123.938,49.829],[-123.978,49.809],[-124.001,49.812],[-124.013,49.864],[-124.034,49.883],[-124.023,49.92],[-124.037,49.925],[-124.075,49.87],[-124.048,49.841],[-124.085,49.831],[-124.082,49.808],[-124.274,49.774],[-124.267,49.752],[-124.283,49.747],[-124.327,49.774],[-124.43,49.772],[-124.513,49.798],[-124.532,49.844],[-124.65,49.921],[-124.732,49.954],[-124.829,50.055],[-124.82,50.071],[-124.685,49.986],[-124.704,50.041],[-124.683,50.052],[-124.672,50.083],[-124.705,50.103],[-124.666,50.127],[-124.672,50.144],[-124.628,50.169],[-124.603,50.24],[-124.64,50.294],[-124.713,50.331],[-124.677,50.355],[-124.66,50.392],[-124.6,50.405],[-124.534,50.397],[-124.411,50.446],[-124.349,50.497],[-124.359,50.509],[-124.425,50.466],[-124.504,50.438],[-124.589,50.425],[-124.672,50.431],[-124.75,50.352],[-124.83,50.318],[-124.952,50.328],[-124.963,50.341],[-124.946,50.371],[-124.952,50.392],[-125.0,50.431],[-125.0,50.495],[-124.97,50.501],[-124.953,50.537],[-124.891,50.555],[-124.873,50.576],[-124.864,50.672],[-124.824,50.735],[-124.836,50.754],[-124.906,50.779],[-124.91,50.794],[-124.825,50.87],[-124.787,50.885],[-124.814,50.927],[-124.861,50.927],[-124.87,50.895],[-124.918,50.844],[-124.986,50.808],[-124.956,50.799],[-124.949,50.761],[-124.9,50.735],[-124.925,50.658],[-124.908,50.627],[-124.94,50.598],[-124.959,50.603],[-125.0,50.573]]],[[[-122.743,47.727],[-122.624,47.847],[-122.596,47.847],[-122.592,47.823],[-122.571,47.82],[-122.571,47.857],[-122.613,47.946],[-122.528,47.906],[-122.51,47.833],[-122.49,47.804],[-122.504,47.788],[-122.469,47.768],[-122.473,47.748],[-122.493,47.735],[-122.558,47.74],[-122.565,47.713],[-122.596,47.692],[-122.661,47.73],[-122.628,47.693],[-122.593,47.6],[-122.647,47.6],[-122.682,47.652],[-122.697,47.623],[-122.691,47.6],[-122.942,47.6],[-122.775,47.661],[-122.743,47.727]]],[[[-122.673,48.024],[-122.682,48.007],[-122.718,48.023],[-122.739,48.083],[-122.723,48.076],[-122.716,48.048],[-122.702,48.049],[-122.702,48.064],[-122.729,48.097],[-122.701,48.098],[-122.673,48.024]]],[[[-122.806,48.442],[-122.828,48.417],[-122.89,48.424],[-122.883,48.441],[-122.938,48.458],[-122.937,48.493],[-122.91,48.514],[-122.91,48.547],[-122.877,48.566],[-122.861,48.54],[-122.858,48.473],[-122.836,48.46],[-122.821,48.473],[-122.806,48.442]]],[[[-122.965,48.451],[-123.03,48.454],[-123.065,48.479],[-123.139,48.496],[-123.167,48.544],[-123.178,48.599],[-123.129,48.62],[-122.978,48.531],[-123.02,48.499],[-122.965,48.451]]],[[[-122.703,48.542],[-122.723,48.548],[-122.737,48.577],[-122.715,48.606],[-122.675,48.569],[-122.703,48.542]]],[[[-123.337,48.631],[-123.337,48.648],[-123.28,48.601],[-123.288,48.591],[-123.303,48.597],[-123.337,48.631]]],[[[-122.809,48.611],[-122.841,48.621],[-122.896,48.7],[-122.91,48.688],[-122.91,48.658],[-122.862,48.602],[-122.874,48.594],[-122.933,48.593],[-122.951,48.623],[-122.98,48.639],[-122.997,48.597],[-123.026,48.636],[-122.929,48.708],[-122.858,48.709],[-122.746,48.664],[-122.8,48.63],[-122.809,48.611]]],[[[-122.662,48.67],[-122.717,48.715],[-122.715,48.739],[-122.635,48.683],[-122.613,48.648],[-122.662,48.67]]],[[[-123.25,48.766],[-123.188,48.756],[-123.187,48.736],[-123.257,48.739],[-123.307,48.765],[-123.323,48.813],[-123.287,48.813],[-123.252,48.79],[-123.25,48.766]]],[[[-123.204,48.784],[-123.204,48.809],[-123.224,48.833],[-123.141,48.801],[-123.054,48.796],[-123.042,48.784],[-123.102,48.762],[-123.158,48.763],[-123.204,48.784]]],[[[-123.44,48.722],[-123.496,48.716],[-123.541,48.746],[-123.55,48.771],[-123.534,48.801],[-123.57,48.832],[-123.572,48.85],[-123.547,48.862],[-123.587,48.898],[-123.596,48.952],[-123.582,48.931],[-123.431,48.842],[-123.489,48.862],[-123.496,48.846],[-123.369,48.774],[-123.382,48.756],[-123.408,48.754],[-123.458,48.767],[-123.429,48.738],[-123.44,48.722]]],[[[-123.416,49.337],[-123.429,49.347],[-123.418,49.381],[-123.37,49.411],[-123.315,49.413],[-123.331,49.373],[-123.359,49.343],[-123.416,49.337]]],[[[-123.453,49.508],[-123.418,49.531],[-123.362,49.541],[-123.322,49.486],[-123.324,49.462],[-123.343,49.443],[-123.376,49.438],[-123.367,49.454],[-123.389,49.467],[-123.452,49.445],[-123.453,49.508]]],[[[-122.576,47.6],[-122.58,47.663],[-122.558,47.714],[-122.538,47.715],[-122.511,47.696],[-122.49,47.641],[-122.511,47.628],[-122.495,47.6],[-122.576,47.6]]],[[[-122.347,47.951],[-122.393,47.905],[-122.4,47.919],[-122.435,47.91],[-122.45,47.959],[-122.476,47.987],[-122.518,47.966],[-122.562,47.987],[-122.615,48.075],[-122.6,48.13],[-122.607,48.154],[-122.623,48.163],[-122.668,48.151],[-122.693,48.18],[-122.744,48.206],[-122.751,48.25],[-122.657,48.385],[-122.596,48.402],[-122.578,48.357],[-122.516,48.322],[-122.518,48.294],[-122.546,48.281],[-122.594,48.308],[-122.627,48.267],[-122.641,48.288],[-122.651,48.25],[-122.724,48.234],[-122.71,48.221],[-122.652,48.224],[-122.596,48.205],[-122.581,48.188],[-122.559,48.121],[-122.547,48.017],[-122.536,48.006],[-122.51,48.035],[-122.523,48.057],[-122.514,48.091],[-122.381,48.016],[-122.347,47.951]]]]}},{"type":"Feature","properties":{"layer":"province","code":"WA","name":"Washington","country":"United States of America","subject":false},"geometry":{"type":"MultiPolygon","coordinates":[[[[-122.753,48.993],[-117.038,48.993],[-117.043,47.6],[-122.34,47.6],[-122.359,47.624],[-122.413,47.642],[-122.429,47.66],[-122.381,47.72],[-122.406,47.778],[-122.399,47.814],[-122.34,47.873],[-122.32,47.942],[-122.213,47.987],[-122.207,48.014],[-122.192,48.026],[-122.222,48.038],[-122.238,48.026],[-122.34,48.09],[-122.362,48.123],[-122.376,48.213],[-122.444,48.232],[-122.446,48.202],[-122.467,48.192],[-122.469,48.177],[-122.458,48.144],[-122.384,48.101],[-122.348,48.054],[-122.377,48.06],[-122.51,48.147],[-122.533,48.196],[-122.534,48.25],[-122.446,48.261],[-122.401,48.235],[-122.389,48.24],[-122.391,48.26],[-122.375,48.281],[-122.386,48.304],[-122.479,48.36],[-122.534,48.375],[-122.567,48.41],[-122.552,48.428],[-122.559,48.434],[-122.584,48.438],[-122.616,48.41],[-122.647,48.404],[-122.683,48.43],[-122.663,48.455],[-122.669,48.473],[-122.705,48.486],[-122.702,48.498],[-122.633,48.516],[-122.581,48.458],[-122.581,48.485],[-122.568,48.489],[-122.514,48.453],[-122.489,48.455],[-122.48,48.47],[-122.494,48.529],[-122.516,48.558],[-122.567,48.585],[-122.525,48.583],[-122.468,48.555],[-122.448,48.562],[-122.44,48.581],[-122.458,48.623],[-122.493,48.643],[-122.503,48.685],[-122.525,48.692],[-122.499,48.739],[-122.509,48.756],[-122.575,48.78],[-122.64,48.722],[-122.66,48.723],[-122.67,48.743],[-122.65,48.764],[-122.658,48.777],[-122.696,48.801],[-122.705,48.788],[-122.704,48.827],[-122.768,48.874],[-122.768,48.897],[-122.746,48.918],[-122.759,48.936],[-122.808,48.935],[-122.814,48.952],[-122.777,48.965],[-122.732,48.959],[-122.753,48.993]]],[[[-124.375,47.608],[-124.423,47.742],[-124.477,47.778],[-124.483,47.813],[-124.542,47.834],[-124.568,47.87],[-124.61,47.875],[-124.638,47.908],[-124.683,48.028],[-124.689,48.1],[-124.735,48.17],[-124.7,48.192],[-124.689,48.213],[-124.706,48.246],[-124.682,48.263],[-124.683,48.285],[-124.661,48.32],[-124.718,48.357],[-124.728,48.388],[-124.575,48.37],[-124.399,48.294],[-124.296,48.262],[-124.228,48.259],[-124.111,48.216],[-124.05,48.177],[-123.971,48.166],[-123.789,48.153],[-123.7,48.165],[-123.585,48.135],[-123.552,48.151],[-123.505,48.133],[-123.405,48.139],[-123.453,48.132],[-123.422,48.118],[-123.247,48.115],[-123.15,48.177],[-123.108,48.184],[-123.161,48.152],[-123.112,48.149],[-123.063,48.118],[-123.04,48.085],[-123.045,48.06],[-123.008,48.039],[-122.997,48.039],[-122.999,48.092],[-122.927,48.095],[-122.919,48.07],[-122.887,48.063],[-122.857,48.03],[-122.853,48.01],[-122.873,47.994],[-122.841,48.006],[-122.825,48.035],[-122.877,48.08],[-122.878,48.107],[-122.856,48.125],[-122.77,48.141],[-122.75,48.117],[-122.785,48.103],[-122.792,48.083],[-122.722,47.994],[-122.688,47.973],[-122.678,47.936],[-122.62,47.878],[-122.676,47.862],[-122.75,47.775],[-122.781,47.692],[-122.8,47.68],[-122.828,47.683],[-122.829,47.694],[-122.8,47.777],[-122.806,47.843],[-122.822,47.792],[-122.839,47.782],[-122.856,47.826],[-122.866,47.794],[-122.839,47.747],[-122.862,47.733],[-122.91,47.65],[-122.982,47.6],[-124.375,47.608]]],[[[-122.935,47.603],[-122.764,47.669],[-122.734,47.743],[-122.624,47.847],[-122.596,47.847],[-122.592,47.823],[-122.571,47.82],[-122.571,47.857],[-122.613,47.946],[-122.528,47.906],[-122.51,47.833],[-122.49,47.804],[-122.504,47.788],[-122.469,47.768],[-122.473,47.748],[-122.493,47.735],[-122.558,47.74],[-122.565,47.713],[-122.596,47.692],[-122.661,47.73],[-122.628,47.693],[-122.593,47.6],[-122.647,47.6],[-122.682,47.652],[-122.697,47.623],[-122.691,47.6],[-122.935,47.603]]],[[[-123.035,48.992],[-123.045,48.984],[-123.088,48.972],[-123.091,48.993],[-123.035,48.992]]],[[[-122.495,47.602],[-122.578,47.602],[-122.568,47.63],[-122.58,47.663],[-122.558,47.714],[-122.538,47.715],[-122.511,47.696],[-122.49,47.641],[-122.511,47.628],[-122.495,47.602]]],[[[-122.729,48.097],[-122.701,48.098],[-122.677,48.049],[-122.682,48.007],[-122.718,48.023],[-122.737,48.056],[-122.739,48.083],[-122.729,48.083],[-122.716,48.048],[-122.702,48.049],[-122.712,48.084],[-122.729,48.097]]],[[[-122.381,48.016],[-122.349,47.946],[-122.393,47.905],[-122.4,47.919],[-122.441,47.915],[-122.45,47.959],[-122.476,47.987],[-122.518,47.966],[-122.539,47.972],[-122.58,48.005],[-122.61,48.06],[-122.607,48.154],[-122.623,48.163],[-122.668,48.151],[-122.693,48.18],[-122.744,48.206],[-122.751,48.25],[-122.657,48.385],[-122.596,48.402],[-122.578,48.357],[-122.516,48.322],[-122.518,48.294],[-122.546,48.281],[-122.594,48.308],[-122.627,48.267],[-122.641,48.288],[-122.651,48.25],[-122.724,48.234],[-122.71,48.221],[-122.652,48.224],[-122.596,48.205],[-122.581,48.188],[-122.559,48.121],[-122.547,48.017],[-122.536,48.006],[-122.51,48.035],[-122.523,48.057],[-122.514,48.091],[-122.381,48.016]]],[[[-122.858,48.473],[-122.836,48.46],[-122.821,48.473],[-122.808,48.458],[-122.813,48.427],[-122.828,48.417],[-122.89,48.424],[-122.883,48.441],[-122.938,48.458],[-122.937,48.493],[-122.91,48.514],[-122.917,48.534],[-122.887,48.564],[-122.877,48.566],[-122.861,48.54],[-122.858,48.473]]],[[[-122.678,48.573],[-122.688,48.547],[-122.714,48.542],[-122.735,48.59],[-122.715,48.606],[-122.678,48.573]]],[[[-123.017,48.497],[-122.965,48.451],[-123.03,48.454],[-123.065,48.479],[-123.139,48.496],[-123.167,48.544],[-123.178,48.599],[-123.129,48.62],[-122.978,48.531],[-122.992,48.514],[-123.017,48.511],[-123.017,48.497]]],[[[-122.746,48.664],[-122.821,48.609],[-122.866,48.65],[-122.896,48.7],[-122.91,48.688],[-122.91,48.658],[-122.862,48.602],[-122.874,48.594],[-122.933,48.593],[-122.951,48.623],[-122.98,48.639],[-122.997,48.597],[-123.027,48.627],[-123.021,48.642],[-122.918,48.711],[-122.858,48.709],[-122.746,48.664]]],[[[-122.615,48.659],[-122.62,48.646],[-122.662,48.67],[-122.717,48.715],[-122.715,48.739],[-122.615,48.659]]]]}},{"type":"Feature","properties":{"layer":"province","code":"BC","name":"British Columbia","country":"Canada","subject":false},"geometry":{"type":"MultiPolygon","coordinates":[[[[-114.064,48.993],[-122.753,48.993],[-122.782,49.017],[-122.823,49.007],[-122.853,49.017],[-122.876,49.037],[-122.868,49.08],[-122.907,49.088],[-123.033,49.051],[-123.049,49.035],[-123.035,48.992],[-123.091,48.993],[-123.108,49.034],[-123.143,49.061],[-123.054,49.123],[-123.041,49.151],[-123.123,49.116],[-123.212,49.13],[-123.2,49.149],[-123.198,49.206],[-123.138,49.196],[-123.236,49.25],[-123.247,49.275],[-123.143,49.28],[-123.162,49.3],[-123.139,49.309],[-123.109,49.289],[-123.039,49.296],[-122.961,49.282],[-122.922,49.3],[-122.892,49.334],[-122.856,49.442],[-122.878,49.457],[-122.882,49.404],[-122.938,49.326],[-123.021,49.307],[-123.212,49.343],[-123.27,49.335],[-123.294,49.37],[-123.245,49.411],[-123.251,49.523],[-123.218,49.596],[-123.226,49.603],[-123.207,49.622],[-123.212,49.65],[-123.154,49.693],[-123.171,49.705],[-123.247,49.658],[-123.245,49.613],[-123.256,49.593],[-123.328,49.582],[-123.355,49.555],[-123.397,49.558],[-123.503,49.505],[-123.486,49.494],[-123.491,49.473],[-123.473,49.435],[-123.5,49.4],[-123.534,49.388],[-123.781,49.465],[-123.886,49.477],[-123.92,49.507],[-123.975,49.531],[-124.027,49.603],[-124.061,49.631],[-124.064,49.678],[-124.02,49.733],[-123.99,49.745],[-123.939,49.744],[-123.835,49.634],[-123.805,49.529],[-123.777,49.505],[-123.753,49.541],[-123.772,49.575],[-123.76,49.61],[-123.59,49.654],[-123.55,49.675],[-123.534,49.705],[-123.664,49.656],[-123.795,49.644],[-123.884,49.739],[-123.928,49.764],[-123.934,49.783],[-123.882,49.847],[-123.884,49.901],[-123.891,49.921],[-123.945,49.945],[-123.958,49.967],[-123.954,49.99],[-123.878,50.031],[-123.808,50.041],[-123.755,50.094],[-123.828,50.158],[-123.993,50.22],[-123.945,50.172],[-123.881,50.154],[-123.808,50.103],[-123.869,50.055],[-123.993,50.011],[-124.0,49.974],[-123.989,49.934],[-123.911,49.87],[-123.938,49.829],[-123.978,49.809],[-124.001,49.812],[-124.013,49.864],[-124.034,49.883],[-124.023,49.92],[-124.037,49.925],[-124.075,49.87],[-124.048,49.841],[-124.085,49.831],[-124.082,49.808],[-124.148,49.784],[-124.274,49.774],[-124.267,49.752],[-124.283,49.747],[-124.327,49.774],[-124.404,49.767],[-124.513,49.798],[-124.532,49.844],[-124.65,49.921],[-124.732,49.954],[-124.822,50.04],[-124.82,50.071],[-124.685,49.986],[-124.704,50.041],[-124.683,50.052],[-124.672,50.083],[-124.705,50.103],[-124.666,50.127],[-124.672,50.144],[-124.628,50.169],[-124.603,50.24],[-124.64,50.294],[-124.713,50.331],[-124.677,50.355],[-124.66,50.392],[-124.6,50.405],[-124.534,50.397],[-124.411,50.446],[-124.349,50.497],[-124.359,50.509],[-124.425,50.466],[-124.504,50.438],[-124.589,50.425],[-124.672,50.431],[-124.75,50.352],[-124.83,50.318],[-124.952,50.328],[-124.963,50.341],[-124.946,50.371],[-124.952,50.392],[-125.0,50.431],[-125.0,50.495],[-124.97,50.501],[-124.953,50.537],[-124.891,50.555],[-124.873,50.576],[-124.864,50.672],[-124.824,50.735],[-124.836,50.754],[-124.906,50.779],[-124.91,50.794],[-124.825,50.87],[-124.787,50.885],[-124.814,50.927],[-124.861,50.927],[-124.87,50.895],[-124.918,50.844],[-124.986,50.808],[-124.956,50.799],[-124.949,50.761],[-124.9,50.735],[-124.925,50.658],[-124.908,50.627],[-124.94,50.598],[-124.959,50.603],[-125.0,50.573],[-125.0,60.0],[-120.0,60.0],[-120.001,53.823],[-119.981,53.791],[-119.904,53.775],[-119.921,53.73],[-119.915,53.716],[-119.855,53.698],[-119.808,53.705],[-119.737,53.642],[-119.732,53.623],[-119.754,53.605],[-119.794,53.603],[-119.927,53.615],[-119.931,53.605],[-119.887,53.567],[-119.905,53.522],[-119.883,53.507],[-119.827,53.508],[-119.742,53.4],[-119.642,53.354],[-119.606,53.378],[-119.476,53.357],[-119.393,53.364],[-119.354,53.283],[-119.263,53.198],[-119.156,53.182],[-119.126,53.161],[-119.029,53.135],[-119.015,53.142],[-119.026,53.176],[-118.997,53.236],[-118.963,53.233],[-118.85,53.183],[-118.751,53.115],[-118.78,53.068],[-118.777,53.053],[-118.726,53.061],[-118.712,53.039],[-118.672,53.034],[-118.663,53.016],[-118.674,52.966],[-118.637,52.93],[-118.624,52.887],[-118.605,52.878],[-118.498,52.9],[-118.483,52.893],[-118.471,52.862],[-118.421,52.84],[-118.432,52.791],[-118.355,52.748],[-118.306,52.677],[-118.317,52.654],[-118.352,52.628],[-118.348,52.616],[-118.329,52.588],[-118.279,52.559],[-118.276,52.516],[-118.207,52.482],[-118.209,52.471],[-118.259,52.445],[-118.227,52.37],[-118.211,52.367],[-118.156,52.396],[-118.043,52.408],[-118.045,52.445],[-118.012,52.485],[-117.992,52.485],[-117.891,52.425],[-117.802,52.416],[-117.736,52.391],[-117.727,52.373],[-117.742,52.33],[-117.822,52.28],[-117.822,52.263],[-117.754,52.2],[-117.664,52.181],[-117.591,52.13],[-117.493,52.15],[-117.376,52.134],[-117.346,52.148],[-117.332,52.182],[-117.319,52.182],[-117.27,52.045],[-117.185,51.988],[-117.112,51.965],[-117.047,51.915],[-117.027,51.855],[-116.994,51.835],[-116.938,51.72],[-116.888,51.706],[-116.823,51.713],[-116.807,51.729],[-116.818,51.748],[-116.764,51.792],[-116.672,51.806],[-116.651,51.789],[-116.646,51.758],[-116.596,51.709],[-116.593,51.665],[-116.576,51.644],[-116.495,51.617],[-116.461,51.569],[-116.405,51.547],[-116.388,51.495],[-116.296,51.451],[-116.3,51.379],[-116.277,51.36],[-116.275,51.334],[-116.257,51.314],[-116.166,51.299],[-116.146,51.263],[-116.051,51.241],[-116.028,51.22],[-116.018,51.142],[-115.977,51.115],[-115.904,51.087],[-115.779,51.073],[-115.757,51.034],[-115.695,51.018],[-115.659,50.979],[-115.62,50.97],[-115.603,50.93],[-115.572,50.9],[-115.633,50.884],[-115.647,50.852],[-115.573,50.835],[-115.542,50.8],[-115.484,50.781],[-115.464,50.761],[-115.419,50.754],[-115.391,50.716],[-115.357,50.733],[-115.335,50.725],[-115.287,50.666],[-115.288,50.656],[-115.316,50.649],[-115.313,50.636],[-115.239,50.582],[-115.221,50.55],[-115.188,50.548],[-115.159,50.579],[-115.096,50.589],[-115.0,50.563],[-114.856,50.408],[-114.775,50.354],[-114.79,50.328],[-114.76,50.288],[-114.754,50.242],[-114.733,50.203],[-114.724,50.126],[-114.685,50.076],[-114.661,50.064],[-114.66,50.015],[-114.643,49.973],[-114.683,49.959],[-114.686,49.907],[-114.638,49.827],[-114.625,49.78],[-114.65,49.759],[-114.636,49.73],[-114.666,49.697],[-114.681,49.636],[-114.731,49.618],[-114.744,49.588],[-114.689,49.547],[-114.623,49.543],[-114.576,49.556],[-114.564,49.539],[-114.598,49.444],[-114.578,49.395],[-114.47,49.334],[-114.426,49.264],[-114.38,49.258],[-114.372,49.25],[-114.388,49.23],[-114.376,49.205],[-114.225,49.186],[-114.154,49.148],[-114.157,49.104],[-114.132,49.08],[-114.104,49.06],[-114.048,49.049],[-114.037,49.034],[-114.064,48.993]]],[[[-125.0,50.416],[-124.991,50.384],[-125.0,50.358],[-125.0,50.416]]],[[[-123.283,48.611],[-123.288,48.591],[-123.303,48.597],[-123.337,48.631],[-123.337,48.648],[-123.283,48.611]]],[[[-123.382,48.756],[-123.458,48.767],[-123.428,48.73],[-123.482,48.712],[-123.531,48.734],[-123.55,48.771],[-123.534,48.801],[-123.57,48.832],[-123.572,48.85],[-123.547,48.862],[-123.587,48.898],[-123.596,48.952],[-123.582,48.931],[-123.431,48.842],[-123.489,48.862],[-123.5,48.849],[-123.369,48.774],[-123.382,48.756]]],[[[-123.531,48.942],[-123.698,49.082],[-123.697,49.109],[-123.547,48.976],[-123.472,48.938],[-123.334,48.903],[-123.322,48.897],[-123.317,48.87],[-123.369,48.862],[-123.395,48.872],[-123.437,48.904],[-123.531,48.942]]],[[[-123.704,49.156],[-123.697,49.137],[-123.706,49.133],[-123.777,49.133],[-123.843,49.151],[-123.862,49.164],[-123.87,49.19],[-123.834,49.201],[-123.769,49.169],[-123.704,49.156]]],[[[-123.337,49.365],[-123.376,49.337],[-123.429,49.347],[-123.418,49.381],[-123.37,49.411],[-123.326,49.42],[-123.315,49.413],[-123.337,49.365]]],[[[-124.172,49.464],[-124.186,49.447],[-124.297,49.458],[-124.361,49.48],[-124.356,49.49],[-124.379,49.507],[-124.355,49.522],[-124.251,49.504],[-124.172,49.464]]],[[[-123.452,49.445],[-123.453,49.508],[-123.373,49.542],[-123.322,49.486],[-123.324,49.462],[-123.343,49.443],[-123.376,49.438],[-123.367,49.454],[-123.389,49.467],[-123.433,49.446],[-123.452,49.445]]],[[[-124.684,49.549],[-124.594,49.522],[-124.625,49.523],[-124.663,49.494],[-124.704,49.521],[-124.703,49.538],[-124.684,49.549]]],[[[-124.694,49.491],[-124.702,49.479],[-124.746,49.488],[-124.825,49.54],[-124.839,49.557],[-124.836,49.598],[-124.827,49.603],[-124.792,49.58],[-124.716,49.499],[-124.694,49.491]]],[[[-124.136,49.657],[-124.164,49.66],[-124.205,49.705],[-124.133,49.754],[-124.103,49.747],[-124.09,49.77],[-124.02,49.781],[-124.075,49.741],[-124.109,49.678],[-124.136,49.657]]],[[[-124.664,49.747],[-124.658,49.801],[-124.633,49.802],[-124.562,49.754],[-124.348,49.704],[-124.27,49.616],[-124.173,49.554],[-124.123,49.5],[-124.143,49.489],[-124.162,49.496],[-124.378,49.603],[-124.439,49.612],[-124.439,49.631],[-124.473,49.672],[-124.614,49.716],[-124.664,49.747]]],[[[-125.0,50.167],[-124.98,50.189],[-125.0,50.233],[-124.929,50.169],[-124.917,50.145],[-124.926,50.128],[-124.891,50.069],[-124.963,50.049],[-124.986,50.014],[-125.0,50.017],[-125.0,50.167]]],[[[-124.913,50.194],[-124.965,50.249],[-124.917,50.303],[-124.816,50.274],[-124.816,50.212],[-124.766,50.189],[-124.754,50.168],[-124.832,50.117],[-124.869,50.166],[-124.829,50.185],[-124.84,50.198],[-124.913,50.194]]],[[[-124.808,50.232],[-124.773,50.289],[-124.725,50.305],[-124.661,50.263],[-124.651,50.224],[-124.665,50.191],[-124.716,50.162],[-124.731,50.168],[-124.743,50.204],[-124.709,50.26],[-124.713,50.286],[-124.727,50.291],[-124.727,50.266],[-124.757,50.219],[-124.808,50.232]]],[[[-123.346,48.523],[-123.281,48.448],[-123.302,48.414],[-123.357,48.401],[-123.437,48.445],[-123.48,48.392],[-123.511,48.381],[-123.52,48.355],[-123.555,48.328],[-123.551,48.313],[-123.595,48.31],[-123.596,48.328],[-123.654,48.314],[-123.734,48.351],[-123.891,48.367],[-124.438,48.526],[-124.391,48.561],[-124.401,48.565],[-124.445,48.568],[-124.486,48.54],[-124.665,48.573],[-124.769,48.615],[-124.816,48.647],[-125.0,48.702],[-125.0,48.944],[-124.918,48.972],[-124.847,49.02],[-124.779,49.152],[-124.808,49.247],[-124.829,49.225],[-124.828,49.12],[-124.87,49.075],[-124.888,49.014],[-125.0,48.987],[-125.0,49.805],[-124.873,49.713],[-124.876,49.677],[-124.973,49.685],[-124.976,49.668],[-124.918,49.631],[-124.838,49.517],[-124.808,49.507],[-124.795,49.473],[-124.773,49.461],[-124.724,49.465],[-124.668,49.443],[-124.596,49.391],[-124.36,49.357],[-124.32,49.335],[-124.208,49.308],[-124.175,49.315],[-124.109,49.28],[-124.163,49.272],[-124.178,49.26],[-124.165,49.255],[-124.123,49.26],[-123.955,49.229],[-123.946,49.208],[-123.964,49.203],[-123.931,49.144],[-123.828,49.13],[-123.757,49.042],[-123.751,49.028],[-123.774,49.021],[-123.765,48.988],[-123.78,48.986],[-123.816,49.013],[-123.835,49.0],[-123.58,48.822],[-123.602,48.797],[-123.568,48.794],[-123.573,48.746],[-123.618,48.763],[-123.651,48.753],[-123.561,48.712],[-123.527,48.678],[-123.541,48.636],[-123.514,48.595],[-123.541,48.555],[-123.535,48.54],[-123.472,48.575],[-123.479,48.636],[-123.437,48.65],[-123.472,48.672],[-123.472,48.685],[-123.417,48.691],[-123.399,48.682],[-123.393,48.63],[-123.346,48.523]]],[[[-123.299,48.816],[-123.252,48.79],[-123.25,48.766],[-123.188,48.756],[-123.187,48.736],[-123.257,48.739],[-123.307,48.765],[-123.323,48.813],[-123.299,48.816]]],[[[-123.102,48.762],[-123.158,48.763],[-123.204,48.784],[-123.204,48.809],[-123.224,48.833],[-123.141,48.801],[-123.044,48.789],[-123.102,48.762]]]]}},{"type":"Feature","properties":{"layer":"province","code":"ID","name":"Idaho","country":"United States of America","subject":false},"geometry":{"type":"Polygon","coordinates":[[[-117.038,48.993],[-116.048,48.993],[-116.049,48.004],[-115.937,47.894],[-115.855,47.844],[-115.821,47.776],[-115.725,47.708],[-115.718,47.661],[-115.678,47.6],[-117.043,47.6],[-117.038,48.993]]]}},{"type":"Feature","properties":{"layer":"province","code":"MT","name":"Montana","country":"United States of America","subject":false},"geometry":{"type":"Polygon","coordinates":[[[-116.048,48.993],[-104.048,48.993],[-104.046,47.6],[-115.678,47.6],[-115.718,47.661],[-115.725,47.708],[-115.821,47.776],[-115.855,47.844],[-115.937,47.894],[-116.049,48.004],[-116.048,48.993]]]}},{"type":"Feature","properties":{"layer":"province","code":"AB","name":"Alberta","country":"Canada","subject":true},"geometry":{"type":"Polygon","coordinates":[[[-109.999,48.993],[-114.064,48.993],[-114.037,49.034],[-114.048,49.049],[-114.104,49.06],[-114.148,49.094],[-114.16,49.117],[-114.154,49.148],[-114.225,49.186],[-114.376,49.205],[-114.388,49.23],[-114.372,49.25],[-114.38,49.258],[-114.426,49.264],[-114.47,49.334],[-114.578,49.395],[-114.598,49.444],[-114.564,49.539],[-114.576,49.556],[-114.623,49.543],[-114.689,49.547],[-114.744,49.588],[-114.731,49.618],[-114.681,49.636],[-114.666,49.697],[-114.636,49.73],[-114.65,49.759],[-114.625,49.78],[-114.638,49.827],[-114.686,49.907],[-114.683,49.959],[-114.643,49.973],[-114.66,50.015],[-114.661,50.064],[-114.685,50.076],[-114.724,50.126],[-114.733,50.203],[-114.754,50.242],[-114.76,50.288],[-114.79,50.328],[-114.775,50.354],[-114.856,50.408],[-115.0,50.563],[-115.096,50.589],[-115.159,50.579],[-115.188,50.548],[-115.221,50.55],[-115.239,50.582],[-115.313,50.636],[-115.316,50.649],[-115.288,50.656],[-115.287,50.666],[-115.335,50.725],[-115.357,50.733],[-115.391,50.716],[-115.419,50.754],[-115.464,50.761],[-115.484,50.781],[-115.542,50.8],[-115.573,50.835],[-115.647,50.852],[-115.633,50.884],[-115.572,50.9],[-115.603,50.93],[-115.62,50.97],[-115.659,50.979],[-115.695,51.018],[-115.757,51.034],[-115.779,51.073],[-115.904,51.087],[-115.977,51.115],[-116.018,51.142],[-116.028,51.22],[-116.051,51.241],[-116.146,51.263],[-116.166,51.299],[-116.257,51.314],[-116.275,51.334],[-116.277,51.36],[-116.3,51.379],[-116.296,51.451],[-116.388,51.495],[-116.405,51.547],[-116.461,51.569],[-116.495,51.617],[-116.576,51.644],[-116.593,51.665],[-116.596,51.709],[-116.646,51.758],[-116.651,51.789],[-116.672,51.806],[-116.764,51.792],[-116.818,51.748],[-116.807,51.729],[-116.823,51.713],[-116.888,51.706],[-116.938,51.72],[-116.994,51.835],[-117.027,51.855],[-117.047,51.915],[-117.112,51.965],[-117.185,51.988],[-117.27,52.045],[-117.319,52.182],[-117.332,52.182],[-117.346,52.148],[-117.376,52.134],[-117.493,52.15],[-117.591,52.13],[-117.664,52.181],[-117.754,52.2],[-117.822,52.263],[-117.822,52.28],[-117.742,52.33],[-117.727,52.373],[-117.736,52.391],[-117.802,52.416],[-117.891,52.425],[-117.992,52.485],[-118.012,52.485],[-118.045,52.445],[-118.043,52.408],[-118.156,52.396],[-118.211,52.367],[-118.227,52.37],[-118.259,52.445],[-118.209,52.471],[-118.207,52.482],[-118.276,52.516],[-118.279,52.559],[-118.329,52.588],[-118.348,52.616],[-118.352,52.628],[-118.317,52.654],[-118.306,52.677],[-118.355,52.748],[-118.432,52.791],[-118.421,52.84],[-118.471,52.862],[-118.483,52.893],[-118.498,52.9],[-118.605,52.878],[-118.624,52.887],[-118.637,52.93],[-118.674,52.966],[-118.663,53.016],[-118.672,53.034],[-118.712,53.039],[-118.726,53.061],[-118.777,53.053],[-118.78,53.068],[-118.751,53.115],[-118.85,53.183],[-118.963,53.233],[-118.997,53.236],[-119.026,53.176],[-119.015,53.142],[-119.029,53.135],[-119.126,53.161],[-119.156,53.182],[-119.263,53.198],[-119.354,53.283],[-119.393,53.364],[-119.476,53.357],[-119.606,53.378],[-119.642,53.354],[-119.742,53.4],[-119.827,53.508],[-119.883,53.507],[-119.905,53.522],[-119.887,53.567],[-119.931,53.605],[-119.927,53.615],[-119.794,53.603],[-119.754,53.605],[-119.732,53.623],[-119.737,53.642],[-119.808,53.705],[-119.855,53.698],[-119.915,53.716],[-119.921,53.73],[-119.904,53.775],[-119.981,53.791],[-120.001,53.823],[-120.0,60.0],[-110.0,60.0],[-109.999,48.993]]]}},{"type":"Feature","properties":{"layer":"province","code":"SK","name":"Saskatchewan","country":"Canada","subject":true},"geometry":{"type":"Polygon","coordinates":[[[-101.364,48.993],[-109.999,48.993],[-110.0,60.0],[-102.002,60.0],[-102.001,55.816],[-101.364,48.993]]]}},{"type":"Feature","properties":{"layer":"province","code":"ND","name":"North Dakota","country":"United States of America","subject":false},"geometry":{"type":"Polygon","coordinates":[[[-104.048,48.993],[-97.226,48.993],[-97.229,48.969],[-97.141,48.75],[-97.109,48.699],[-97.101,48.651],[-97.148,48.576],[-97.157,48.534],[-97.123,48.429],[-97.144,48.376],[-97.115,48.281],[-97.13,48.212],[-97.122,48.133],[-97.035,47.952],[-97.0,47.924],[-97.015,47.9],[-96.986,47.828],[-96.99,47.811],[-96.952,47.78],[-96.894,47.679],[-96.877,47.616],[-96.856,47.6],[-104.046,47.6],[-104.048,48.993]]]}},{"type":"Feature","properties":{"layer":"province","code":"MB","name":"Manitoba","country":"Canada","subject":false},"geometry":{"type":"Polygon","coordinates":[[[-96.0,48.993],[-101.364,48.993],[-102.001,55.816],[-102.002,60.0],[-96.0,60.0],[-96.0,48.993]]]}},{"type":"Feature","properties":{"layer":"province","code":"MN","name":"Minnesota","country":"United States of America","subject":false},"geometry":{"type":"Polygon","coordinates":[[[-97.226,48.993],[-96.0,48.993],[-96.0,47.6],[-96.856,47.6],[-96.877,47.616],[-96.894,47.679],[-96.944,47.767],[-96.99,47.811],[-96.986,47.828],[-97.015,47.9],[-97.0,47.924],[-97.035,47.952],[-97.13,48.171],[-97.115,48.281],[-97.144,48.376],[-97.123,48.429],[-97.157,48.534],[-97.148,48.576],[-97.101,48.651],[-97.109,48.699],[-97.141,48.75],[-97.229,48.969],[-97.226,48.993]]]}},{"type":"Feature","properties":{"layer":"province","code":"YT","name":"Yukon","country":"Canada","subject":false},"geometry":{"type":"Polygon","coordinates":[[[-124.997,60.86],[-124.869,60.863],[-124.869,60.926],[-124.806,60.968],[-124.747,60.955],[-124.599,60.965],[-124.566,60.939],[-124.534,60.855],[-124.479,60.788],[-124.504,60.762],[-124.603,60.718],[-124.62,60.682],[-124.579,60.64],[-124.457,60.569],[-124.416,60.479],[-124.282,60.484],[-124.216,60.461],[-124.206,60.431],[-124.213,60.374],[-124.196,60.33],[-124.103,60.217],[-124.014,60.153],[-123.981,60.098],[-124.026,60.042],[-124.026,60.02],[-123.865,60.038],[-123.819,60.0],[-125.0,60.0],[-124.997,60.86]]]}},{"type":"Feature","properties":{"layer":"province","code":"NU","name":"Nunavut","country":"Canada","subject":false},"geometry":{"type":"Polygon","coordinates":[[[-96.0,60.0],[-102.002,60.0],[-102.003,61.4],[-96.0,61.4],[-96.0,60.0]]]}},{"type":"Feature","properties":{"layer":"province","code":"NT","name":"Northwest Territories","country":"Canada","subject":false},"geometry":{"type":"Polygon","coordinates":[[[-102.003,61.4],[-102.002,60.0],[-123.819,60.0],[-123.865,60.038],[-124.026,60.02],[-124.026,60.042],[-123.981,60.098],[-124.014,60.153],[-124.103,60.217],[-124.196,60.33],[-124.213,60.374],[-124.206,60.431],[-124.216,60.461],[-124.282,60.484],[-124.416,60.479],[-124.457,60.569],[-124.579,60.64],[-124.62,60.682],[-124.603,60.718],[-124.504,60.762],[-124.479,60.788],[-124.534,60.855],[-124.566,60.939],[-124.599,60.965],[-124.747,60.955],[-124.806,60.968],[-124.869,60.926],[-124.869,60.863],[-125.0,60.86],[-125.0,61.4],[-102.003,61.4]]]}},{"type":"Feature","properties":{"layer":"lake","name":"Great Slave Lake"},"geometry":{"type":"MultiPolygon","coordinates":[[[[-112.957,61.389],[-113.007,61.394],[-113.012,61.4],[-112.921,61.4],[-112.957,61.389]]],[[[-113.411,61.399],[-113.509,61.383],[-113.532,61.372],[-113.529,61.348],[-113.587,61.345],[-113.69,61.297],[-113.71,61.263],[-113.693,61.225],[-113.7,61.218],[-113.673,61.197],[-113.736,61.178],[-113.748,61.163],[-113.655,61.163],[-113.626,61.14],[-113.632,61.094],[-113.687,61.04],[-113.762,61.006],[-114.043,60.97],[-114.09,60.993],[-114.185,60.999],[-114.216,61.018],[-114.432,60.953],[-114.545,60.941],[-114.577,60.923],[-114.67,60.914],[-114.703,60.9],[-114.796,60.931],[-114.881,60.906],[-115.181,60.871],[-115.263,60.848],[-115.543,60.835],[-115.677,60.862],[-115.943,60.844],[-116.006,60.85],[-116.118,60.886],[-116.399,60.942],[-116.472,60.984],[-116.503,60.986],[-116.499,61.019],[-116.537,61.033],[-116.636,61.012],[-116.674,61.027],[-116.707,61.021],[-116.746,61.047],[-117.079,61.047],[-117.2,61.063],[-117.304,61.109],[-117.383,61.181],[-117.457,61.199],[-117.507,61.263],[-117.596,61.271],[-117.688,61.307],[-117.606,61.307],[-117.041,61.15],[-116.763,61.225],[-116.702,61.225],[-116.798,61.291],[-116.794,61.317],[-116.753,61.333],[-116.541,61.321],[-116.42,61.273],[-116.206,61.273],[-116.181,61.266],[-116.177,61.245],[-116.091,61.226],[-115.995,61.182],[-115.955,61.178],[-115.934,61.197],[-115.961,61.204],[-115.962,61.225],[-116.009,61.227],[-116.023,61.239],[-115.876,61.275],[-115.852,61.311],[-115.903,61.325],[-115.925,61.347],[-116.064,61.376],[-116.033,61.393],[-115.961,61.4],[-113.411,61.399]],[[-116.461,61.122],[-116.466,61.135],[-116.554,61.14],[-116.696,61.192],[-116.844,61.176],[-116.896,61.154],[-116.907,61.122],[-116.886,61.104],[-116.743,61.068],[-116.654,61.085],[-116.539,61.084],[-116.51,61.109],[-116.461,61.122]]]]}},{"type":"Feature","properties":{"layer":"lake","name":"Lake Winnipeg"},"geometry":{"type":"Polygon","coordinates":[[[-96.263,51.222],[-96.264,51.205],[-96.336,51.196],[-96.362,51.164],[-96.308,51.117],[-96.384,51.121],[-96.42,51.101],[-96.391,51.009],[-96.35,50.776],[-96.35,50.753],[-96.38,50.714],[-96.294,50.624],[-96.424,50.63],[-96.48,50.662],[-96.52,50.732],[-96.535,50.733],[-96.562,50.713],[-96.558,50.67],[-96.597,50.661],[-96.582,50.583],[-96.616,50.542],[-96.567,50.481],[-96.568,50.465],[-96.605,50.429],[-96.65,50.4],[-96.709,50.388],[-96.77,50.388],[-96.918,50.429],[-96.97,50.559],[-96.938,50.603],[-96.973,50.624],[-96.987,50.703],[-96.973,50.781],[-96.946,50.829],[-96.977,50.888],[-96.91,50.998],[-96.939,51.025],[-96.944,51.049],[-96.925,51.063],[-96.921,51.094],[-96.869,51.096],[-96.845,51.114],[-96.828,51.172],[-96.756,51.237],[-96.671,51.261],[-96.612,51.345],[-96.63,51.352],[-96.688,51.336],[-96.706,51.343],[-96.698,51.363],[-96.734,51.367],[-96.774,51.343],[-96.798,51.293],[-96.893,51.212],[-96.952,51.186],[-96.982,51.189],[-96.989,51.21],[-96.979,51.265],[-96.908,51.328],[-96.932,51.343],[-96.87,51.415],[-96.827,51.437],[-96.802,51.489],[-96.762,51.511],[-96.745,51.535],[-96.726,51.583],[-96.734,51.613],[-96.779,51.6],[-96.802,51.611],[-96.775,51.646],[-96.782,51.67],[-96.828,51.678],[-96.825,51.721],[-96.856,51.734],[-96.899,51.725],[-96.971,51.683],[-97.096,51.659],[-97.09,51.642],[-97.101,51.621],[-97.138,51.59],[-97.12,51.518],[-97.204,51.453],[-97.238,51.437],[-97.269,51.44],[-97.288,51.474],[-97.275,51.546],[-97.301,51.58],[-97.296,51.645],[-97.221,51.807],[-97.24,51.87],[-97.336,52.008],[-97.335,52.04],[-97.372,52.053],[-97.421,52.041],[-97.521,51.987],[-97.539,51.925],[-97.584,51.924],[-97.569,51.967],[-97.61,51.994],[-97.586,52.023],[-97.541,52.038],[-97.479,52.131],[-97.548,52.138],[-97.651,52.104],[-97.672,52.113],[-97.689,52.148],[-97.761,52.131],[-97.778,52.102],[-97.763,52.087],[-97.712,52.084],[-97.774,52.002],[-97.778,51.965],[-97.805,51.929],[-97.805,51.914],[-97.754,51.87],[-97.78,51.863],[-97.878,51.889],[-97.929,51.912],[-97.918,51.925],[-97.931,51.932],[-97.963,51.925],[-98.032,51.946],[-98.049,52.087],[-98.06,52.11],[-98.137,52.138],[-98.132,52.193],[-98.145,52.234],[-98.202,52.295],[-98.325,52.321],[-98.416,52.365],[-98.466,52.433],[-98.47,52.504],[-98.609,52.578],[-98.662,52.636],[-98.72,52.652],[-98.738,52.677],[-98.802,52.714],[-98.83,52.758],[-98.817,52.791],[-98.891,52.844],[-98.908,52.893],[-98.891,52.924],[-98.733,52.979],[-98.522,53.005],[-98.446,53.041],[-98.439,53.056],[-98.697,53.072],[-98.782,53.091],[-98.819,53.039],[-98.837,53.032],[-98.925,53.07],[-99.012,53.04],[-99.042,53.05],[-99.083,53.118],[-99.139,53.138],[-99.165,53.17],[-99.193,53.174],[-99.206,53.192],[-99.251,53.19],[-99.253,53.208],[-99.206,53.269],[-99.227,53.275],[-99.206,53.303],[-99.214,53.324],[-99.193,53.378],[-99.145,53.413],[-99.094,53.43],[-99.077,53.458],[-99.073,53.474],[-99.088,53.487],[-99.027,53.58],[-99.056,53.604],[-98.973,53.701],[-99.01,53.771],[-99.005,53.787],[-98.955,53.814],[-98.961,53.857],[-98.924,53.88],[-98.833,53.899],[-98.744,53.89],[-98.705,53.871],[-98.692,53.838],[-98.654,53.851],[-98.377,53.857],[-98.277,53.84],[-98.067,53.766],[-98.045,53.752],[-98.014,53.701],[-97.99,53.692],[-97.885,53.706],[-97.879,53.72],[-97.905,53.749],[-98.032,53.777],[-98.09,53.838],[-98.242,53.886],[-98.274,53.92],[-98.288,53.976],[-98.318,53.992],[-98.28,54.063],[-98.233,54.095],[-98.206,54.178],[-98.149,54.235],[-98.154,54.259],[-98.107,54.312],[-98.039,54.356],[-98.03,54.409],[-97.993,54.414],[-97.912,54.362],[-97.921,54.344],[-97.993,54.324],[-97.979,54.313],[-97.799,54.318],[-97.822,54.284],[-97.886,54.248],[-98.149,54.187],[-98.158,54.125],[-98.178,54.088],[-98.151,54.054],[-98.234,54.016],[-98.099,53.929],[-98.068,53.926],[-98.038,53.944],[-98.049,53.968],[-98.031,53.988],[-97.91,54.042],[-97.836,54.025],[-97.772,54.078],[-97.737,54.091],[-97.726,54.05],[-97.773,54.001],[-97.891,53.982],[-97.969,53.985],[-97.98,53.964],[-97.963,53.927],[-97.932,53.899],[-97.957,53.874],[-97.954,53.863],[-97.902,53.834],[-97.882,53.779],[-97.815,53.721],[-97.821,53.709],[-97.809,53.691],[-97.833,53.615],[-97.792,53.575],[-97.72,53.536],[-97.665,53.481],[-97.673,53.412],[-97.592,53.367],[-97.579,53.336],[-97.589,53.3],[-97.559,53.265],[-97.517,53.248],[-97.419,53.174],[-97.446,53.142],[-97.419,53.111],[-97.427,53.088],[-97.41,53.049],[-97.333,53.019],[-97.338,53.002],[-97.384,52.987],[-97.391,52.968],[-97.435,52.964],[-97.435,52.947],[-97.377,52.899],[-97.405,52.872],[-97.358,52.831],[-97.309,52.755],[-97.242,52.724],[-97.198,52.684],[-97.198,52.639],[-97.151,52.589],[-97.103,52.488],[-97.099,52.44],[-97.042,52.422],[-97.032,52.405],[-97.055,52.385],[-97.028,52.354],[-97.069,52.33],[-97.0,52.276],[-97.009,52.251],[-97.089,52.241],[-97.036,52.193],[-97.011,52.141],[-96.952,52.097],[-96.966,52.08],[-96.96,52.07],[-96.869,52.015],[-96.825,51.967],[-96.821,51.959],[-96.867,51.893],[-96.863,51.867],[-96.787,51.864],[-96.715,51.827],[-96.681,51.778],[-96.751,51.762],[-96.787,51.768],[-96.783,51.758],[-96.541,51.543],[-96.579,51.494],[-96.542,51.479],[-96.479,51.391],[-96.455,51.387],[-96.445,51.359],[-96.429,51.35],[-96.371,51.338],[-96.263,51.222]],[[-96.599,51.2],[-96.694,51.206],[-96.714,51.192],[-96.768,51.086],[-96.842,51.061],[-96.85,51.042],[-96.832,51.013],[-96.786,51.012],[-96.692,51.042],[-96.662,51.071],[-96.599,51.2]],[[-96.335,51.241],[-96.336,51.262],[-96.442,51.261],[-96.548,51.214],[-96.568,51.199],[-96.571,51.18],[-96.394,51.204],[-96.335,51.241]],[[-97.083,51.747],[-97.106,51.763],[-97.15,51.747],[-97.163,51.68],[-97.205,51.602],[-97.159,51.621],[-97.133,51.694],[-97.083,51.747]],[[-97.219,52.337],[-97.226,52.358],[-97.258,52.365],[-97.305,52.35],[-97.344,52.321],[-97.35,52.289],[-97.333,52.276],[-97.278,52.289],[-97.219,52.337]],[[-97.898,52.375],[-97.925,52.399],[-97.918,52.454],[-97.959,52.542],[-98.002,52.535],[-98.019,52.517],[-98.025,52.484],[-98.008,52.458],[-98.014,52.439],[-98.045,52.453],[-98.055,52.433],[-98.022,52.362],[-97.97,52.317],[-97.966,52.296],[-97.907,52.32],[-97.898,52.375]]]}},{"type":"Feature","properties":{"layer":"lake","name":""},"geometry":{"type":"MultiPolygon","coordinates":[[[[-100.261,53.624],[-100.269,53.626],[-100.269,53.626],[-100.261,53.624]]],[[[-100.284,53.655],[-100.379,53.77],[-100.453,53.789],[-100.466,53.803],[-100.462,53.819],[-100.184,53.907],[-100.173,53.917],[-100.182,53.936],[-100.241,53.906],[-100.296,53.906],[-100.325,53.887],[-100.357,53.898],[-100.426,53.865],[-100.468,53.899],[-100.514,53.905],[-100.521,53.938],[-100.488,53.961],[-100.459,53.966],[-100.368,53.951],[-100.338,53.924],[-100.255,53.956],[-100.314,53.989],[-100.33,54.03],[-100.265,54.088],[-100.392,54.194],[-100.34,54.241],[-100.311,54.239],[-100.243,54.18],[-100.226,54.186],[-100.231,54.206],[-100.198,54.252],[-100.125,54.269],[-100.132,54.256],[-100.114,54.228],[-99.987,54.194],[-100.009,54.167],[-99.953,54.168],[-99.945,54.2],[-99.925,54.208],[-99.886,54.2],[-99.836,54.209],[-99.795,54.191],[-99.953,54.126],[-100.102,54.109],[-100.128,54.1],[-100.171,54.053],[-100.201,54.064],[-100.232,54.047],[-100.248,54.012],[-100.237,53.998],[-100.119,54.009],[-100.128,53.969],[-100.051,53.961],[-100.039,53.949],[-100.058,53.921],[-100.119,53.913],[-100.183,53.881],[-100.152,53.858],[-100.115,53.803],[-100.094,53.796],[-100.08,53.834],[-100.035,53.858],[-99.974,53.858],[-99.858,53.926],[-99.819,53.911],[-99.726,54.021],[-99.665,54.055],[-99.607,54.063],[-99.618,54.023],[-99.584,54.016],[-99.587,53.991],[-99.698,53.937],[-99.706,53.892],[-99.727,53.872],[-99.713,53.858],[-99.72,53.829],[-99.761,53.783],[-99.799,53.787],[-99.848,53.83],[-99.851,53.858],[-99.868,53.856],[-99.931,53.818],[-99.94,53.79],[-99.899,53.766],[-99.928,53.74],[-100.005,53.749],[-100.018,53.704],[-100.123,53.669],[-100.194,53.694],[-100.203,53.689],[-100.173,53.66],[-100.258,53.642],[-100.269,53.626],[-100.286,53.63],[-100.284,53.655]]]]}},{"type":"Feature","properties":{"layer":"lake","name":"Wollaston Lake"},"geometry":{"type":"Polygon","coordinates":[[[-103.64,58.388],[-103.571,58.435],[-103.558,58.456],[-103.51,58.418],[-103.387,58.423],[-103.23,58.464],[-103.195,58.498],[-103.249,58.521],[-103.216,58.559],[-103.187,58.572],[-103.17,58.569],[-103.169,58.554],[-103.188,58.532],[-103.153,58.519],[-103.068,58.546],[-103.058,58.532],[-103.025,58.53],[-102.92,58.552],[-102.976,58.511],[-102.928,58.463],[-102.804,58.443],[-102.766,58.412],[-102.854,58.307],[-102.873,58.305],[-102.871,58.357],[-102.887,58.357],[-103.017,58.264],[-102.986,58.244],[-103.037,58.222],[-103.037,58.203],[-102.893,58.215],[-102.897,58.2],[-102.951,58.159],[-103.064,58.113],[-103.064,58.138],[-103.017,58.169],[-103.049,58.178],[-103.147,58.121],[-103.246,58.099],[-103.277,58.045],[-103.243,58.045],[-103.305,57.97],[-103.257,57.964],[-103.305,57.89],[-103.249,57.86],[-103.246,57.825],[-103.203,57.838],[-103.154,57.874],[-103.175,57.836],[-103.292,57.72],[-103.408,57.668],[-103.27,57.802],[-103.277,57.811],[-103.304,57.797],[-103.317,57.841],[-103.362,57.871],[-103.515,57.867],[-103.537,57.88],[-103.526,57.888],[-103.53,57.9],[-103.557,57.899],[-103.626,57.847],[-103.681,57.833],[-103.734,57.772],[-103.757,57.764],[-103.805,57.785],[-103.866,57.758],[-103.829,57.816],[-103.766,57.831],[-103.681,57.88],[-103.633,57.936],[-103.738,57.957],[-103.764,57.929],[-103.801,57.929],[-103.832,57.943],[-103.826,57.957],[-103.75,57.984],[-103.719,58.025],[-103.568,58.052],[-103.555,58.076],[-103.592,58.093],[-103.517,58.125],[-103.531,58.141],[-103.558,58.141],[-103.653,58.088],[-103.667,58.112],[-103.694,58.112],[-103.743,58.072],[-103.799,58.058],[-103.753,58.11],[-103.644,58.159],[-103.626,58.203],[-103.642,58.212],[-103.641,58.228],[-103.595,58.28],[-103.555,58.292],[-103.571,58.316],[-103.691,58.259],[-103.688,58.28],[-103.594,58.366],[-103.597,58.382],[-103.64,58.388]],[[-103.504,58.066],[-103.592,58.004],[-103.578,57.998],[-103.586,57.984],[-103.567,57.978],[-103.411,58.018],[-103.401,58.023],[-103.428,58.058],[-103.4,58.08],[-103.504,58.066]]]}},{"type":"Feature","properties":{"layer":"lake","name":"Reindeer Lake"},"geometry":{"type":"Polygon","coordinates":[[[-101.516,57.929],[-101.55,57.899],[-101.526,57.88],[-101.545,57.816],[-101.581,57.781],[-101.629,57.767],[-101.669,57.703],[-101.724,57.688],[-101.726,57.646],[-101.749,57.638],[-101.763,57.607],[-101.829,57.572],[-101.89,57.557],[-101.934,57.504],[-102.085,57.501],[-102.095,57.494],[-102.086,57.431],[-102.167,57.347],[-102.025,57.332],[-101.955,57.347],[-101.94,57.312],[-101.893,57.312],[-101.872,57.298],[-101.845,57.306],[-101.831,57.292],[-101.825,57.271],[-101.861,57.247],[-101.909,57.236],[-101.927,57.265],[-102.067,57.19],[-102.058,57.155],[-102.068,57.119],[-102.005,57.07],[-101.987,57.048],[-101.988,57.028],[-101.952,57.041],[-101.957,56.989],[-102.059,56.981],[-102.123,56.932],[-102.173,56.86],[-102.196,56.849],[-102.315,56.856],[-102.425,56.792],[-102.434,56.774],[-102.424,56.759],[-102.346,56.777],[-102.316,56.759],[-102.228,56.757],[-102.294,56.73],[-102.38,56.736],[-102.432,56.703],[-102.449,56.677],[-102.503,56.64],[-102.479,56.625],[-102.407,56.634],[-102.44,56.599],[-102.575,56.6],[-102.585,56.552],[-102.658,56.55],[-102.726,56.527],[-102.734,56.507],[-102.768,56.497],[-102.82,56.514],[-102.883,56.466],[-102.938,56.46],[-102.955,56.449],[-102.913,56.417],[-102.914,56.401],[-102.968,56.357],[-103.06,56.362],[-103.092,56.421],[-103.088,56.438],[-103.111,56.44],[-103.14,56.428],[-103.165,56.389],[-103.236,56.339],[-103.221,56.313],[-103.251,56.27],[-103.298,56.278],[-103.29,56.339],[-103.308,56.367],[-103.29,56.38],[-103.303,56.391],[-103.228,56.472],[-103.181,56.49],[-103.263,56.51],[-103.304,56.458],[-103.311,56.473],[-103.298,56.507],[-103.32,56.534],[-103.323,56.557],[-103.29,56.586],[-103.224,56.601],[-103.195,56.538],[-103.173,56.532],[-103.154,56.545],[-103.161,56.589],[-103.147,56.675],[-103.116,56.722],[-103.126,56.78],[-103.14,56.791],[-103.112,56.839],[-103.114,56.869],[-103.085,56.887],[-103.054,56.882],[-103.051,56.846],[-103.068,56.806],[-103.054,56.763],[-103.085,56.73],[-103.069,56.666],[-103.081,56.635],[-103.112,56.613],[-103.085,56.586],[-103.106,56.507],[-103.129,56.498],[-103.127,56.476],[-102.959,56.535],[-102.942,56.596],[-102.886,56.65],[-102.866,56.7],[-102.811,56.736],[-102.794,56.774],[-102.756,56.798],[-102.776,56.744],[-102.77,56.702],[-102.879,56.632],[-102.886,56.623],[-102.873,56.597],[-102.768,56.647],[-102.753,56.675],[-102.667,56.702],[-102.692,56.713],[-102.709,56.744],[-102.684,56.776],[-102.631,56.796],[-102.555,56.779],[-102.557,56.891],[-102.54,56.918],[-102.538,56.968],[-102.544,57.004],[-102.592,57.018],[-102.584,57.059],[-102.564,57.065],[-102.635,57.098],[-102.727,57.077],[-102.776,57.093],[-102.739,57.127],[-102.688,57.141],[-102.744,57.159],[-102.75,57.175],[-102.674,57.206],[-102.676,57.254],[-102.763,57.244],[-102.77,57.277],[-102.818,57.291],[-102.804,57.319],[-102.983,57.265],[-102.907,57.332],[-102.915,57.354],[-102.956,57.369],[-102.941,57.388],[-102.905,57.398],[-102.901,57.412],[-102.941,57.449],[-102.777,57.493],[-102.696,57.543],[-102.667,57.58],[-102.667,57.605],[-102.695,57.6],[-102.688,57.655],[-102.725,57.676],[-102.722,57.688],[-102.635,57.721],[-102.613,57.716],[-102.598,57.683],[-102.569,57.678],[-102.408,57.854],[-102.338,57.88],[-102.308,57.874],[-102.297,57.895],[-102.146,57.943],[-102.119,57.984],[-102.168,58.002],[-102.161,58.042],[-102.113,58.066],[-102.096,58.044],[-102.08,58.052],[-102.068,58.08],[-102.085,58.103],[-101.998,58.133],[-101.951,58.124],[-102.003,58.058],[-101.998,58.04],[-102.063,57.972],[-102.003,57.943],[-101.975,57.943],[-101.87,57.995],[-101.855,58.121],[-101.786,58.161],[-101.77,58.155],[-101.773,58.137],[-101.834,58.063],[-101.771,57.948],[-101.79,57.928],[-101.838,57.915],[-101.845,57.888],[-101.94,57.813],[-101.934,57.785],[-101.906,57.785],[-101.835,57.851],[-101.804,57.847],[-101.811,57.832],[-101.781,57.819],[-101.708,57.88],[-101.737,57.912],[-101.716,57.936],[-101.669,57.895],[-101.629,57.897],[-101.598,57.929],[-101.577,57.914],[-101.516,57.929]],[[-102.138,57.053],[-102.185,57.109],[-102.216,57.093],[-102.225,57.05],[-102.277,56.991],[-102.283,56.977],[-102.263,56.945],[-102.295,56.905],[-102.284,56.893],[-102.262,56.89],[-102.187,56.95],[-102.133,56.967],[-102.138,57.053]],[[-102.434,57.49],[-102.469,57.494],[-102.513,57.465],[-102.621,57.45],[-102.649,57.435],[-102.657,57.405],[-102.606,57.422],[-102.537,57.394],[-102.434,57.49]]]}},{"type":"Feature","properties":{"layer":"lake","name":"Lake Manitoba"},"geometry":{"type":"Polygon","coordinates":[[[-97.936,50.396],[-97.941,50.334],[-98.05,50.289],[-98.172,50.22],[-98.317,50.188],[-98.417,50.187],[-98.513,50.211],[-98.558,50.254],[-98.576,50.312],[-98.566,50.353],[-98.517,50.392],[-98.516,50.415],[-98.537,50.459],[-98.59,50.514],[-98.598,50.57],[-98.621,50.575],[-98.645,50.644],[-98.694,50.703],[-98.708,50.755],[-98.802,50.844],[-98.854,50.874],[-98.843,50.91],[-98.85,50.948],[-98.83,50.967],[-98.852,50.977],[-98.891,50.96],[-98.913,50.967],[-98.974,51.061],[-99.01,51.076],[-99.018,51.093],[-99.014,51.151],[-98.986,51.161],[-98.942,51.108],[-98.892,51.079],[-98.898,51.032],[-98.888,51.021],[-98.845,51.021],[-98.838,51.031],[-98.851,51.055],[-98.782,51.104],[-98.794,51.118],[-98.854,51.093],[-98.857,51.126],[-98.875,51.136],[-98.846,51.227],[-98.852,51.264],[-98.926,51.232],[-98.934,51.224],[-98.917,51.195],[-98.935,51.184],[-98.993,51.229],[-99.022,51.289],[-99.065,51.282],[-99.111,51.374],[-99.102,51.416],[-99.117,51.456],[-99.113,51.5],[-99.162,51.556],[-99.189,51.549],[-99.214,51.563],[-99.261,51.528],[-99.284,51.568],[-99.275,51.59],[-99.309,51.645],[-99.327,51.645],[-99.351,51.624],[-99.399,51.652],[-99.463,51.64],[-99.476,51.601],[-99.498,51.587],[-99.487,51.556],[-99.506,51.502],[-99.518,51.502],[-99.556,51.607],[-99.55,51.645],[-99.522,51.672],[-99.562,51.683],[-99.549,51.719],[-99.481,51.788],[-99.445,51.808],[-99.351,51.765],[-99.326,51.765],[-99.316,51.782],[-99.243,51.637],[-99.214,51.633],[-99.135,51.657],[-99.192,51.758],[-99.186,51.788],[-99.16,51.794],[-99.129,51.732],[-99.108,51.714],[-99.077,51.718],[-99.042,51.7],[-99.056,51.652],[-99.033,51.627],[-99.025,51.566],[-98.994,51.522],[-98.982,51.456],[-98.884,51.34],[-98.88,51.383],[-98.911,51.504],[-98.913,51.58],[-98.969,51.623],[-98.992,51.666],[-98.946,51.714],[-98.898,51.7],[-98.852,51.726],[-98.832,51.715],[-98.775,51.613],[-98.724,51.58],[-98.774,51.528],[-98.767,51.471],[-98.81,51.412],[-98.777,51.396],[-98.733,51.312],[-98.693,51.294],[-98.662,51.302],[-98.563,51.29],[-98.576,51.248],[-98.557,51.221],[-98.588,51.195],[-98.628,51.193],[-98.655,51.172],[-98.659,51.124],[-98.643,51.105],[-98.682,51.08],[-98.72,51.104],[-98.741,51.083],[-98.699,51.074],[-98.697,51.057],[-98.73,51.035],[-98.766,51.045],[-98.775,51.035],[-98.774,51.01],[-98.754,50.995],[-98.775,50.973],[-98.734,50.959],[-98.755,50.926],[-98.703,50.891],[-98.576,50.898],[-98.479,50.874],[-98.442,50.844],[-98.391,50.836],[-98.317,50.767],[-98.28,50.753],[-98.282,50.74],[-98.257,50.719],[-98.217,50.711],[-98.201,50.68],[-98.116,50.617],[-98.11,50.583],[-98.078,50.555],[-98.083,50.542],[-97.971,50.482],[-97.936,50.396]]]}},{"type":"Feature","properties":{"layer":"lake","name":"Lake Winnipegosis"},"geometry":{"type":"Polygon","coordinates":[[[-99.61,51.676],[-99.611,51.617],[-99.652,51.617],[-99.666,51.604],[-99.715,51.623],[-99.73,51.592],[-99.779,51.576],[-99.803,51.583],[-99.803,51.604],[-99.854,51.641],[-99.941,51.693],[-99.941,51.765],[-99.96,51.796],[-99.94,51.812],[-99.913,51.803],[-99.91,51.828],[-99.886,51.851],[-99.944,51.927],[-99.933,51.97],[-99.969,52.04],[-100.0,52.054],[-100.029,52.028],[-100.001,51.963],[-99.997,51.911],[-99.974,51.895],[-99.966,51.836],[-100.002,51.81],[-99.981,51.765],[-100.008,51.715],[-100.047,51.723],[-100.05,51.782],[-100.07,51.796],[-100.091,51.851],[-100.145,51.919],[-100.125,51.926],[-100.111,51.974],[-100.16,52.025],[-100.152,52.133],[-100.173,52.207],[-100.153,52.225],[-100.18,52.285],[-100.175,52.309],[-100.116,52.399],[-100.016,52.443],[-100.007,52.493],[-100.029,52.508],[-99.981,52.557],[-100.005,52.598],[-100.054,52.605],[-100.07,52.62],[-100.07,52.636],[-100.054,52.643],[-100.06,52.695],[-100.04,52.753],[-100.053,52.805],[-100.109,52.81],[-100.139,52.796],[-100.195,52.823],[-100.197,52.854],[-100.222,52.862],[-100.24,52.895],[-100.265,52.899],[-100.303,52.837],[-100.362,52.813],[-100.372,52.783],[-100.304,52.8],[-100.265,52.778],[-100.282,52.727],[-100.255,52.673],[-100.228,52.666],[-100.227,52.648],[-100.262,52.604],[-100.292,52.628],[-100.282,52.659],[-100.347,52.644],[-100.365,52.659],[-100.354,52.687],[-100.323,52.714],[-100.43,52.745],[-100.435,52.798],[-100.406,52.844],[-100.451,52.874],[-100.432,52.923],[-100.41,52.944],[-100.42,52.96],[-100.458,52.972],[-100.51,52.947],[-100.557,52.973],[-100.543,53.001],[-100.563,53.008],[-100.605,52.987],[-100.635,53.001],[-100.728,52.974],[-100.705,52.95],[-100.6,52.904],[-100.598,52.858],[-100.68,52.831],[-100.663,52.818],[-100.658,52.794],[-100.674,52.755],[-100.718,52.764],[-100.827,52.741],[-100.849,52.749],[-100.851,52.775],[-100.798,52.813],[-100.824,52.831],[-100.927,52.791],[-100.958,52.796],[-100.924,52.834],[-100.933,52.858],[-101.002,52.865],[-101.016,52.888],[-100.961,52.937],[-100.966,52.951],[-101.009,52.968],[-100.979,52.982],[-100.971,53.005],[-101.043,53.028],[-101.098,53.063],[-101.115,53.087],[-101.108,53.108],[-101.024,53.148],[-100.956,53.151],[-100.919,53.138],[-100.947,53.097],[-100.899,53.084],[-100.837,53.077],[-100.746,53.098],[-100.693,53.085],[-100.663,53.091],[-100.646,53.123],[-100.611,53.115],[-100.598,53.135],[-100.556,53.135],[-100.571,53.18],[-100.532,53.176],[-100.426,53.152],[-100.391,53.103],[-100.084,53.066],[-99.943,52.987],[-99.744,52.962],[-99.738,52.95],[-99.772,52.923],[-99.803,52.865],[-99.71,52.926],[-99.676,52.916],[-99.665,52.893],[-99.693,52.878],[-99.734,52.817],[-99.687,52.783],[-99.713,52.748],[-99.669,52.699],[-99.679,52.67],[-99.659,52.652],[-99.659,52.617],[-99.673,52.598],[-99.635,52.537],[-99.698,52.458],[-99.687,52.429],[-99.693,52.41],[-99.741,52.371],[-99.749,52.331],[-99.799,52.306],[-99.82,52.279],[-99.853,52.277],[-99.858,52.261],[-99.824,52.189],[-99.834,52.115],[-99.824,52.059],[-99.799,52.049],[-99.749,52.058],[-99.733,51.963],[-99.762,51.907],[-99.817,51.906],[-99.803,51.81],[-99.817,51.785],[-99.81,51.758],[-99.802,51.744],[-99.755,51.755],[-99.732,51.731],[-99.72,51.734],[-99.704,51.833],[-99.679,51.878],[-99.629,51.836],[-99.625,51.813],[-99.652,51.772],[-99.654,51.74],[-99.646,51.686],[-99.61,51.676]],[[-99.889,52.32],[-99.851,52.409],[-99.858,52.447],[-99.837,52.484],[-99.836,52.537],[-99.923,52.519],[-99.941,52.473],[-99.968,52.447],[-99.961,52.388],[-99.927,52.347],[-99.931,52.306],[-99.889,52.32]]]}},{"type":"Feature","properties":{"layer":"lake","name":"Lake Athabasca"},"geometry":{"type":"Polygon","coordinates":[[[-109.203,59.102],[-109.237,59.138],[-109.277,59.14],[-109.393,59.087],[-109.921,59.011],[-109.962,58.984],[-110.212,58.902],[-110.298,58.861],[-110.329,58.823],[-110.386,58.804],[-110.45,58.739],[-110.445,58.731],[-110.48,58.671],[-110.451,58.665],[-110.413,58.7],[-110.356,58.697],[-110.345,58.686],[-110.375,58.629],[-110.398,58.624],[-110.409,58.606],[-110.586,58.648],[-110.63,58.615],[-110.771,58.628],[-110.786,58.619],[-110.761,58.54],[-110.826,58.48],[-110.856,58.488],[-110.836,58.59],[-110.843,58.637],[-110.891,58.628],[-110.917,58.647],[-110.945,58.644],[-110.966,58.611],[-111.042,58.559],[-111.059,58.508],[-111.086,58.511],[-111.123,58.543],[-111.096,58.58],[-111.116,58.6],[-111.075,58.621],[-111.131,58.617],[-111.167,58.646],[-111.144,58.662],[-111.288,58.697],[-111.304,58.748],[-111.33,58.757],[-111.301,58.783],[-111.215,58.804],[-111.171,58.8],[-111.177,58.79],[-111.134,58.768],[-111.185,58.72],[-111.181,58.706],[-111.164,58.703],[-111.098,58.731],[-111.069,58.731],[-110.983,58.779],[-110.911,58.793],[-110.814,58.84],[-110.82,58.881],[-110.705,58.95],[-110.668,59.022],[-110.56,59.106],[-110.39,59.128],[-110.171,59.224],[-110.143,59.254],[-110.08,59.27],[-109.964,59.344],[-109.829,59.354],[-109.867,59.395],[-109.827,59.412],[-109.766,59.406],[-109.746,59.422],[-109.835,59.422],[-109.771,59.463],[-109.749,59.493],[-109.486,59.608],[-109.226,59.615],[-109.154,59.601],[-109.136,59.555],[-109.064,59.521],[-109.054,59.511],[-109.064,59.493],[-109.045,59.481],[-108.989,59.488],[-108.926,59.524],[-108.835,59.532],[-108.756,59.504],[-108.9,59.405],[-108.952,59.387],[-108.944,59.375],[-108.911,59.381],[-108.816,59.368],[-108.778,59.383],[-108.716,59.383],[-108.618,59.406],[-108.561,59.45],[-108.444,59.457],[-108.376,59.436],[-108.334,59.444],[-108.283,59.477],[-108.227,59.462],[-108.145,59.476],[-108.122,59.47],[-108.129,59.45],[-108.04,59.454],[-108.007,59.437],[-107.948,59.441],[-107.864,59.416],[-107.704,59.42],[-107.663,59.402],[-107.598,59.419],[-107.523,59.412],[-107.253,59.322],[-107.051,59.335],[-106.999,59.325],[-106.888,59.348],[-106.901,59.318],[-106.806,59.327],[-106.65,59.317],[-106.635,59.313],[-106.663,59.293],[-106.64,59.289],[-106.32,59.271],[-106.094,59.294],[-106.018,59.279],[-106.799,59.252],[-106.786,59.265],[-106.805,59.276],[-106.909,59.265],[-106.896,59.279],[-106.933,59.289],[-107.09,59.287],[-107.163,59.309],[-107.45,59.293],[-107.471,59.313],[-107.513,59.315],[-107.553,59.307],[-107.539,59.286],[-107.591,59.289],[-107.635,59.307],[-107.602,59.327],[-107.626,59.342],[-107.669,59.346],[-107.759,59.34],[-107.749,59.319],[-107.785,59.265],[-107.834,59.238],[-107.806,59.217],[-107.834,59.204],[-107.901,59.225],[-107.95,59.209],[-108.04,59.204],[-108.194,59.152],[-108.602,59.141],[-108.64,59.125],[-108.852,59.101],[-108.919,59.132],[-109.113,59.081],[-109.203,59.102]]]}},{"type":"Feature","properties":{"layer":"lake","name":"Churchill Lake"},"geometry":{"type":"Polygon","coordinates":[[[-108.238,55.903],[-108.286,55.882],[-108.303,55.832],[-108.376,55.808],[-108.444,55.83],[-108.457,55.783],[-108.493,55.727],[-108.632,55.693],[-108.643,55.664],[-108.608,55.619],[-108.599,55.579],[-108.643,55.524],[-108.669,55.55],[-108.671,55.595],[-108.691,55.63],[-108.664,55.76],[-108.676,55.795],[-108.733,55.847],[-108.725,55.897],[-108.736,55.912],[-108.833,55.942],[-109.013,55.921],[-109.091,55.958],[-109.138,56.031],[-109.206,56.086],[-109.172,56.127],[-109.128,56.141],[-109.009,56.115],[-108.933,56.127],[-108.883,56.119],[-108.836,56.071],[-108.765,56.047],[-108.648,55.974],[-108.629,55.941],[-108.605,55.938],[-108.593,55.92],[-108.629,55.893],[-108.644,55.86],[-108.629,55.832],[-108.571,55.863],[-108.496,55.87],[-108.479,55.921],[-108.457,55.944],[-108.458,55.986],[-108.492,56.01],[-108.453,56.029],[-108.452,56.079],[-108.465,56.107],[-108.358,56.156],[-108.348,56.175],[-108.246,56.168],[-108.239,56.216],[-108.251,56.252],[-108.326,56.305],[-108.355,56.298],[-108.332,56.267],[-108.365,56.263],[-108.443,56.346],[-108.467,56.346],[-108.508,56.321],[-108.564,56.326],[-108.582,56.381],[-108.492,56.483],[-108.499,56.524],[-108.465,56.552],[-108.444,56.593],[-108.483,56.609],[-108.554,56.476],[-108.572,56.475],[-108.597,56.512],[-108.648,56.474],[-108.738,56.49],[-108.73,56.522],[-108.746,56.599],[-108.735,56.632],[-108.69,56.665],[-108.677,56.689],[-108.779,56.702],[-108.832,56.678],[-108.911,56.668],[-108.916,56.681],[-108.875,56.722],[-108.883,56.744],[-108.835,56.798],[-108.793,56.813],[-108.643,56.812],[-108.691,56.744],[-108.671,56.721],[-108.602,56.72],[-108.598,56.684],[-108.574,56.675],[-108.547,56.685],[-108.548,56.708],[-108.533,56.716],[-108.479,56.708],[-108.503,56.695],[-108.509,56.671],[-108.458,56.675],[-108.446,56.64],[-108.419,56.628],[-108.402,56.586],[-108.441,56.522],[-108.42,56.461],[-108.365,56.415],[-108.35,56.411],[-108.283,56.469],[-108.229,56.418],[-108.179,56.416],[-108.134,56.436],[-108.04,56.414],[-108.073,56.336],[-108.067,56.298],[-108.084,56.264],[-108.183,56.291],[-108.235,56.288],[-108.234,56.269],[-108.212,56.247],[-108.163,56.25],[-108.166,56.192],[-108.208,56.137],[-108.136,56.107],[-108.114,56.059],[-108.126,56.028],[-108.177,56.038],[-108.205,55.972],[-108.233,55.957],[-108.238,55.903]],[[-108.561,56.599],[-108.54,56.64],[-108.643,56.654],[-108.66,56.652],[-108.697,56.613],[-108.589,56.537],[-108.561,56.558],[-108.561,56.599]]]}},{"type":"Feature","properties":{"layer":"lake","name":"Cree Lake"},"geometry":{"type":"Polygon","coordinates":[[[-106.169,57.432],[-106.21,57.416],[-106.203,57.397],[-106.225,57.381],[-106.285,57.353],[-106.278,57.38],[-106.244,57.394],[-106.296,57.4],[-106.365,57.364],[-106.444,57.353],[-106.532,57.312],[-106.565,57.315],[-106.504,57.363],[-106.636,57.354],[-106.703,57.306],[-106.769,57.306],[-106.778,57.31],[-106.773,57.328],[-106.71,57.347],[-106.676,57.388],[-106.704,57.398],[-106.81,57.391],[-106.813,57.354],[-106.829,57.332],[-106.855,57.328],[-106.868,57.34],[-106.903,57.311],[-106.952,57.294],[-106.97,57.271],[-106.923,57.265],[-107.062,57.214],[-107.094,57.223],[-107.067,57.237],[-107.135,57.246],[-107.052,57.285],[-106.991,57.285],[-106.979,57.3],[-107.025,57.328],[-107.152,57.331],[-107.177,57.347],[-107.036,57.384],[-107.029,57.405],[-106.992,57.429],[-107.019,57.448],[-107.092,57.462],[-107.08,57.475],[-107.026,57.49],[-106.984,57.463],[-106.941,57.453],[-106.95,57.399],[-106.909,57.422],[-106.859,57.482],[-106.814,57.496],[-106.758,57.544],[-106.697,57.566],[-106.657,57.596],[-106.591,57.621],[-106.399,57.652],[-106.367,57.691],[-106.297,57.723],[-106.272,57.723],[-106.279,57.682],[-106.202,57.697],[-106.114,57.675],[-106.114,57.655],[-106.096,57.648],[-106.042,57.647],[-106.189,57.566],[-106.151,57.537],[-106.046,57.552],[-106.129,57.498],[-106.128,57.483],[-106.084,57.479],[-106.096,57.42],[-106.086,57.401],[-106.154,57.395],[-106.134,57.442],[-106.11,57.455],[-106.119,57.471],[-106.183,57.456],[-106.169,57.432]],[[-106.484,57.535],[-106.638,57.494],[-106.655,57.497],[-106.641,57.518],[-106.675,57.516],[-106.743,57.463],[-106.751,57.435],[-106.666,57.459],[-106.575,57.458],[-106.551,57.488],[-106.489,57.52],[-106.484,57.535]]]}},{"type":"Feature","properties":{"layer":"lake","name":"Kasba Lake"},"geometry":{"type":"Polygon","coordinates":[[[-102.558,60.348],[-102.572,60.329],[-102.561,60.314],[-102.486,60.286],[-102.449,60.306],[-102.434,60.352],[-102.407,60.372],[-102.339,60.374],[-102.318,60.389],[-102.306,60.424],[-102.332,60.459],[-102.381,60.447],[-102.401,60.413],[-102.421,60.417],[-102.41,60.471],[-102.449,60.506],[-102.427,60.526],[-102.457,60.526],[-102.463,60.537],[-102.454,60.577],[-102.366,60.647],[-102.222,60.663],[-102.236,60.621],[-102.205,60.614],[-102.198,60.563],[-102.139,60.553],[-102.166,60.514],[-102.16,60.468],[-102.148,60.455],[-102.039,60.419],[-101.995,60.389],[-101.946,60.377],[-101.93,60.34],[-101.94,60.279],[-101.876,60.239],[-101.87,60.213],[-101.829,60.178],[-101.83,60.12],[-101.861,60.104],[-101.905,60.029],[-101.872,59.971],[-101.889,59.96],[-101.927,60.008],[-101.982,60.035],[-101.996,60.019],[-101.965,60.001],[-101.958,59.965],[-102.039,59.911],[-102.058,59.93],[-102.023,59.971],[-102.036,60.005],[-102.102,60.015],[-102.138,60.062],[-102.18,60.083],[-102.231,60.191],[-102.263,60.217],[-102.342,60.218],[-102.358,60.269],[-102.374,60.275],[-102.438,60.233],[-102.585,60.223],[-102.66,60.204],[-102.628,60.245],[-102.592,60.342],[-102.558,60.348]]]}},{"type":"Feature","properties":{"layer":"lake","name":"Lake Claire"},"geometry":{"type":"Polygon","coordinates":[[[-111.816,58.607],[-111.82,58.566],[-111.837,58.559],[-111.797,58.504],[-111.823,58.474],[-111.912,58.45],[-111.842,58.441],[-111.829,58.429],[-111.873,58.401],[-111.751,58.343],[-111.829,58.313],[-111.821,58.297],[-111.734,58.305],[-111.771,58.277],[-111.854,58.287],[-111.893,58.315],[-111.951,58.303],[-112.021,58.327],[-112.059,58.316],[-112.11,58.34],[-112.134,58.357],[-112.124,58.374],[-112.15,58.405],[-112.235,58.424],[-112.288,58.456],[-112.206,58.45],[-112.248,58.466],[-112.247,58.483],[-112.179,58.511],[-112.199,58.551],[-112.266,58.587],[-112.288,58.58],[-112.274,58.546],[-112.343,58.552],[-112.423,58.578],[-112.453,58.609],[-112.46,58.675],[-112.438,58.712],[-112.352,58.771],[-112.091,58.851],[-112.079,58.826],[-112.0,58.82],[-111.987,58.806],[-111.993,58.778],[-112.079,58.785],[-112.162,58.769],[-112.159,58.792],[-112.206,58.781],[-112.207,58.758],[-112.096,58.744],[-112.086,58.725],[-112.104,58.703],[-111.959,58.703],[-111.945,58.738],[-111.916,58.745],[-111.903,58.741],[-111.894,58.712],[-111.838,58.743],[-111.816,58.724],[-111.804,58.687],[-111.761,58.669],[-111.754,58.681],[-111.768,58.69],[-111.729,58.692],[-111.699,58.669],[-111.71,58.634],[-111.74,58.607],[-111.816,58.607]]]}},{"type":"Feature","properties":{"layer":"lake","name":"Lac la Ronge"},"geometry":{"type":"Polygon","coordinates":[[[-104.367,55.181],[-104.354,55.17],[-104.368,55.162],[-104.445,55.151],[-104.486,55.126],[-104.578,55.139],[-104.654,55.188],[-104.702,55.147],[-104.674,55.14],[-104.67,55.123],[-104.696,55.12],[-104.752,55.07],[-104.799,55.058],[-104.779,55.032],[-104.828,54.975],[-104.962,54.982],[-105.086,54.907],[-105.193,54.917],[-105.244,54.945],[-105.257,54.989],[-105.229,55.015],[-105.226,55.036],[-105.261,55.054],[-105.284,55.084],[-105.209,55.12],[-105.182,55.157],[-105.244,55.16],[-105.203,55.195],[-105.264,55.202],[-105.274,55.22],[-105.2,55.246],[-105.152,55.29],[-105.077,55.314],[-105.052,55.311],[-105.046,55.297],[-105.083,55.273],[-105.107,55.229],[-105.04,55.237],[-105.002,55.275],[-104.891,55.284],[-104.878,55.301],[-104.812,55.325],[-104.817,55.302],[-104.794,55.286],[-104.755,55.298],[-104.709,55.332],[-104.707,55.294],[-104.723,55.256],[-104.702,55.261],[-104.654,55.311],[-104.602,55.317],[-104.573,55.308],[-104.566,55.297],[-104.579,55.271],[-104.558,55.263],[-104.599,55.249],[-104.6,55.222],[-104.627,55.208],[-104.56,55.208],[-104.5,55.242],[-104.417,55.266],[-104.388,55.243],[-104.428,55.205],[-104.36,55.195],[-104.367,55.181]]]}},{"type":"Feature","properties":{"layer":"lake","name":"Wholdaia Lake"},"geometry":{"type":"Polygon","coordinates":[[[-103.964,60.398],[-104.021,60.399],[-104.093,60.376],[-104.086,60.361],[-104.102,60.349],[-104.244,60.306],[-104.232,60.334],[-104.195,60.355],[-104.161,60.402],[-104.172,60.42],[-104.158,60.44],[-104.107,60.471],[-104.117,60.481],[-104.079,60.506],[-104.079,60.526],[-104.044,60.553],[-104.292,60.588],[-104.288,60.618],[-104.353,60.628],[-104.379,60.657],[-104.374,60.677],[-104.396,60.681],[-104.394,60.698],[-104.438,60.715],[-104.599,60.684],[-104.339,60.821],[-104.298,60.868],[-104.311,60.887],[-104.285,60.91],[-104.409,60.916],[-104.442,60.882],[-104.411,60.872],[-104.408,60.86],[-104.502,60.806],[-104.606,60.802],[-104.621,60.807],[-104.636,60.844],[-104.668,60.848],[-104.655,60.864],[-104.6,60.882],[-104.579,60.876],[-104.591,60.852],[-104.579,60.84],[-104.521,60.858],[-104.498,60.886],[-104.518,60.903],[-104.448,60.951],[-104.462,60.967],[-104.428,61.006],[-104.476,61.027],[-104.296,61.029],[-104.27,61.02],[-104.352,60.951],[-104.318,60.943],[-104.247,60.97],[-104.209,60.965],[-104.228,60.932],[-104.188,60.923],[-104.21,60.9],[-104.202,60.876],[-104.244,60.835],[-104.244,60.793],[-104.216,60.794],[-104.144,60.835],[-104.051,60.848],[-104.032,60.841],[-104.287,60.736],[-104.285,60.718],[-104.27,60.715],[-104.198,60.718],[-104.124,60.748],[-104.102,60.777],[-104.02,60.809],[-104.004,60.807],[-104.035,60.784],[-104.021,60.771],[-103.929,60.785],[-103.853,60.815],[-103.791,60.862],[-103.737,60.848],[-103.716,60.862],[-103.726,60.88],[-103.716,60.91],[-103.737,60.923],[-103.812,60.923],[-103.783,60.946],[-103.746,60.953],[-103.667,60.951],[-103.681,60.938],[-103.64,60.917],[-103.612,60.868],[-103.626,60.851],[-103.702,60.812],[-103.761,60.8],[-103.803,60.769],[-103.864,60.776],[-103.919,60.761],[-103.929,60.747],[-103.914,60.711],[-103.938,60.701],[-104.003,60.696],[-104.056,60.721],[-104.089,60.716],[-104.213,60.639],[-104.216,60.621],[-104.196,60.609],[-104.113,60.636],[-104.112,60.607],[-104.075,60.596],[-103.907,60.608],[-103.859,60.643],[-103.897,60.659],[-103.889,60.67],[-103.799,60.725],[-103.755,60.722],[-103.73,60.684],[-103.704,60.673],[-103.696,60.641],[-103.675,60.636],[-103.692,60.62],[-103.777,60.608],[-103.839,60.574],[-103.842,60.55],[-103.884,60.526],[-103.89,60.495],[-103.905,60.491],[-103.939,60.509],[-103.976,60.471],[-103.919,60.465],[-103.906,60.446],[-103.964,60.398]]]}},{"type":"Feature","properties":{"layer":"lake","name":"Nueltin Lake"},"geometry":{"type":"Polygon","coordinates":[[[-99.95,59.848],[-99.993,59.824],[-99.933,59.803],[-99.946,59.786],[-99.943,59.755],[-99.98,59.725],[-99.987,59.683],[-99.98,59.668],[-99.933,59.655],[-100.039,59.595],[-100.05,59.642],[-100.065,59.655],[-100.157,59.667],[-100.212,59.695],[-100.221,59.721],[-100.199,59.741],[-100.201,59.759],[-100.255,59.786],[-100.232,59.806],[-100.199,59.793],[-100.138,59.742],[-100.127,59.715],[-100.077,59.724],[-100.065,59.738],[-100.071,59.781],[-100.111,59.793],[-100.112,59.827],[-100.139,59.854],[-100.07,59.872],[-100.047,59.899],[-100.002,59.976],[-100.039,59.995],[-100.037,60.004],[-100.003,60.035],[-99.898,60.067],[-99.868,60.041],[-99.853,60.064],[-99.818,60.075],[-99.864,60.115],[-99.835,60.136],[-99.829,60.165],[-99.789,60.197],[-99.789,60.22],[-99.74,60.243],[-99.728,60.262],[-99.711,60.32],[-99.728,60.341],[-99.719,60.353],[-99.697,60.359],[-99.686,60.335],[-99.658,60.353],[-99.652,60.372],[-99.686,60.394],[-99.687,60.41],[-99.646,60.451],[-99.72,60.478],[-99.767,60.571],[-99.823,60.594],[-99.811,60.609],[-99.762,60.597],[-99.704,60.563],[-99.687,60.539],[-99.638,60.533],[-99.618,60.509],[-99.566,60.502],[-99.542,60.478],[-99.481,60.526],[-99.569,60.547],[-99.548,60.578],[-99.518,60.584],[-99.467,60.547],[-99.412,60.558],[-99.405,60.571],[-99.467,60.594],[-99.456,60.616],[-99.405,60.608],[-99.392,60.618],[-99.395,60.666],[-99.352,60.706],[-99.299,60.725],[-99.337,60.745],[-99.314,60.764],[-99.24,60.76],[-99.22,60.78],[-99.248,60.793],[-99.081,60.822],[-98.961,60.82],[-98.898,60.8],[-98.84,60.802],[-98.789,60.82],[-98.83,60.828],[-98.815,60.842],[-98.728,60.875],[-98.692,60.865],[-98.729,60.806],[-98.767,60.782],[-98.894,60.782],[-98.919,60.773],[-98.939,60.739],[-99.106,60.771],[-99.131,60.759],[-99.164,60.699],[-99.183,60.69],[-99.342,60.655],[-99.309,60.629],[-99.33,60.594],[-99.268,60.588],[-99.303,60.539],[-99.267,60.529],[-99.248,60.535],[-99.233,60.56],[-99.186,60.553],[-99.155,60.515],[-99.158,60.478],[-99.186,60.473],[-99.207,60.506],[-99.23,60.512],[-99.319,60.474],[-99.331,60.486],[-99.309,60.512],[-99.353,60.515],[-99.453,60.444],[-99.391,60.451],[-99.483,60.353],[-99.459,60.327],[-99.538,60.31],[-99.531,60.3],[-99.414,60.285],[-99.398,60.303],[-99.411,60.325],[-99.292,60.35],[-99.248,60.314],[-99.282,60.269],[-99.275,60.217],[-99.204,60.159],[-99.122,60.117],[-99.118,60.105],[-99.13,60.095],[-99.183,60.085],[-99.261,60.087],[-99.255,60.101],[-99.313,60.096],[-99.33,60.108],[-99.309,60.129],[-99.343,60.145],[-99.413,60.143],[-99.44,60.156],[-99.424,60.2],[-99.577,60.226],[-99.622,60.249],[-99.656,60.251],[-99.679,60.238],[-99.696,60.183],[-99.679,60.163],[-99.638,60.15],[-99.522,60.17],[-99.536,60.15],[-99.508,60.129],[-99.562,60.128],[-99.613,60.098],[-99.614,60.071],[-99.584,60.047],[-99.631,60.022],[-99.625,60.005],[-99.665,59.949],[-99.659,59.923],[-99.619,59.935],[-99.612,59.924],[-99.625,59.903],[-99.597,59.875],[-99.628,59.856],[-99.655,59.815],[-99.623,59.804],[-99.561,59.848],[-99.492,59.802],[-99.429,59.816],[-99.378,59.806],[-99.433,59.758],[-99.433,59.7],[-99.474,59.636],[-99.466,59.62],[-99.477,59.606],[-99.542,59.583],[-99.587,59.583],[-99.556,59.622],[-99.584,59.667],[-99.51,59.707],[-99.508,59.731],[-99.542,59.763],[-99.679,59.767],[-99.734,59.779],[-99.748,59.806],[-99.837,59.8],[-99.95,59.848]],[[-99.927,59.903],[-99.92,59.882],[-99.881,59.874],[-99.817,59.878],[-99.809,59.895],[-99.738,59.871],[-99.716,59.935],[-99.759,59.961],[-99.813,59.971],[-99.927,59.903]]]}},{"type":"Feature","properties":{"layer":"lake","name":"Lesser Slave Lake"},"geometry":{"type":"Polygon","coordinates":[[[-114.804,55.306],[-115.013,55.381],[-115.198,55.4],[-115.256,55.391],[-115.299,55.415],[-115.283,55.435],[-115.297,55.442],[-115.353,55.424],[-115.375,55.455],[-115.436,55.43],[-115.574,55.341],[-115.635,55.334],[-115.66,55.352],[-115.636,55.367],[-115.633,55.386],[-115.659,55.404],[-115.729,55.41],[-115.77,55.427],[-115.848,55.386],[-115.877,55.387],[-116.065,55.427],[-116.124,55.49],[-116.191,55.52],[-116.207,55.563],[-116.229,55.585],[-116.203,55.596],[-116.129,55.58],[-116.146,55.558],[-116.136,55.54],[-116.095,55.513],[-116.053,55.517],[-116.027,55.49],[-115.947,55.52],[-115.891,55.524],[-115.341,55.503],[-115.213,55.535],[-114.995,55.544],[-114.926,55.519],[-114.742,55.352],[-114.772,55.313],[-114.804,55.306]]]}},{"type":"Feature","properties":{"layer":"lake","name":"Southern Indian Lake"},"geometry":{"type":"Polygon","coordinates":[[[-97.987,57.367],[-98.148,57.332],[-98.165,57.291],[-98.152,57.237],[-98.241,57.155],[-98.217,57.137],[-98.214,57.125],[-98.227,57.115],[-98.289,57.106],[-98.301,57.089],[-98.329,57.08],[-98.391,57.079],[-98.425,57.1],[-98.525,57.079],[-98.585,57.082],[-98.603,57.065],[-98.597,57.042],[-98.645,57.004],[-98.648,56.98],[-98.746,56.953],[-98.769,56.922],[-98.761,56.9],[-98.81,56.863],[-98.792,56.836],[-98.799,56.832],[-98.864,56.846],[-98.926,56.818],[-98.946,56.822],[-98.99,56.847],[-98.98,56.86],[-99.001,56.873],[-99.06,56.882],[-99.091,56.86],[-99.108,56.793],[-99.139,56.796],[-99.206,56.766],[-99.21,56.732],[-99.246,56.713],[-99.305,56.737],[-99.363,56.743],[-99.385,56.722],[-99.461,56.744],[-99.577,56.736],[-99.563,56.702],[-99.508,56.702],[-99.577,56.675],[-99.528,56.654],[-99.561,56.633],[-99.634,56.646],[-99.625,56.699],[-99.635,56.708],[-99.685,56.707],[-99.741,56.736],[-99.735,56.759],[-99.638,56.736],[-99.572,56.76],[-99.569,56.777],[-99.507,56.782],[-99.487,56.805],[-99.525,56.826],[-99.536,56.86],[-99.481,56.832],[-99.447,56.83],[-99.392,56.909],[-99.383,56.933],[-99.398,56.963],[-99.326,57.004],[-99.265,56.979],[-99.235,56.93],[-99.157,56.918],[-99.165,56.952],[-99.135,57.0],[-99.063,57.065],[-99.015,57.065],[-99.035,57.1],[-98.983,57.089],[-98.973,57.075],[-99.029,56.983],[-99.061,56.953],[-99.066,56.939],[-99.052,56.918],[-99.016,56.928],[-98.953,56.908],[-98.919,56.922],[-98.86,56.918],[-98.846,56.944],[-98.886,56.958],[-98.898,56.977],[-98.864,57.01],[-98.888,57.048],[-98.916,57.063],[-98.913,57.085],[-98.74,57.06],[-98.706,57.086],[-98.692,57.148],[-98.643,57.175],[-98.638,57.199],[-98.668,57.224],[-98.632,57.234],[-98.625,57.253],[-98.683,57.271],[-98.768,57.257],[-98.884,57.278],[-98.603,57.278],[-98.541,57.262],[-98.507,57.274],[-98.478,57.31],[-98.48,57.325],[-98.499,57.328],[-98.536,57.314],[-98.535,57.34],[-98.515,57.367],[-98.538,57.405],[-98.521,57.463],[-98.575,57.516],[-98.624,57.53],[-98.603,57.567],[-98.603,57.593],[-98.553,57.626],[-98.531,57.629],[-98.515,57.6],[-98.559,57.588],[-98.576,57.559],[-98.562,57.544],[-98.51,57.548],[-98.515,57.518],[-98.464,57.56],[-98.398,57.569],[-98.357,57.641],[-98.33,57.657],[-98.146,57.68],[-98.117,57.668],[-98.186,57.634],[-98.26,57.621],[-98.199,57.608],[-98.193,57.59],[-98.25,57.521],[-98.316,57.518],[-98.391,57.49],[-98.365,57.475],[-98.255,57.483],[-98.288,57.463],[-98.244,57.439],[-98.234,57.422],[-98.247,57.401],[-98.21,57.388],[-98.079,57.381],[-98.031,57.41],[-97.994,57.411],[-97.987,57.367]],[[-98.329,57.15],[-98.341,57.169],[-98.419,57.182],[-98.5,57.175],[-98.579,57.196],[-98.618,57.185],[-98.624,57.167],[-98.528,57.116],[-98.473,57.134],[-98.367,57.135],[-98.329,57.15]]]}},{"type":"Feature","properties":{"layer":"lake","name":"Cedar Lake"},"geometry":{"type":"Polygon","coordinates":[[[-100.195,53.592],[-100.173,53.598],[-100.194,53.611],[-100.154,53.616],[-100.07,53.574],[-100.055,53.553],[-100.017,53.561],[-99.96,53.502],[-99.965,53.46],[-99.981,53.448],[-99.887,53.415],[-99.916,53.368],[-99.978,53.361],[-99.987,53.348],[-99.977,53.334],[-99.905,53.31],[-99.93,53.286],[-99.918,53.262],[-99.886,53.241],[-99.851,53.228],[-99.793,53.23],[-99.761,53.283],[-99.769,53.299],[-99.744,53.315],[-99.677,53.295],[-99.525,53.31],[-99.455,53.354],[-99.393,53.367],[-99.371,53.348],[-99.405,53.303],[-99.391,53.297],[-99.411,53.271],[-99.398,53.228],[-99.418,53.207],[-99.412,53.193],[-99.365,53.194],[-99.33,53.159],[-99.436,53.149],[-99.447,53.13],[-99.385,53.111],[-99.376,53.095],[-99.399,53.057],[-99.422,53.05],[-99.546,53.048],[-99.563,53.067],[-99.559,53.08],[-99.512,53.086],[-99.508,53.105],[-99.591,53.105],[-99.569,53.132],[-99.609,53.195],[-99.632,53.201],[-99.655,53.196],[-99.665,53.177],[-99.618,53.152],[-99.694,53.141],[-99.728,53.123],[-99.732,53.149],[-99.768,53.159],[-99.863,53.092],[-99.94,53.084],[-100.313,53.169],[-100.379,53.228],[-100.382,53.272],[-100.41,53.288],[-100.418,53.31],[-100.499,53.276],[-100.523,53.277],[-100.609,53.335],[-100.611,53.352],[-100.69,53.356],[-100.931,53.452],[-100.914,53.478],[-100.807,53.529],[-100.733,53.525],[-100.689,53.486],[-100.673,53.481],[-100.645,53.501],[-100.626,53.474],[-100.59,53.473],[-100.584,53.538],[-100.616,53.536],[-100.677,53.566],[-100.653,53.587],[-100.577,53.591],[-100.513,53.552],[-100.478,53.568],[-100.454,53.604],[-100.406,53.618],[-100.386,53.607],[-100.354,53.614],[-100.31,53.591],[-100.286,53.63],[-100.195,53.592]],[[-100.097,53.385],[-100.183,53.382],[-100.211,53.355],[-100.282,53.352],[-100.33,53.324],[-100.262,53.324],[-100.19,53.346],[-100.135,53.338],[-100.097,53.385]]]}},{"type":"Feature","properties":{"layer":"lake","name":"Williston Lake"},"geometry":{"type":"Polygon","coordinates":[[[-122.368,56.092],[-122.497,56.1],[-122.56,56.129],[-122.665,56.104],[-122.734,56.072],[-122.731,56.044],[-122.799,56.071],[-122.882,56.077],[-123.041,56.058],[-123.034,56.044],[-123.105,55.993],[-123.157,55.976],[-123.279,55.981],[-123.445,56.017],[-123.734,56.038],[-123.76,56.031],[-123.783,55.993],[-123.807,55.981],[-123.805,55.955],[-123.78,55.921],[-123.795,55.908],[-123.752,55.866],[-123.767,55.852],[-123.745,55.846],[-123.725,55.86],[-123.684,55.825],[-123.703,55.813],[-123.696,55.793],[-123.644,55.732],[-123.592,55.729],[-123.585,55.705],[-123.512,55.658],[-123.486,55.628],[-123.396,55.613],[-123.408,55.597],[-123.391,55.547],[-123.349,55.537],[-123.355,55.53],[-123.325,55.492],[-123.256,55.441],[-123.212,55.427],[-123.234,55.417],[-123.235,55.394],[-123.204,55.352],[-123.192,55.403],[-123.178,55.419],[-123.157,55.414],[-123.178,55.402],[-123.179,55.38],[-123.157,55.332],[-123.191,55.332],[-123.177,55.287],[-123.15,55.256],[-123.171,55.209],[-123.116,55.16],[-123.191,55.198],[-123.199,55.241],[-123.265,55.373],[-123.469,55.601],[-123.63,55.689],[-123.718,55.701],[-123.866,55.857],[-123.917,55.874],[-123.842,55.769],[-123.835,55.729],[-123.986,55.907],[-124.05,55.904],[-124.034,55.921],[-124.068,55.921],[-124.021,55.957],[-124.012,55.982],[-124.027,56.01],[-124.057,56.024],[-124.157,56.003],[-124.225,56.01],[-124.26,55.997],[-124.417,56.068],[-124.469,56.107],[-124.521,56.107],[-124.491,56.131],[-124.276,56.034],[-124.226,56.026],[-124.178,56.038],[-124.13,56.085],[-124.193,56.105],[-124.341,56.221],[-124.384,56.216],[-124.391,56.257],[-124.414,56.267],[-124.479,56.339],[-124.554,56.483],[-124.652,56.584],[-124.724,56.63],[-124.75,56.678],[-124.803,56.699],[-124.842,56.75],[-124.836,56.757],[-124.806,56.728],[-124.702,56.683],[-124.634,56.602],[-124.569,56.585],[-124.492,56.54],[-124.473,56.491],[-124.426,56.453],[-124.411,56.394],[-124.37,56.394],[-124.364,56.382],[-124.384,56.356],[-124.38,56.343],[-124.339,56.344],[-124.341,56.323],[-124.215,56.235],[-124.171,56.222],[-124.119,56.23],[-124.093,56.24],[-124.048,56.288],[-124.0,56.298],[-124.096,56.168],[-124.082,56.131],[-124.046,56.094],[-123.965,56.044],[-123.904,56.033],[-123.814,56.049],[-123.666,56.052],[-123.232,55.985],[-123.148,56.001],[-123.105,56.028],[-123.102,56.048],[-123.128,56.087],[-123.116,56.099],[-123.067,56.085],[-122.882,56.107],[-122.827,56.096],[-122.804,56.107],[-122.794,56.127],[-122.72,56.104],[-122.627,56.156],[-122.545,56.162],[-122.473,56.13],[-122.383,56.127],[-122.29,56.106],[-122.172,56.044],[-122.168,56.031],[-122.18,56.013],[-122.197,56.011],[-122.31,56.074],[-122.368,56.092]]]}},{"type":"Feature","properties":{"layer":"lake","name":"Fort Peck Lake"},"geometry":{"type":"MultiPolygon","coordinates":[[[[-106.22,47.606],[-106.253,47.602],[-106.256,47.622],[-106.238,47.65],[-106.246,47.668],[-106.299,47.697],[-106.279,47.711],[-106.309,47.744],[-106.334,47.746],[-106.309,47.775],[-106.36,47.795],[-106.354,47.821],[-106.416,47.86],[-106.43,47.875],[-106.416,47.894],[-106.446,47.91],[-106.468,47.903],[-106.49,47.835],[-106.542,47.825],[-106.556,47.798],[-106.546,47.718],[-106.6,47.76],[-106.597,47.777],[-106.636,47.789],[-106.711,47.732],[-106.703,47.704],[-106.735,47.709],[-106.74,47.691],[-106.758,47.704],[-106.769,47.739],[-106.844,47.733],[-106.837,47.661],[-106.875,47.609],[-106.863,47.673],[-106.875,47.684],[-106.97,47.664],[-106.97,47.646],[-107.033,47.616],[-107.039,47.622],[-107.005,47.65],[-107.017,47.673],[-107.053,47.659],[-107.241,47.671],[-107.371,47.699],[-107.392,47.689],[-107.42,47.626],[-107.477,47.629],[-107.539,47.65],[-107.649,47.633],[-107.694,47.6],[-107.714,47.6],[-107.69,47.643],[-107.656,47.671],[-107.701,47.673],[-107.738,47.691],[-107.555,47.677],[-107.484,47.647],[-107.44,47.643],[-107.423,47.691],[-107.333,47.752],[-107.344,47.718],[-107.213,47.682],[-107.126,47.696],[-106.92,47.701],[-106.9,47.722],[-106.916,47.746],[-106.998,47.76],[-106.963,47.777],[-106.879,47.766],[-106.882,47.794],[-106.853,47.78],[-106.803,47.788],[-106.758,47.773],[-106.772,47.798],[-106.703,47.814],[-106.715,47.832],[-106.641,47.835],[-106.648,47.842],[-106.621,47.848],[-106.621,47.86],[-106.573,47.869],[-106.587,47.89],[-106.564,47.895],[-106.55,47.914],[-106.555,47.935],[-106.64,47.949],[-106.638,47.961],[-106.525,47.992],[-106.49,47.985],[-106.347,48.034],[-106.342,47.991],[-106.285,47.951],[-106.364,47.965],[-106.373,47.956],[-106.347,47.863],[-106.32,47.855],[-106.313,47.835],[-106.217,47.828],[-106.279,47.807],[-106.257,47.76],[-106.23,47.76],[-106.23,47.739],[-106.252,47.746],[-106.254,47.73],[-106.211,47.653],[-106.22,47.606]]],[[[-108.204,47.602],[-108.009,47.616],[-107.949,47.6],[-108.138,47.6],[-108.204,47.602]]]]}},{"type":"Feature","properties":{"layer":"lake","name":"Lake Sakakawea"},"geometry":{"type":"MultiPolygon","coordinates":[[[[-102.089,47.6],[-102.418,47.6],[-102.427,47.616],[-102.372,47.616],[-102.296,47.636],[-102.297,47.671],[-102.276,47.704],[-102.306,47.76],[-102.352,47.769],[-102.418,47.761],[-102.601,47.798],[-102.644,47.818],[-102.658,47.855],[-102.647,47.949],[-102.571,47.999],[-102.633,48.013],[-102.752,48.097],[-102.818,48.122],[-103.043,48.147],[-103.132,48.143],[-103.175,48.13],[-103.251,48.049],[-103.388,48.038],[-103.438,48.007],[-103.483,47.999],[-103.548,48.05],[-103.578,48.13],[-103.771,48.026],[-103.775,48.05],[-103.812,48.085],[-103.708,48.118],[-103.644,48.16],[-103.566,48.162],[-103.524,48.128],[-103.511,48.063],[-103.449,48.047],[-103.335,48.089],[-103.27,48.082],[-103.241,48.099],[-103.202,48.158],[-103.164,48.171],[-102.996,48.191],[-102.711,48.134],[-102.594,48.049],[-102.529,48.026],[-102.595,47.955],[-102.605,47.897],[-102.633,47.863],[-102.607,47.832],[-102.572,47.82],[-102.411,47.792],[-102.393,47.817],[-102.367,47.827],[-102.413,47.879],[-102.426,47.969],[-102.376,47.972],[-102.332,47.943],[-102.283,47.982],[-102.242,47.979],[-102.284,47.946],[-102.269,47.938],[-102.275,47.927],[-102.311,47.917],[-102.298,47.911],[-102.29,47.872],[-102.245,47.8],[-102.253,47.751],[-102.242,47.739],[-102.226,47.751],[-102.187,47.739],[-102.105,47.739],[-102.125,47.724],[-102.214,47.725],[-102.201,47.671],[-102.225,47.66],[-102.235,47.639],[-102.127,47.619],[-102.089,47.6]]],[[[-101.612,47.609],[-101.6,47.607],[-101.585,47.6],[-101.607,47.6],[-101.612,47.609]]],[[[-101.518,47.602],[-101.511,47.6],[-101.532,47.6],[-101.518,47.602]]],[[[-101.418,47.609],[-101.392,47.602],[-101.334,47.624],[-101.266,47.622],[-101.181,47.665],[-101.153,47.656],[-101.166,47.646],[-101.117,47.6],[-101.451,47.6],[-101.418,47.609]]]]}},{"type":"Feature","properties":{"layer":"river","name":"Red","rank":6},"geometry":{"type":"LineString","coordinates":[[-96.786,50.391],[-96.743,50.661],[-96.589,51.005],[-96.583,51.157],[-96.594,51.418],[-96.634,51.5],[-96.778,51.722],[-96.977,51.861],[-97.093,51.963],[-97.175,52.074],[-97.287,52.171],[-97.457,52.271],[-97.589,52.415],[-97.631,52.555],[-97.717,52.682],[-97.803,52.883],[-97.909,53.305],[-97.914,53.519]]}},{"type":"Feature","properties":{"layer":"river","name":"","rank":6},"geometry":{"type":"MultiLineString","coordinates":[[[-105.012,59.173],[-105.045,59.194],[-105.149,59.209],[-105.484,59.147],[-105.55,59.15]],[[-103.785,58.691],[-103.75,58.684],[-103.71,58.651],[-103.665,58.544]],[[-106.018,59.271],[-106.144,59.279],[-106.462,59.27],[-106.875,59.295],[-106.96,59.31],[-107.282,59.313],[-107.587,59.377],[-107.836,59.372],[-108.138,59.316],[-108.426,59.316],[-108.828,59.271],[-108.964,59.273],[-109.197,59.316],[-109.625,59.237],[-109.968,59.139],[-110.157,59.059],[-110.353,58.995],[-110.485,58.897],[-110.731,58.762],[-110.922,58.695],[-111.016,58.691]]]}},{"type":"Feature","properties":{"layer":"river","name":"","rank":6},"geometry":{"type":"MultiLineString","coordinates":[[[-103.665,58.545],[-103.568,58.51],[-103.55,58.455]],[[-103.786,58.691],[-103.866,58.701],[-103.935,58.727],[-104.017,58.8],[-103.944,58.838],[-103.969,58.857],[-103.935,58.899],[-103.983,58.929],[-103.969,58.957],[-104.014,58.967],[-104.121,58.949],[-104.175,58.957],[-104.216,58.977],[-104.363,58.977],[-104.453,59.014],[-104.586,59.005],[-104.671,59.045],[-104.857,59.013],[-105.141,59.008],[-105.175,59.018],[-105.136,59.046],[-104.91,59.09],[-104.771,59.176],[-104.894,59.183],[-104.939,59.161],[-105.012,59.173]],[[-106.018,59.271],[-105.683,59.242],[-105.579,59.245],[-105.55,59.236],[-105.546,59.224],[-105.586,59.197],[-105.549,59.172],[-105.55,59.15]]]}},{"type":"Feature","properties":{"layer":"river","name":"","rank":6},"geometry":{"type":"LineString","coordinates":[[-103.167,55.874],[-103.124,55.909],[-103.081,55.995]]}},{"type":"Feature","properties":{"layer":"river","name":"","rank":6},"geometry":{"type":"MultiLineString","coordinates":[[[-103.081,55.993],[-103.082,56.029],[-103.145,56.06],[-103.139,56.092],[-103.189,56.141],[-103.195,56.164],[-103.186,56.188],[-103.139,56.207],[-103.12,56.229],[-103.241,56.278]],[[-103.154,55.578],[-103.175,55.657],[-103.147,55.695],[-103.149,55.752],[-103.133,55.764],[-103.188,55.818],[-103.167,55.874]]]}},{"type":"Feature","properties":{"layer":"river","name":"Winnipeg","rank":6},"geometry":{"type":"MultiLineString","coordinates":[[[-96.026,50.283],[-96.0,50.357]],[[-96.598,50.979],[-96.424,50.706],[-96.397,50.677],[-96.294,50.624]]]}},{"type":"Feature","properties":{"layer":"river","name":"Winnipeg","rank":6},"geometry":{"type":"MultiLineString","coordinates":[[[-96.026,50.283],[-96.061,50.211],[-96.061,50.179],[-96.047,50.149],[-96.0,50.137]],[[-96.295,50.625],[-96.227,50.581],[-96.166,50.57],[-96.14,50.53],[-96.0,50.454]]]}},{"type":"Feature","properties":{"layer":"river","name":"South Saskatchewan","rank":6},"geometry":{"type":"LineString","coordinates":[[-108.006,50.658],[-107.868,50.676],[-107.627,50.658],[-107.551,50.629],[-107.481,50.648],[-107.385,50.696],[-107.284,50.703],[-107.172,50.754],[-107.073,50.744],[-107.029,50.754],[-106.957,50.822],[-106.966,50.884],[-106.916,50.926],[-106.887,50.999],[-106.858,51.032],[-106.759,51.04],[-106.636,51.086],[-106.656,51.11],[-106.721,51.131],[-106.774,51.168],[-106.853,51.262]]}},{"type":"Feature","properties":{"layer":"river","name":"South Saskatchewan","rank":6},"geometry":{"type":"MultiLineString","coordinates":[[[-116.422,51.667],[-116.396,51.672],[-116.335,51.646],[-116.318,51.626],[-116.312,51.544],[-116.215,51.461],[-116.146,51.431],[-116.092,51.372],[-116.001,51.32],[-115.799,51.256],[-115.764,51.22],[-115.706,51.188],[-115.656,51.193],[-115.615,51.178],[-115.539,51.21],[-115.465,51.193],[-115.361,51.105],[-115.26,51.055],[-115.166,51.1],[-115.123,51.096],[-114.963,51.169],[-114.912,51.166],[-114.674,51.248],[-114.621,51.246],[-114.455,51.18],[-114.382,51.175],[-114.321,51.143],[-114.266,51.14],[-114.245,51.112],[-114.196,51.108],[-114.181,51.088],[-114.113,51.055],[-114.056,51.044],[-114.015,51.021],[-114.039,50.982],[-114.023,50.939],[-114.002,50.932],[-114.008,50.908],[-113.988,50.87],[-113.995,50.863],[-113.845,50.846],[-113.778,50.812],[-113.587,50.802],[-113.545,50.81],[-113.516,50.795],[-113.451,50.826],[-113.374,50.829],[-113.338,50.856],[-113.304,50.846],[-113.242,50.865],[-113.182,50.861],[-113.146,50.845],[-113.138,50.833],[-113.153,50.778],[-113.144,50.772],[-113.037,50.756],[-112.983,50.759],[-112.962,50.766],[-112.944,50.792],[-112.898,50.799],[-112.852,50.771],[-112.758,50.761],[-112.65,50.794],[-112.589,50.761],[-112.543,50.761],[-112.522,50.744],[-112.562,50.734],[-112.514,50.706],[-112.526,50.692],[-112.466,50.633],[-112.378,50.624],[-112.37,50.609],[-112.391,50.572],[-112.364,50.555],[-112.349,50.484],[-112.295,50.425],[-112.223,50.435],[-112.165,50.412],[-112.176,50.336],[-112.164,50.33],[-112.151,50.287],[-112.097,50.274],[-112.072,50.219],[-112.076,50.206],[-111.966,50.206],[-111.926,50.184],[-111.912,50.206],[-111.896,50.203],[-111.843,50.146],[-111.762,50.13],[-111.678,50.144],[-111.613,50.093],[-111.61,50.062],[-111.576,50.034],[-111.594,50.023],[-111.596,49.982],[-111.652,49.975],[-111.704,49.929]],[[-111.704,49.929],[-111.706,49.925]],[[-108.006,50.658],[-108.067,50.677],[-108.186,50.666],[-108.268,50.677],[-108.307,50.699],[-108.362,50.758],[-108.429,50.796],[-108.454,50.883],[-108.499,50.918],[-108.581,50.939],[-108.612,50.928],[-108.724,50.963],[-108.807,50.946],[-108.965,51.021],[-109.308,51.008],[-109.464,50.96],[-109.681,50.975],[-109.722,50.932],[-109.857,50.953],[-109.88,50.943],[-109.886,50.92],[-109.928,50.899],[-109.975,50.907],[-110.018,50.894],[-109.992,50.853],[-110.075,50.795],[-110.045,50.757],[-110.047,50.74],[-110.116,50.734],[-110.151,50.672],[-110.195,50.635],[-110.394,50.574],[-110.39,50.487],[-110.412,50.442],[-110.39,50.425],[-110.421,50.417],[-110.5,50.459],[-110.575,50.456],[-110.589,50.438],[-110.589,50.384],[-110.616,50.346],[-110.616,50.322],[-110.637,50.305],[-110.609,50.287],[-110.613,50.271],[-110.65,50.247],[-110.575,50.199],[-110.582,50.141],[-110.661,50.134],[-110.691,50.114],[-110.681,50.092],[-110.658,50.098],[-110.63,50.069],[-110.65,50.041],[-110.743,50.037],[-110.811,50.055],[-110.836,50.083],[-110.909,50.051],[-110.932,50.027],[-110.961,50.023],[-111.019,50.036],[-111.048,50.027],[-111.107,50.056],[-111.15,50.062],[-111.302,50.034],[-111.312,50.017],[-111.357,50.001],[-111.372,49.969],[-111.425,49.967],[-111.44,49.914],[-111.463,49.901],[-111.548,49.918],[-111.627,49.891],[-111.671,49.903],[-111.704,49.929]],[[-111.704,49.929],[-111.706,49.931]],[[-105.065,53.24],[-105.07,53.227],[-105.1,53.215],[-105.069,53.203],[-105.085,53.189],[-105.181,53.167],[-105.247,53.132],[-105.322,53.156],[-105.415,53.159],[-105.443,53.118],[-105.491,53.111],[-105.484,53.064],[-105.525,53.009],[-105.657,53.017],[-105.711,52.998],[-105.749,52.969],[-105.744,52.933],[-105.894,52.906],[-106.029,52.906],[-106.038,52.871],[-106.093,52.817],[-106.1,52.789],[-106.128,52.775],[-106.121,52.727],[-106.1,52.707],[-106.112,52.701],[-106.112,52.651],[-106.155,52.563],[-106.316,52.457],[-106.334,52.406],[-106.402,52.38],[-106.464,52.287],[-106.59,52.203],[-106.608,52.159],[-106.713,52.076],[-106.724,52.035],[-106.713,51.991],[-106.769,51.972],[-106.765,51.919],[-106.728,51.813],[-106.782,51.758],[-106.792,51.727],[-106.94,51.663],[-106.998,51.613],[-107.041,51.594],[-107.06,51.568],[-107.074,51.501],[-107.069,51.429],[-106.996,51.384],[-106.969,51.329],[-106.906,51.309],[-106.853,51.263]]]}},{"type":"Feature","properties":{"layer":"river","name":"Nelson","rank":4},"geometry":{"type":"MultiLineString","coordinates":[[[-97.254,55.236],[-97.382,55.199],[-97.441,55.167],[-97.615,55.12],[-97.801,54.993],[-97.946,54.948]],[[-97.901,54.705],[-97.833,54.591],[-97.791,54.571]],[[-97.74,54.091],[-97.79,54.023],[-97.932,54.014],[-97.993,53.981],[-98.006,53.944],[-98.018,53.867],[-97.995,53.837],[-97.958,53.822],[-97.868,53.745],[-97.858,53.694],[-97.911,53.593],[-97.914,53.519]],[[-96.553,56.063],[-96.523,56.11],[-96.436,56.133],[-96.254,56.135],[-96.217,56.147],[-96.131,56.242],[-96.0,56.26]]]}},{"type":"Feature","properties":{"layer":"river","name":"Nelson","rank":4},"geometry":{"type":"MultiLineString","coordinates":[[[-97.791,54.571],[-97.575,54.516],[-97.575,54.475],[-97.638,54.4],[-97.602,54.353],[-97.592,54.313],[-97.556,54.31],[-97.546,54.292],[-97.595,54.215],[-97.652,54.178],[-97.673,54.134],[-97.74,54.091]],[[-97.946,54.948],[-98.01,54.91],[-98.027,54.886],[-98.007,54.859],[-98.034,54.835],[-98.011,54.803],[-97.932,54.797],[-97.947,54.754],[-97.941,54.742],[-97.9,54.741],[-97.901,54.705]],[[-96.553,56.063],[-96.534,56.021],[-96.551,55.928],[-96.598,55.824],[-96.755,55.586],[-96.773,55.449],[-96.952,55.284],[-97.014,55.253],[-97.096,55.235],[-97.254,55.236]]]}},{"type":"Feature","properties":{"layer":"river","name":"Liard","rank":6},"geometry":{"type":"LineString","coordinates":[[-125.0,59.379],[-124.926,59.368],[-124.875,59.419],[-124.822,59.445],[-124.809,59.487],[-124.743,59.548],[-124.651,59.566],[-124.704,59.604],[-124.684,59.625],[-124.692,59.633],[-124.665,59.658],[-124.595,59.688],[-124.508,59.761],[-124.48,59.766],[-124.453,59.745],[-124.366,59.743],[-124.34,59.728],[-124.316,59.686],[-124.22,59.663],[-124.224,59.618],[-124.199,59.609],[-124.154,59.626],[-124.131,59.615],[-124.125,59.598],[-124.151,59.543],[-124.137,59.53],[-124.056,59.56],[-124.004,59.639],[-123.971,59.656],[-123.966,59.697],[-123.909,59.75],[-123.872,59.768],[-123.89,59.835],[-123.884,59.878],[-123.828,60.013],[-123.839,60.039],[-123.862,60.054],[-123.822,60.086],[-123.822,60.11],[-123.79,60.126],[-123.766,60.167],[-123.497,60.257],[-123.385,60.328],[-123.426,60.389],[-123.46,60.417],[-123.476,60.461],[-123.525,60.482],[-123.53,60.493],[-123.514,60.519],[-123.549,60.578],[-123.535,60.61],[-123.562,60.646],[-123.52,60.723],[-123.468,60.745],[-123.36,60.742],[-123.334,60.75],[-123.314,60.773],[-123.356,60.81],[-123.481,60.804],[-123.581,60.848],[-123.497,60.904],[-123.426,60.889],[-123.334,60.905],[-123.307,60.93],[-123.325,60.954],[-123.349,60.961],[-123.256,61.002],[-123.256,61.014],[-123.339,61.048],[-123.325,61.059],[-123.192,61.071],[-123.129,61.088],[-123.154,61.101],[-123.157,61.122],[-123.099,61.1],[-123.026,61.091],[-122.89,61.109],[-122.848,61.136],[-122.84,61.173],[-122.803,61.184],[-122.686,61.259],[-122.564,61.264],[-122.452,61.299],[-122.249,61.338],[-122.141,61.343],[-122.04,61.376],[-121.848,61.378],[-121.778,61.4]]}},{"type":"Feature","properties":{"layer":"river","name":"Beaver","rank":6},"geometry":{"type":"MultiLineString","coordinates":[[[-112.741,54.4],[-112.735,54.419],[-112.763,54.451],[-112.763,54.477],[-112.737,54.492],[-112.727,54.53],[-112.689,54.54],[-112.652,54.591],[-112.598,54.619]],[[-112.598,54.619],[-112.597,54.619],[-112.604,54.619],[-112.598,54.619]],[[-112.598,54.619],[-112.329,54.612],[-112.337,54.598],[-112.23,54.568],[-112.159,54.516],[-112.123,54.466],[-112.1,54.461],[-112.008,54.482],[-111.864,54.473],[-111.753,54.461],[-111.719,54.441],[-111.625,54.445],[-111.51,54.404],[-111.46,54.438],[-111.404,54.421],[-111.35,54.453],[-111.279,54.46],[-111.176,54.419],[-111.123,54.365],[-111.075,54.365],[-110.981,54.402],[-110.932,54.406],[-110.808,54.379],[-110.764,54.392],[-110.662,54.388],[-110.578,54.425],[-110.507,54.42],[-110.459,54.447],[-110.373,54.446],[-110.325,54.434],[-110.263,54.362],[-110.19,54.343],[-110.044,54.255],[-109.978,54.265],[-109.878,54.251],[-109.523,54.321],[-109.441,54.3],[-109.421,54.286],[-109.423,54.269],[-109.39,54.249],[-109.315,54.265],[-109.246,54.242],[-109.144,54.29],[-109.1,54.27],[-109.0,54.304],[-108.959,54.289],[-108.778,54.276],[-108.702,54.249],[-108.584,54.288],[-108.465,54.29],[-108.388,54.319],[-108.303,54.297],[-108.17,54.297],[-108.047,54.338],[-107.963,54.338],[-107.915,54.356],[-107.834,54.338],[-107.824,54.355],[-107.872,54.429],[-107.877,54.47],[-107.871,54.509],[-107.834,54.516],[-107.795,54.555],[-107.775,54.656],[-107.776,54.7],[-107.806,54.756],[-107.8,54.883],[-107.713,54.997],[-107.7,55.051],[-107.67,55.071],[-107.615,55.15],[-107.622,55.219],[-107.643,55.242],[-107.635,55.284],[-107.677,55.332],[-107.702,55.387],[-107.74,55.408]]]}},{"type":"Feature","properties":{"layer":"river","name":"Finlay","rank":6},"geometry":{"type":"LineString","coordinates":[[-125.0,56.954],[-124.953,56.911],[-124.952,56.887],[-124.925,56.846],[-124.894,56.822],[-124.865,56.775],[-124.836,56.757]]}},{"type":"Feature","properties":{"layer":"river","name":"Pend Orielle","rank":6},"geometry":{"type":"LineString","coordinates":[[-116.57,48.25],[-116.677,48.256],[-116.746,48.169],[-116.79,48.152],[-116.855,48.183],[-117.0,48.19],[-117.075,48.241],[-117.213,48.259],[-117.233,48.271],[-117.276,48.369],[-117.285,48.472],[-117.255,48.506],[-117.278,48.538],[-117.348,48.59],[-117.348,48.627],[-117.389,48.703],[-117.406,48.808],[-117.317,48.937],[-117.343,49.03],[-117.399,49.053],[-117.471,49.055],[-117.626,49.018]]}},{"type":"Feature","properties":{"layer":"river","name":"","rank":5},"geometry":{"type":"LineString","coordinates":[[-103.447,61.366],[-103.439,61.4]]}},{"type":"Feature","properties":{"layer":"river","name":"","rank":5},"geometry":{"type":"LineString","coordinates":[[-103.717,60.952],[-103.767,61.01],[-103.774,61.083],[-103.717,61.152],[-103.475,61.255],[-103.448,61.322],[-103.447,61.366]]}},{"type":"Feature","properties":{"layer":"river","name":"Athabasca","rank":5},"geometry":{"type":"MultiLineString","coordinates":[[[-111.016,58.691],[-111.142,58.686],[-111.184,58.697],[-111.24,58.728],[-111.28,58.788]],[[-111.075,58.505],[-111.07,58.558],[-111.016,58.691]]]}},{"type":"Feature","properties":{"layer":"river","name":"Athabasca","rank":5},"geometry":{"type":"MultiLineString","coordinates":[[[-111.411,59.005],[-111.35,58.986],[-111.28,58.944],[-111.173,58.926],[-111.212,58.884],[-111.254,58.864],[-111.281,58.812],[-111.28,58.788]],[[-114.042,55.168],[-113.939,55.172],[-113.729,55.254],[-113.666,55.249],[-113.652,55.215],[-113.611,55.201],[-113.576,55.171],[-113.584,55.099],[-113.481,55.061],[-113.462,55.003],[-113.412,54.968],[-113.399,54.941],[-113.432,54.879],[-113.427,54.854],[-113.463,54.821],[-113.454,54.782],[-113.434,54.765],[-113.358,54.763]],[[-113.358,54.763],[-113.35,54.763],[-113.358,54.763],[-113.358,54.763]],[[-113.358,54.763],[-113.28,54.736],[-113.231,54.815],[-113.234,54.851],[-113.159,54.896],[-113.108,54.895],[-112.993,54.948],[-112.898,54.976],[-112.731,54.987],[-112.727,55.023],[-112.741,55.041],[-112.864,55.075],[-112.859,55.107],[-112.816,55.181],[-112.805,55.239],[-112.744,55.287],[-112.706,55.29],[-112.681,55.309],[-112.733,55.436],[-112.768,55.483],[-112.756,55.495],[-112.782,55.513],[-112.755,55.55],[-112.761,55.585],[-112.787,55.614],[-112.775,55.647],[-112.731,55.689],[-112.673,55.701],[-112.597,55.75],[-112.615,55.757],[-112.617,55.797],[-112.665,55.907],[-112.624,55.948],[-112.652,55.962],[-112.617,56.017],[-112.633,56.028],[-112.638,56.065],[-112.596,56.089],[-112.584,56.136],[-112.55,56.159],[-112.528,56.198],[-112.549,56.249],[-112.654,56.358],[-112.673,56.414],[-112.734,56.428],[-112.645,56.483],[-112.608,56.489],[-112.598,56.522],[-112.441,56.516],[-112.426,56.543],[-112.384,56.545],[-112.398,56.572],[-112.343,56.565],[-112.323,56.579],[-112.311,56.567],[-112.192,56.545],[-111.98,56.593],[-111.902,56.582],[-111.884,56.594],[-111.833,56.575],[-111.781,56.606],[-111.67,56.617],[-111.603,56.654],[-111.446,56.709],[-111.413,56.734],[-111.397,56.793],[-111.452,56.99],[-111.48,57.013],[-111.495,57.048],[-111.595,57.123],[-111.621,57.162],[-111.634,57.249],[-111.664,57.306],[-111.665,57.347],[-111.638,57.428],[-111.583,57.49],[-111.516,57.533],[-111.499,57.591],[-111.39,57.711],[-111.368,57.769],[-111.375,57.858],[-111.42,57.924],[-111.412,57.962],[-111.336,58.031],[-111.384,58.098],[-111.359,58.19],[-111.382,58.208],[-111.428,58.22],[-111.426,58.253],[-111.486,58.258],[-111.504,58.317],[-111.522,58.336],[-111.528,58.401],[-111.473,58.446],[-111.399,58.451],[-111.373,58.439],[-111.336,58.45],[-111.254,58.437],[-111.175,58.456],[-111.069,58.456],[-111.057,58.481],[-111.075,58.505]],[[-117.592,52.179],[-117.585,52.179]],[[-117.592,52.179],[-117.545,52.189],[-117.521,52.21],[-117.589,52.348],[-117.654,52.406],[-117.645,52.456],[-117.67,52.552],[-117.857,52.62],[-117.885,52.728],[-118.013,52.809],[-118.048,52.844],[-118.062,52.881],[-118.035,52.957],[-118.101,53.038],[-118.023,53.103],[-117.979,53.216],[-117.887,53.236],[-117.87,53.252],[-117.86,53.312],[-117.842,53.338],[-117.798,53.351],[-117.772,53.375],[-117.697,53.385],[-117.553,53.451],[-117.497,53.465],[-117.474,53.497],[-117.396,53.52],[-117.35,53.565],[-117.32,53.571],[-117.272,53.614],[-117.192,53.647],[-117.176,53.669],[-117.175,53.748],[-117.162,53.765],[-117.177,53.792],[-117.203,53.806],[-117.189,53.828],[-117.077,53.94],[-116.884,54.003],[-116.795,54.058],[-116.737,54.123],[-116.464,54.221],[-116.265,54.251],[-116.119,54.228],[-116.072,54.235],[-116.018,54.19],[-115.979,54.18],[-115.968,54.194],[-115.822,54.191],[-115.735,54.146],[-115.645,54.169],[-115.44,54.154]],[[-115.44,54.154],[-115.433,54.153],[-115.441,54.153],[-115.44,54.154]],[[-115.44,54.154],[-115.368,54.175],[-115.336,54.162],[-115.235,54.159],[-115.194,54.18],[-115.101,54.2],[-115.077,54.228],[-114.951,54.294],[-114.943,54.305],[-114.961,54.318],[-114.944,54.327],[-114.895,54.315],[-114.863,54.328],[-114.821,54.318],[-114.775,54.332],[-114.64,54.33],[-114.589,54.364],[-114.53,54.382],[-114.523,54.41],[-114.536,54.434],[-114.494,54.436],[-114.43,54.483],[-114.339,54.516],[-114.317,54.561],[-114.337,54.591],[-114.314,54.648],[-114.337,54.68],[-114.31,54.71],[-114.275,54.789],[-114.275,54.818],[-114.203,54.878],[-114.215,54.905],[-114.19,54.988],[-114.154,55.037],[-114.104,55.06],[-114.059,55.121],[-114.049,55.174]],[[-114.049,55.174],[-114.049,55.168]]]}},{"type":"Feature","properties":{"layer":"river","name":"Fraser","rank":5},"geometry":{"type":"MultiLineString","coordinates":[[[-118.319,52.522],[-118.587,52.778],[-118.611,52.845],[-118.932,52.957],[-119.051,53.029],[-119.198,53.043],[-119.346,52.986],[-119.476,52.974],[-119.56,53.009],[-119.582,53.043],[-119.649,53.053],[-119.656,53.069],[-119.687,53.073],[-119.844,53.155],[-119.855,53.148],[-119.923,53.172],[-119.94,53.196],[-120.025,53.214],[-120.124,53.304],[-120.209,53.354],[-120.289,53.374],[-120.42,53.449],[-120.415,53.461],[-120.429,53.473],[-120.526,53.496],[-120.557,53.546],[-120.623,53.546],[-120.633,53.577],[-120.673,53.584],[-120.708,53.628],[-120.762,53.638],[-120.832,53.681],[-120.886,53.692],[-120.9,53.741],[-120.944,53.737],[-120.988,53.759],[-121.058,53.764],[-121.078,53.772],[-121.069,53.79],[-121.126,53.779],[-121.163,53.817],[-121.208,53.813],[-121.256,53.847],[-121.29,53.827],[-121.322,53.857],[-121.41,53.902],[-121.456,53.879],[-121.473,53.909],[-121.551,53.916],[-121.647,53.944],[-121.634,53.962],[-121.645,53.977],[-121.688,53.999],[-121.659,54.007],[-121.656,54.021],[-121.728,54.05],[-121.766,54.036],[-121.793,54.071],[-121.923,54.133],[-121.985,54.182],[-122.129,54.2],[-122.15,54.222],[-122.272,54.217],[-122.364,54.259],[-122.398,54.26],[-122.443,54.235],[-122.51,54.224],[-122.546,54.2],[-122.543,54.17],[-122.588,54.146],[-122.56,54.125],[-122.57,54.087],[-122.673,54.014],[-122.662,53.985],[-122.71,53.975],[-122.693,53.941],[-122.75,53.897],[-122.751,53.869],[-122.716,53.763],[-122.717,53.726],[-122.735,53.69],[-122.711,53.664],[-122.727,53.571],[-122.678,53.516],[-122.686,53.493],[-122.65,53.425],[-122.657,53.405],[-122.805,53.393],[-122.828,53.384],[-122.886,53.322],[-122.863,53.288],[-122.795,53.262],[-122.719,53.166],[-122.656,53.149],[-122.558,53.097],[-122.567,53.077],[-122.538,53.052],[-122.518,52.977],[-122.448,52.877],[-122.488,52.654],[-122.475,52.612],[-122.484,52.564],[-122.44,52.518],[-122.374,52.38],[-122.292,52.339],[-122.278,52.281],[-122.277,52.196],[-122.29,52.129],[-122.262,52.016],[-122.276,51.989],[-122.268,51.951],[-122.299,51.91],[-122.387,51.875],[-122.408,51.758],[-122.364,51.722],[-122.33,51.671],[-122.327,51.635],[-122.281,51.556],[-122.274,51.508],[-122.221,51.439],[-122.243,51.347],[-122.236,51.313],[-122.194,51.282],[-122.139,51.189],[-122.065,51.163],[-122.026,51.122],[-121.964,51.09],[-121.923,51.008]],[[-121.923,51.008],[-121.917,51.008]],[[-121.923,51.008],[-121.887,50.984],[-121.862,50.946],[-121.878,50.828],[-121.845,50.768],[-121.875,50.759],[-121.91,50.775],[-121.926,50.761],[-121.918,50.677],[-121.745,50.514],[-121.687,50.429],[-121.676,50.364],[-121.581,50.233],[-121.581,50.172],[-121.547,50.049],[-121.507,49.97],[-121.451,49.92],[-121.445,49.788],[-121.424,49.744],[-121.439,49.67],[-121.412,49.6],[-121.433,49.55],[-121.427,49.501],[-121.443,49.403],[-121.498,49.376],[-121.567,49.374],[-121.628,49.338],[-121.691,49.284],[-121.7,49.24],[-121.721,49.215],[-121.843,49.209],[-121.906,49.219],[-122.06,49.179],[-122.2,49.168],[-122.331,49.113],[-122.437,49.171],[-122.543,49.171],[-122.615,49.212],[-122.708,49.185],[-122.745,49.215],[-122.787,49.225],[-122.862,49.223],[-122.951,49.164],[-123.041,49.151]]]}},{"type":"Feature","properties":{"layer":"river","name":"Saskatchewan","rank":4},"geometry":{"type":"MultiLineString","coordinates":[[[-103.891,53.481],[-103.704,53.55],[-103.658,53.608],[-103.632,53.621],[-103.545,53.634],[-103.457,53.618],[-103.421,53.652]],[[-97.914,53.519],[-98.002,53.459],[-98.139,53.409],[-98.279,53.395],[-98.978,53.27],[-99.216,53.212],[-99.247,53.189]],[[-100.323,53.593],[-100.279,53.548],[-100.11,53.473],[-100.036,53.379],[-99.996,53.24],[-99.932,53.2],[-99.857,53.185],[-99.787,53.191],[-99.676,53.244],[-99.614,53.25],[-99.549,53.244],[-99.499,53.22],[-99.466,53.185],[-99.33,53.159]],[[-102.437,53.982],[-102.405,53.982],[-102.381,53.966]]]}},{"type":"Feature","properties":{"layer":"river","name":"Saskatchewan","rank":4},"geometry":{"type":"MultiLineString","coordinates":[[[-103.894,53.482],[-103.95,53.451],[-103.968,53.403],[-103.996,53.394],[-104.031,53.358],[-104.023,53.326],[-104.071,53.298],[-104.223,53.297],[-104.274,53.283],[-104.312,53.297],[-104.464,53.234],[-104.523,53.24],[-104.738,53.212],[-104.801,53.161],[-104.84,53.159],[-104.846,53.138],[-104.943,53.187],[-104.937,53.214],[-104.955,53.228],[-104.97,53.215],[-105.065,53.24]],[[-100.323,53.591],[-100.31,53.632],[-100.336,53.665],[-100.38,53.675],[-100.475,53.673],[-100.519,53.687],[-100.711,53.653],[-100.79,53.675],[-100.865,53.646],[-100.916,53.655],[-100.961,53.701],[-100.981,53.749],[-100.974,53.755],[-101.063,53.796],[-101.068,53.82],[-101.036,53.879],[-101.075,53.886],[-101.204,53.852],[-101.342,53.857],[-101.436,53.927],[-101.44,53.992],[-101.5,54.04],[-101.564,53.961],[-101.67,53.931],[-101.697,53.901],[-101.788,53.885],[-102.124,53.883],[-102.381,53.966]],[[-102.434,53.982],[-102.531,53.978],[-102.614,54.025],[-102.634,54.051],[-102.77,54.077],[-102.845,54.05],[-102.943,54.053],[-103.024,54.004],[-103.036,53.939],[-103.085,53.878],[-103.06,53.827],[-103.03,53.804],[-103.031,53.785],[-103.136,53.74],[-103.236,53.728],[-103.385,53.685],[-103.421,53.653]],[[-99.247,53.189],[-99.267,53.156],[-99.33,53.159]]]}},{"type":"Feature","properties":{"layer":"river","name":"North Saskatchewan","rank":4},"geometry":{"type":"MultiLineString","coordinates":[[[-117.132,52.014],[-117.061,52.071],[-116.97,52.098],[-116.939,52.089],[-116.902,52.04],[-116.838,51.993],[-116.774,51.974],[-116.739,51.977],[-116.665,52.023],[-116.566,52.034],[-116.504,52.019],[-116.433,52.031],[-116.418,52.049],[-116.422,52.12],[-116.455,52.184],[-116.454,52.225],[-116.378,52.269],[-116.352,52.319],[-116.198,52.43],[-116.047,52.426],[-115.961,52.41],[-115.727,52.455],[-115.62,52.461],[-115.494,52.44],[-115.477,52.406],[-115.444,52.379],[-115.418,52.376],[-115.354,52.403],[-115.307,52.392],[-115.263,52.412],[-115.056,52.335],[-114.948,52.373],[-114.95,52.391],[-114.995,52.454],[-114.982,52.522],[-115.049,52.589],[-115.094,52.734],[-115.163,52.758],[-115.187,52.803],[-115.146,52.809],[-115.167,52.865],[-115.235,52.906],[-115.215,52.927],[-115.202,52.968],[-115.215,52.991],[-115.203,53.044],[-115.04,53.064],[-115.008,53.091],[-114.969,53.097],[-114.972,53.142],[-114.914,53.226],[-114.862,53.248],[-114.875,53.274],[-114.796,53.324],[-114.53,53.311],[-114.473,53.341],[-114.406,53.352],[-114.412,53.365],[-114.384,53.403],[-114.341,53.42],[-114.251,53.369],[-114.025,53.324],[-113.865,53.352],[-113.71,53.358],[-113.667,53.381],[-113.673,53.407],[-113.638,53.447],[-113.632,53.482],[-113.613,53.478],[-113.56,53.529],[-113.487,53.529],[-113.453,53.55],[-113.382,53.554],[-113.374,53.588],[-113.286,53.644],[-113.285,53.677],[-113.228,53.701],[-113.097,53.817],[-113.077,53.852],[-112.946,53.899],[-112.881,53.941],[-112.823,54.046],[-112.782,54.057],[-112.735,54.051],[-112.593,53.999],[-112.531,54.002],[-112.459,53.989],[-112.416,53.995],[-112.385,54.02],[-112.264,54.059],[-112.241,54.057],[-112.172,54.016],[-112.187,53.987],[-112.028,53.941],[-111.979,53.911],[-111.899,53.919],[-111.864,53.906],[-111.818,53.922],[-111.743,53.898],[-111.733,53.879],[-111.758,53.83],[-111.753,53.81],[-111.721,53.783],[-111.665,53.776],[-111.449,53.79],[-111.377,53.735],[-111.148,53.745],[-110.918,53.854],[-110.767,53.858],[-110.719,53.838],[-110.638,53.849],[-110.548,53.8],[-110.521,53.758],[-110.432,53.739],[-110.335,53.66],[-110.307,53.658],[-110.27,53.681],[-110.202,53.694],[-110.119,53.637],[-109.888,53.56],[-109.816,53.548],[-109.742,53.592],[-109.64,53.577],[-109.623,53.536],[-109.53,53.463],[-109.531,53.446],[-109.554,53.427],[-109.547,53.416],[-109.441,53.368],[-109.287,53.385],[-109.265,53.378],[-109.225,53.33],[-109.085,53.283],[-109.054,53.248],[-109.041,53.207],[-108.967,53.161],[-108.835,53.015],[-108.756,52.982],[-108.649,52.968],[-108.334,52.837],[-108.33,52.818],[-108.372,52.762],[-108.348,52.736],[-108.328,52.734]],[[-105.065,53.24],[-105.22,53.254],[-105.34,53.231],[-105.586,53.235],[-105.645,53.209],[-105.82,53.201],[-105.895,53.155],[-105.977,53.138],[-106.023,53.192],[-106.052,53.201],[-106.183,53.161],[-106.257,53.093],[-106.359,53.031],[-106.473,52.898],[-106.671,52.776],[-106.861,52.632],[-106.877,52.557],[-106.928,52.457],[-106.995,52.378],[-107.047,52.369],[-107.101,52.385],[-107.173,52.344],[-107.242,52.332],[-107.396,52.34],[-107.864,52.556],[-108.026,52.57],[-108.156,52.666],[-108.264,52.716],[-108.334,52.734]]]}},{"type":"Feature","properties":{"layer":"river","name":"Columbia","rank":3},"geometry":{"type":"MultiLineString","coordinates":[[[-117.873,51.87],[-117.726,51.814],[-117.662,51.763],[-117.632,51.72],[-117.517,51.659]],[[-117.88,50.103],[-117.827,50.132],[-117.81,50.178],[-117.908,50.351],[-117.92,50.392],[-117.926,50.585],[-117.906,50.682]],[[-118.366,52.09],[-118.45,52.104],[-118.527,52.102]],[[-117.907,49.342],[-118.027,49.407],[-118.083,49.451],[-118.123,49.506],[-118.143,49.622],[-118.092,49.802]],[[-118.168,48.232],[-118.168,48.284],[-118.194,48.352],[-118.209,48.462],[-118.134,48.599],[-118.072,48.664]]]}},{"type":"Feature","properties":{"layer":"river","name":"Columbia","rank":3},"geometry":{"type":"MultiLineString","coordinates":[[[-117.517,51.659],[-117.504,51.629],[-117.394,51.524],[-117.253,51.505],[-117.112,51.453],[-117.003,51.317],[-116.938,51.264],[-116.871,51.175],[-116.514,51.006],[-116.436,50.955],[-116.388,50.913],[-116.352,50.86],[-116.153,50.693],[-115.991,50.455],[-115.896,50.368],[-115.872,50.335],[-115.865,50.287]],[[-117.906,50.683],[-117.982,50.726],[-118.014,50.812],[-118.055,50.819],[-118.079,50.844],[-118.12,50.857],[-118.111,50.875],[-118.122,50.889],[-118.183,50.932],[-118.215,50.976],[-118.22,51.026],[-118.189,51.073],[-118.214,51.143],[-118.214,51.191],[-118.254,51.261],[-118.319,51.309],[-118.394,51.343],[-118.437,51.387],[-118.539,51.543],[-118.61,51.584],[-118.627,51.637],[-118.668,51.672],[-118.686,51.766],[-118.654,51.83],[-118.586,51.888],[-118.58,51.974],[-118.598,52.035],[-118.567,52.084],[-118.53,52.102]],[[-118.092,49.802],[-118.085,49.883],[-118.068,49.908],[-117.91,49.992],[-117.9,50.017],[-117.93,50.089],[-117.88,50.103]],[[-118.366,52.09],[-118.26,52.033],[-118.066,51.972],[-117.99,51.919],[-117.892,51.887],[-117.873,51.87]],[[-118.074,48.664],[-118.042,48.679],[-118.062,48.746],[-118.032,48.762],[-118.003,48.8],[-117.937,48.816],[-117.739,48.952],[-117.647,48.988],[-117.621,49.033],[-117.628,49.066],[-117.647,49.085],[-117.728,49.12],[-117.722,49.167],[-117.663,49.228],[-117.659,49.327],[-117.715,49.346],[-117.907,49.342]],[[-118.168,48.232],[-118.196,48.171],[-118.189,48.15],[-118.232,48.108],[-118.253,48.037],[-118.278,48.026],[-118.377,48.03],[-118.383,48.012],[-118.346,47.965],[-118.339,47.893],[-118.351,47.852],[-118.387,47.834],[-118.445,47.869],[-118.521,47.879],[-118.531,47.903],[-118.571,47.925],[-118.679,47.938],[-118.716,47.91],[-118.764,47.904],[-118.792,47.907],[-118.817,47.935],[-118.846,47.94],[-118.948,47.932],[-118.963,47.939],[-118.976,48.019],[-119.024,48.048],[-119.062,48.122],[-119.087,48.131],[-119.162,48.133],[-119.271,48.096],[-119.312,48.108],[-119.345,48.05],[-119.364,48.041],[-119.504,48.07],[-119.652,48.009],[-119.707,48.016],[-119.689,48.06],[-119.702,48.075],[-119.778,48.095],[-119.806,48.075],[-119.853,48.073],[-119.896,48.056],[-119.9,48.044],[-119.859,47.948],[-119.905,47.907],[-119.905,47.872],[-119.99,47.793],[-120.053,47.78],[-120.111,47.787],[-120.19,47.753],[-120.179,47.688],[-120.199,47.667],[-120.216,47.6]]]}},{"type":"Feature","properties":{"layer":"river","name":"Peace","rank":2},"geometry":{"type":"MultiLineString","coordinates":[[[-124.836,56.757],[-124.794,56.707],[-124.704,56.659],[-124.65,56.597],[-124.549,56.531],[-124.481,56.447],[-124.422,56.341],[-124.27,56.227],[-124.143,56.15],[-123.97,55.999],[-123.916,55.99],[-123.74,56.044],[-123.184,55.985],[-123.114,56.005],[-123.056,56.067],[-122.893,56.088],[-122.744,56.09],[-122.615,56.14],[-122.569,56.142],[-122.481,56.12],[-122.369,56.111],[-122.305,56.089],[-122.225,56.049],[-122.222,56.021]],[[-113.713,58.669],[-113.74,58.672],[-113.783,58.708],[-113.823,58.71]]]}},{"type":"Feature","properties":{"layer":"river","name":"Peace","rank":2},"geometry":{"type":"MultiLineString","coordinates":[[[-113.823,58.71],[-113.981,58.662],[-114.173,58.648],[-114.287,58.589],[-114.401,58.553],[-114.478,58.549],[-114.649,58.442],[-114.735,58.429],[-114.868,58.376],[-115.054,58.388],[-115.27,58.354],[-115.558,58.44],[-115.663,58.395],[-115.737,58.412],[-115.818,58.465],[-115.932,58.468],[-115.954,58.456],[-115.961,58.426],[-116.214,58.399],[-116.256,58.362],[-116.383,58.327],[-116.441,58.258],[-116.496,58.265],[-116.479,58.303],[-116.495,58.32],[-116.544,58.313],[-116.599,58.285],[-116.693,58.282],[-116.71,58.265],[-116.69,58.247],[-116.59,58.254],[-116.588,58.227],[-116.62,58.203],[-116.557,58.148],[-116.564,58.129],[-116.603,58.104],[-116.667,58.094],[-116.712,58.112],[-116.908,58.115],[-116.996,58.071],[-117.101,58.051],[-117.164,57.944],[-117.041,57.852],[-117.046,57.84],[-117.111,57.829],[-117.138,57.806],[-117.12,57.792],[-117.053,57.794],[-117.015,57.764],[-117.038,57.747],[-117.097,57.768],[-117.137,57.747],[-117.079,57.71],[-117.076,57.683],[-117.115,57.64],[-117.106,57.624],[-116.969,57.6],[-116.958,57.568],[-116.986,57.545],[-117.086,57.545],[-117.12,57.538],[-117.14,57.518],[-117.071,57.498],[-117.049,57.468],[-117.131,57.39],[-117.153,57.322],[-117.167,57.312],[-117.145,57.29],[-117.095,57.284],[-117.085,57.254],[-117.12,57.222],[-117.134,57.155],[-117.279,57.129],[-117.264,57.111],[-117.207,57.104],[-117.181,57.086],[-117.228,57.066],[-117.243,56.983],[-117.277,56.894],[-117.323,56.885],[-117.333,56.871],[-117.287,56.85],[-117.28,56.835],[-117.287,56.809],[-117.272,56.777],[-117.277,56.759],[-117.215,56.759],[-117.181,56.744],[-117.244,56.724],[-117.256,56.709],[-117.151,56.655],[-117.161,56.613],[-117.113,56.59],[-117.115,56.516],[-117.129,56.478],[-117.209,56.366],[-117.284,56.332],[-117.316,56.268],[-117.324,56.219],[-117.707,56.055],[-117.793,56.037],[-117.809,56.026],[-117.804,56.007],[-117.877,55.957],[-118.012,55.928],[-118.286,55.929],[-118.31,55.938]],[[-118.31,55.938],[-118.311,55.939],[-118.305,55.939],[-118.31,55.938]],[[-118.31,55.938],[-118.405,55.915],[-118.639,55.926],[-118.675,55.947],[-118.788,55.972],[-118.858,56.041],[-118.946,56.048],[-118.955,56.072],[-118.946,56.083],[-118.894,56.117],[-118.986,56.211],[-118.984,56.233],[-118.955,56.268],[-118.975,56.286],[-119.096,56.285],[-119.158,56.319],[-119.201,56.326],[-119.413,56.244],[-119.494,56.243],[-119.565,56.221],[-119.589,56.199],[-119.788,56.191],[-119.908,56.149],[-120.041,56.156],[-120.171,56.122],[-120.461,56.12],[-120.587,56.156],[-120.719,56.159],[-120.815,56.209],[-120.868,56.195],[-120.899,56.201],[-120.976,56.245],[-121.061,56.225],[-121.08,56.243],[-121.155,56.243],[-121.197,56.274],[-121.232,56.278],[-121.304,56.241],[-121.41,56.241],[-121.557,56.193],[-121.621,56.154],[-121.764,56.128],[-122.013,55.98],[-122.153,55.956],[-122.229,55.991],[-122.235,56.009],[-122.222,56.021]],[[-111.411,59.005],[-111.429,58.988],[-111.536,58.962],[-111.574,58.928],[-111.562,58.908],[-111.582,58.901],[-111.674,58.949],[-111.774,58.95],[-111.819,58.971],[-111.919,58.936],[-112.015,58.93],[-112.07,58.954],[-112.074,58.974],[-112.012,59.027],[-111.925,59.055],[-111.926,59.094],[-111.951,59.114],[-112.11,59.067],[-112.152,59.066],[-112.2,59.094],[-112.288,59.114],[-112.442,59.112],[-112.54,59.164],[-112.654,59.169],[-112.808,59.101],[-112.881,59.002],[-112.989,58.911],[-113.032,58.895],[-113.121,58.894],[-113.138,58.882],[-113.136,58.868],[-113.098,58.849],[-113.123,58.816],[-113.207,58.806],[-113.329,58.766],[-113.412,58.765],[-113.39,58.716],[-113.498,58.71],[-113.56,58.683],[-113.65,58.693],[-113.713,58.669]]]}},{"type":"Feature","properties":{"layer":"river","name":"Mackenzie","rank":2},"geometry":{"type":"LineString","coordinates":[[-113.704,61.246],[-113.771,61.232],[-114.157,61.295],[-114.386,61.347],[-114.644,61.379],[-114.858,61.37],[-115.011,61.338],[-115.717,61.086],[-115.907,61.046],[-116.089,61.036],[-116.369,61.061],[-116.754,61.058],[-117.072,61.098],[-117.308,61.174],[-117.466,61.252],[-117.668,61.308]]}},{"type":"Feature","properties":{"layer":"river","name":"Mackenzie","rank":2},"geometry":{"type":"MultiLineString","coordinates":[[[-117.668,61.308],[-117.698,61.374],[-117.769,61.4]],[[-118.349,61.4],[-118.381,61.351],[-118.441,61.326],[-118.694,61.298],[-118.818,61.258],[-119.153,61.228],[-119.367,61.24],[-119.479,61.222],[-119.61,61.274],[-119.731,61.286],[-119.941,61.333],[-120.134,61.4]]]}},{"type":"Feature","properties":{"layer":"river","name":"Slave","rank":2},"geometry":{"type":"LineString","coordinates":[[-111.411,59.005],[-111.425,59.028],[-111.397,59.077],[-111.422,59.133],[-111.376,59.203],[-111.461,59.221],[-111.507,59.245],[-111.465,59.275],[-111.37,59.313],[-111.432,59.348],[-111.467,59.444],[-111.432,59.518],[-111.411,59.628],[-111.429,59.657],[-111.514,59.71],[-111.521,59.765],[-111.565,59.821],[-111.569,59.868],[-111.584,59.886],[-111.635,59.907],[-111.637,59.937],[-111.699,59.957],[-111.693,59.964],[-111.708,59.975],[-111.761,59.978],[-111.802,60.005],[-111.898,60.04],[-111.956,60.046],[-112.144,60.03],[-112.177,60.053],[-112.293,60.218],[-112.391,60.3],[-112.494,60.334],[-112.528,60.325],[-112.588,60.332],[-112.686,60.368],[-112.66,60.382],[-112.46,60.367],[-112.445,60.424],[-112.511,60.48],[-112.453,60.519],[-112.51,60.541],[-112.714,60.56],[-112.828,60.615],[-112.871,60.67],[-112.866,60.729],[-112.994,60.767],[-112.989,60.782],[-112.938,60.793],[-112.926,60.81],[-112.94,60.824],[-113.006,60.823],[-113.029,60.813],[-113.055,60.777],[-113.101,60.761],[-113.15,60.759],[-113.215,60.792],[-113.248,60.835],[-113.258,60.951],[-113.219,60.985],[-113.103,61.043],[-113.112,61.065],[-113.208,61.101],[-113.144,61.177],[-113.234,61.191],[-113.241,61.206],[-113.233,61.215],[-113.166,61.232],[-113.191,61.255],[-113.282,61.228],[-113.325,61.25],[-113.383,61.255],[-113.399,61.273],[-113.468,61.266],[-113.563,61.28],[-113.621,61.253],[-113.704,61.246]]}},{"type":"Feature","properties":{"layer":"river","name":"Missouri","rank":1},"geometry":{"type":"MultiLineString","coordinates":[[[-108.196,47.602],[-107.974,47.6]],[[-107.705,47.6],[-107.658,47.646],[-107.584,47.664],[-107.452,47.635],[-107.422,47.641],[-107.398,47.698],[-107.372,47.712],[-107.197,47.676],[-106.93,47.688],[-106.879,47.712],[-106.868,47.746],[-106.845,47.757],[-106.728,47.764],[-106.557,47.841],[-106.51,47.905],[-106.437,47.961],[-106.406,48.02]],[[-102.186,47.6],[-102.254,47.623],[-102.266,47.643],[-102.243,47.7],[-102.292,47.79],[-102.313,47.806],[-102.362,47.787],[-102.441,47.779],[-102.594,47.81],[-102.64,47.839],[-102.622,47.949],[-102.56,48.007],[-102.779,48.131],[-102.968,48.16],[-103.154,48.158],[-103.191,48.138],[-103.256,48.071],[-103.385,48.054],[-103.467,48.024],[-103.508,48.036],[-103.551,48.128],[-103.585,48.144],[-103.678,48.108],[-103.771,48.029]]]}},{"type":"Feature","properties":{"layer":"river","name":"Missouri","rank":1},"geometry":{"type":"MultiLineString","coordinates":[[[-108.191,47.602],[-108.241,47.6]],[[-108.395,47.6],[-108.426,47.633],[-108.454,47.618],[-108.489,47.629],[-108.648,47.635],[-108.7,47.658],[-108.745,47.656],[-108.777,47.705],[-108.866,47.744],[-108.916,47.739],[-108.93,47.753],[-108.911,47.79],[-108.941,47.814],[-109.04,47.814],[-109.119,47.79],[-109.163,47.808],[-109.237,47.814],[-109.388,47.753],[-109.435,47.747],[-109.533,47.767],[-109.626,47.761],[-109.705,47.726],[-109.832,47.735],[-109.87,47.751],[-109.888,47.778],[-110.049,47.843],[-110.058,47.939],[-110.109,48.017],[-110.16,48.055],[-110.188,48.055],[-110.248,48.017],[-110.283,48.025],[-110.38,47.969],[-110.448,47.951],[-110.469,47.918],[-110.442,47.918],[-110.473,47.892],[-110.527,47.875],[-110.564,47.888],[-110.572,47.856],[-110.613,47.85],[-110.76,47.773],[-110.888,47.788],[-110.997,47.687],[-111.028,47.633],[-111.065,47.6]],[[-103.772,48.027],[-103.784,48.015],[-103.818,48.015],[-103.834,47.988],[-103.855,47.983],[-104.035,48.013],[-104.102,48.052],[-104.147,48.047],[-104.147,48.067],[-104.16,48.075],[-104.221,48.049],[-104.391,48.102],[-104.418,48.13],[-104.545,48.13],[-104.569,48.144],[-104.619,48.122],[-104.709,48.123],[-104.816,48.136],[-104.86,48.157],[-104.877,48.154],[-104.904,48.123],[-104.939,48.116],[-104.958,48.093],[-105.017,48.075],[-105.065,48.075],[-105.141,48.108],[-105.176,48.077],[-105.196,48.095],[-105.23,48.102],[-105.448,48.108],[-105.505,48.089],[-105.608,48.086],[-105.62,48.061],[-105.671,48.065],[-105.696,48.047],[-105.738,48.047],[-105.823,48.02],[-105.881,48.041],[-105.875,48.02],[-105.949,48.026],[-105.981,48.041],[-105.984,48.013],[-106.002,48.013],[-106.046,48.041],[-106.087,48.013],[-106.108,48.02],[-106.101,48.037],[-106.12,48.043],[-106.172,48.041],[-106.354,48.07],[-106.39,48.06],[-106.406,48.021]]]}}]}
