{"type":"FeatureCollection","name":"Ecoregions of Alberta and Saskatchewan (ELC v2.2)","comment":"National Ecological Framework for Canada v2.2 terrestrial ecoregions (Ecological Stratification Working Group 1995; Agriculture and Agri-Food Canada), clipped to Alberta and Saskatchewan, with the Alberta natural subregion attached by spatial overlap (Natural Regions Committee 2006). Generated by tools/ecoregions; see tools/ecoregions/README.md. These are digitised boundaries from a published survey, not the hand-traced approximations this file used to hold.","features":[{"type":"Feature","properties":{"key":"aspen_parkland","name":"Aspen Parkland","where":"central AB / SK","sort":0,"ecozone":"Prairies","ab_subregion":""},"geometry":{"type":"Polygon","coordinates":[[[-101.3647,48.9963],[-101.9565,48.9968],[-101.9901,49.0786],[-101.9718,49.1106],[-102.0066,49.1784],[-102.0515,49.1947],[-102.1296,49.1642],[-102.1528,49.2149],[-102.2089,49.2374],[-102.194,49.318],[-102.2133,49.3152],[-102.2292,49.2764],[-102.2531,49.2959],[-102.251,49.3701],[-102.2657,49.3849],[-102.3698,49.4177],[-102.4228,49.4784],[-102.4959,49.4807],[-102.5748,49.5224],[-102.6817,49.4851],[-102.7015,49.4589],[-102.8632,49.5205],[-102.9346,49.568],[-102.9785,49.6163],[-102.9834,49.6401],[-102.9695,49.6516],[-102.9881,49.6663],[-102.9898,49.6949],[-103.0188,49.7366],[-103.0499,49.7619],[-103.1164,49.7861],[-103.1517,49.8185],[-103.1334,49.8399],[-103.1615,49.8685],[-103.1647,49.8974],[-103.2069,49.9145],[-103.2149,49.9332],[-103.2499,49.9233],[-103.3768,49.9651],[-103.4082,49.9992],[-103.3964,50.0197],[-103.484,50.0499],[-103.4875,50.0759],[-103.5362,50.0697],[-103.5584,50.0822],[-103.571,50.0449],[-103.562,50.029],[-103.6125,50.0438],[-103.6248,50.0141],[-103.6594,50.0085],[-103.719,50.052],[-103.7464,50.056],[-103.761,50.0882],[-103.7764,50.0828],[-103.8119,50.0995],[-103.8251,50.1236],[-103.8509,50.1245],[-103.8769,50.1489],[-103.9343,50.1518],[-103.9454,50.1706],[-103.9169,50.1765],[-103.9269,50.1981],[-103.9677,50.2128],[-104.0,50.2416],[-104.0554,50.2453],[-104.0986,50.291],[-104.185,50.3201],[-104.206,50.3573],[-104.1945,50.3808],[-104.21,50.3775],[-104.2176,50.3894],[-104.2059,50.3918],[-104.2001,50.4145],[-104.221,50.4148],[-104.2223,50.4347],[-104.2353,50.4208],[-104.2493,50.4378],[-104.2906,50.4503],[-104.3075,50.4408],[-104.3172,50.4611],[-104.4135,50.5192],[-104.4333,50.5078],[-104.4974,50.5066],[-104.4821,50.5154],[-104.4846,50.529],[-104.5564,50.5694],[-104.6005,50.6483],[-104.6889,50.7007],[-104.7054,50.6751],[-104.7122,50.6912],[-104.777,50.6768],[-104.7728,50.6911],[-104.739,50.6932],[-104.73,50.7072],[-104.684,50.7228],[-104.6514,50.7628],[-104.5478,50.7877],[-104.5795,50.8147],[-104.6469,50.8052],[-104.6419,50.8165],[-104.6679,50.8469],[-104.6218,50.8191],[-104.6189,50.8358],[-104.5971,50.8187],[-104.5185,50.829],[-104.4532,50.7941],[-104.3649,50.7894],[-104.3397,50.8347],[-104.3685,50.8332],[-104.3461,50.8495],[-104.3828,50.8604],[-104.3163,50.8991],[-104.3277,50.9342],[-104.3049,50.9446],[-104.2974,50.9858],[-104.224,50.9911],[-104.3351,51.0464],[-104.3702,51.08],[-104.4322,51.0431],[-104.5196,51.0791],[-104.625,51.2103],[-104.6292,51.2786],[-104.6978,51.3254],[-104.7155,51.3612],[-104.7054,51.3869],[-104.6614,51.4213],[-104.6437,51.459],[-104.601,51.4904],[-104.5969,51.5624],[-104.5788,51.5965],[-104.4613,51.7025],[-104.4476,51.7393],[-104.4003,51.748],[-104.389,51.7664],[-104.4954,51.791],[-104.5654,51.7827],[-104.5884,51.8001],[-104.5862,51.8252],[-104.6155,51.8076],[-104.6386,51.8284],[-104.6951,51.7738],[-104.7411,51.7686],[-104.7157,51.7499],[-104.7559,51.7282],[-104.9192,51.7186],[-105.0941,51.7349],[-105.1432,51.7275],[-105.1826,51.7404],[-105.2298,51.721],[-105.2677,51.7212],[-105.323,51.7675],[-105.3415,51.8092],[-105.3758,51.8344],[-105.3877,51.8824],[-105.382,51.9307],[-105.4327,52.0181],[-105.4115,52.0693],[-105.3822,52.0989],[-105.3699,52.1552],[-105.2731,52.2385],[-105.2755,52.2626],[-105.3018,52.2802],[-105.4368,52.283],[-105.5607,52.306],[-105.6127,52.3426],[-105.6912,52.3476],[-105.7709,52.3788],[-105.8284,52.3455],[-105.9264,52.3491],[-105.9841,52.3165],[-105.9951,52.3147],[-105.994,52.3258],[-106.0506,52.2996],[-106.1152,52.3021],[-106.1152,52.3262],[-106.1381,52.3266],[-106.1312,52.3463],[-106.1436,52.3649],[-106.194,52.3646],[-106.2411,52.3566],[-106.2685,52.3048],[-106.3392,52.2751],[-106.3592,52.3068],[-106.4088,52.3039],[-106.3996,52.3334],[-106.4113,52.3321],[-106.4079,52.3468],[-106.418,52.3483],[-106.4991,52.3129],[-106.5151,52.3294],[-106.529,52.2878],[-106.5858,52.2849],[-106.6146,52.3076],[-106.7072,52.3209],[-106.713,52.3385],[-106.7236,52.3348],[-106.7476,52.361],[-106.7754,52.3434],[-106.833,52.3414],[-106.858,52.3579],[-106.908,52.3388],[-106.9341,52.361],[-107.0049,52.3725],[-107.0502,52.3634],[-107.1085,52.3819],[-107.1931,52.3454],[-107.3971,52.3392],[-107.5646,52.4175],[-107.5796,52.3866],[-107.6388,52.3723],[-107.6337,52.3198],[-107.6693,52.3466],[-107.6591,52.3274],[-107.6657,52.3066],[-107.654,52.2975],[-107.6708,52.2747],[-107.6901,52.2717],[-107.7127,52.2985],[-107.7317,52.2712],[-107.7603,52.2606],[-107.7551,52.2489],[-107.809,52.2403],[-107.8553,52.2517],[-107.9587,52.3072],[-107.9767,52.3406],[-108.052,52.3543],[-108.0263,52.3747],[-108.1092,52.3971],[-108.1428,52.3922],[-108.1354,52.381],[-108.1501,52.3765],[-108.2527,52.3823],[-108.2728,52.3897],[-108.2359,52.396],[-108.2649,52.415],[-108.3163,52.4026],[-108.3407,52.4302],[-108.3723,52.4255],[-108.3947,52.4385],[-108.399,52.4287],[-108.4469,52.4275],[-108.4768,52.4403],[-108.5703,52.405],[-108.5704,52.4292],[-108.5826,52.4351],[-108.5267,52.5278],[-108.5323,52.5614],[-108.5587,52.5766],[-108.6957,52.561],[-108.7164,52.5393],[-108.7444,52.5458],[-108.7547,52.5308],[-108.7932,52.5372],[-108.813,52.5251],[-108.8266,52.5316],[-108.8239,52.5508],[-108.8886,52.5685],[-108.8847,52.5879],[-108.9742,52.6174],[-109.0479,52.61],[-109.0687,52.6546],[-109.1306,52.6648],[-109.1501,52.6576],[-109.1417,52.6426],[-109.1559,52.6335],[-109.1962,52.6247],[-109.1889,52.6404],[-109.2169,52.6513],[-109.278,52.6195],[-109.2644,52.5985],[-109.3043,52.6033],[-109.2806,52.5626],[-109.3108,52.5614],[-109.311,52.5482],[-109.2164,52.4666],[-109.3506,52.4821],[-109.3993,52.5137],[-109.4766,52.4855],[-109.4891,52.5036],[-109.5626,52.5118],[-109.6166,52.5326],[-109.6319,52.5206],[-109.6784,52.5295],[-109.7092,52.5206],[-109.716,52.5383],[-109.7469,52.54],[-109.8274,52.4488],[-109.8273,52.4276],[-109.7662,52.3705],[-109.7895,52.3543],[-109.7573,52.3271],[-109.805,52.3261],[-109.7792,52.3037],[-109.7882,52.2844],[-109.7525,52.28],[-109.7227,52.2447],[-109.769,52.2477],[-109.8599,52.3182],[-109.913,52.3161],[-109.8859,52.2806],[-109.9064,52.262],[-109.933,52.2625],[-109.9603,52.2282],[-109.9351,52.1587],[-109.9811,52.1749],[-109.9678,52.1382],[-110.005,52.0988],[-110.0056,53.6001],[-109.8318,53.5426],[-109.7974,53.5469],[-109.7765,53.5813],[-109.7446,53.5928],[-109.6322,53.575],[-109.6317,53.534],[-109.6178,53.5158],[-109.5409,53.4754],[-109.5548,53.4357],[-109.5459,53.4191],[-109.4852,53.4032],[-109.4542,53.3739],[-109.4284,53.3669],[-109.3696,53.3844],[-109.273,53.3856],[-109.2195,53.3247],[-109.1637,53.3192],[-109.0653,53.275],[-109.048,53.2154],[-108.9488,53.1463],[-108.926,53.1039],[-108.8237,53.0185],[-108.6361,52.9717],[-108.5883,52.9445],[-108.5638,52.9405],[-108.5577,52.9617],[-108.5256,52.9761],[-108.5727,53.0122],[-108.5587,53.0321],[-108.5667,53.0469],[-108.6993,53.0836],[-108.7277,53.1178],[-108.6994,53.1379],[-108.623,53.1045],[-108.5975,53.1123],[-108.595,53.143],[-108.6416,53.1791],[-108.5418,53.2231],[-108.5296,53.2359],[-108.5423,53.2484],[-108.4418,53.2896],[-108.4626,53.2672],[-108.4275,53.2768],[-108.4385,53.2629],[-108.4064,53.2698],[-108.4289,53.2509],[-108.3929,53.2578],[-108.4245,53.2334],[-108.3863,53.2423],[-108.3931,53.2284],[-108.3596,53.2315],[-108.3521,53.2164],[-108.3019,53.2341],[-108.3171,53.2026],[-108.2932,53.1898],[-108.2491,53.1959],[-108.2588,53.1748],[-108.2301,53.1831],[-108.209,53.1644],[-108.1512,53.2063],[-108.1582,53.2511],[-108.1497,53.2696],[-108.0574,53.2793],[-107.9669,53.2401],[-107.8941,53.139],[-107.8907,53.1032],[-107.861,53.096],[-107.8637,53.0754],[-107.8356,53.0809],[-107.8363,53.0646],[-107.8124,53.0747],[-107.7608,53.0609],[-107.7714,53.0283],[-107.7329,53.0352],[-107.6113,53.0944],[-107.4777,53.0342],[-107.3936,53.0767],[-107.2993,53.0965],[-107.2753,53.0269],[-107.3027,52.9943],[-107.2878,52.9835],[-107.3208,52.9749],[-107.3025,52.9619],[-107.3239,52.9538],[-107.332,52.8972],[-107.3584,52.8682],[-107.35,52.8273],[-107.3176,52.8356],[-107.3058,52.852],[-107.2873,52.8385],[-107.2456,52.8358],[-107.2615,52.8453],[-107.2338,52.8491],[-107.237,52.8597],[-107.1902,52.9055],[-107.1813,52.8997],[-107.1997,52.8742],[-107.1593,52.8807],[-107.1293,52.9058],[-107.0662,52.8871],[-107.0223,52.9291],[-107.0314,52.9462],[-107.0158,52.9638],[-107.0423,52.9772],[-107.0032,53.025],[-106.9726,53.0244],[-106.9893,53.044],[-106.9614,53.0735],[-106.8989,53.0717],[-106.8935,53.0497],[-106.869,53.0482],[-106.8286,53.0616],[-106.7827,53.0995],[-106.7579,53.0611],[-106.7073,53.0246],[-106.7048,53.0096],[-106.7262,52.9844],[-106.7008,52.9841],[-106.6808,52.9648],[-106.6641,52.9698],[-106.6865,52.9434],[-106.6043,52.9269],[-106.5962,52.9089],[-106.6133,52.9082],[-106.6092,52.8943],[-106.5658,52.8794],[-106.5751,52.8583],[-106.5613,52.851],[-106.4904,52.8792],[-106.4423,52.8677],[-106.4409,52.8553],[-106.4602,52.8492],[-106.4571,52.8107],[-106.3954,52.8046],[-106.337,52.8174],[-106.2938,52.801],[-106.2499,52.8196],[-106.1987,52.8141],[-106.2062,52.7828],[-106.1939,52.7588],[-106.2171,52.7136],[-106.186,52.663],[-106.2251,52.6414],[-106.2322,52.6539],[-106.2507,52.652],[-106.29,52.6136],[-106.2772,52.5889],[-106.2387,52.5739],[-106.2096,52.5781],[-106.2079,52.5944],[-106.1771,52.6136],[-106.1986,52.623],[-106.1917,52.6355],[-106.1467,52.6266],[-106.1002,52.6386],[-106.1188,52.5988],[-105.9906,52.6154],[-105.9438,52.6535],[-105.9404,52.6686],[-105.9582,52.6944],[-105.9422,52.7284],[-105.9133,52.748],[-105.9684,52.731],[-105.9768,52.7817],[-105.8957,52.797],[-105.9106,52.764],[-105.8051,52.8172],[-105.8214,52.7809],[-105.8583,52.7603],[-105.8021,52.7409],[-105.8215,52.7013],[-105.7691,52.6944],[-105.8022,52.6718],[-105.8076,52.6481],[-105.7031,52.681],[-105.6375,52.68],[-105.587,52.7041],[-105.5896,52.6868],[-105.5697,52.6742],[-105.5291,52.6984],[-105.5318,52.7186],[-105.474,52.7527],[-105.4367,52.7556],[-105.4401,52.7752],[-105.364,52.8232],[-105.3564,52.7849],[-105.375,52.7478],[-105.3458,52.7249],[-105.3568,52.6336],[-105.3476,52.6048],[-105.3673,52.5783],[-105.3646,52.5461],[-105.3835,52.535],[-105.3949,52.5029],[-105.3876,52.4769],[-105.347,52.4844],[-105.3403,52.467],[-105.1692,52.4651],[-105.0903,52.4286],[-104.9572,52.4354],[-104.9378,52.4715],[-104.956,52.5209],[-104.9354,52.5805],[-104.9179,52.5901],[-104.8735,52.5628],[-104.7912,52.5679],[-104.7527,52.5555],[-104.7247,52.5093],[-104.7277,52.437],[-104.6735,52.4083],[-104.6185,52.4203],[-104.5555,52.4722],[-104.53,52.4726],[-104.5109,52.5227],[-104.5226,52.5417],[-104.5018,52.5477],[-104.3981,52.5152],[-104.3667,52.5307],[-104.3499,52.5011],[-104.2776,52.4821],[-104.2469,52.4523],[-104.1198,52.4385],[-103.9599,52.3816],[-103.9487,52.3711],[-103.9578,52.3595],[-103.9111,52.3679],[-103.936,52.3846],[-103.9396,52.4096],[-103.917,52.3972],[-103.8826,52.4083],[-103.8181,52.3866],[-103.7939,52.3941],[-103.7965,52.4042],[-103.7656,52.4299],[-103.7357,52.418],[-103.7046,52.4236],[-103.7037,52.33],[-103.6773,52.3113],[-103.6659,52.2801],[-103.5785,52.2155],[-103.5823,52.2016],[-103.5266,52.1719],[-103.5566,52.1575],[-103.5457,52.1326],[-103.5253,52.1221],[-103.539,52.1045],[-103.52,52.0994],[-103.5509,52.0274],[-103.5066,51.9975],[-103.5254,51.9778],[-103.5209,51.9567],[-103.4901,51.9206],[-103.2085,51.8521],[-102.825,51.8066],[-102.6823,51.862],[-102.6768,51.8757],[-102.6942,51.9023],[-102.6845,51.928],[-102.6517,51.9232],[-102.5796,51.9416],[-102.4906,51.8791],[-102.4228,51.7552],[-102.3891,51.7536],[-102.3587,51.7204],[-102.3004,51.7054],[-102.1739,51.7098],[-102.0905,51.6674],[-102.0347,51.6665],[-101.9625,51.5598],[-101.9187,51.5211],[-101.9628,51.534],[-101.9844,51.5263],[-101.9896,51.5058],[-101.959,51.5143],[-102.0031,51.4623],[-102.0374,51.4811],[-102.0462,51.5329],[-102.0643,51.5467],[-102.2147,51.5305],[-102.2212,51.5211],[-102.2095,51.5022],[-102.2326,51.4684],[-102.1629,51.43],[-102.1923,51.4201],[-102.1827,51.4018],[-102.128,51.378],[-102.0838,51.3333],[-102.0349,51.3078],[-101.9993,51.3095],[-101.9798,51.3236],[-101.8949,51.3073],[-101.8163,51.3096],[-101.7829,51.3183],[-101.793,51.3375],[-101.778,51.3458],[-101.6729,51.3213],[-101.664,51.3525],[-101.6403,51.3676],[-101.6287,51.3604],[-101.6463,51.3442],[-101.6401,51.3259],[-101.5798,51.3016],[-101.3647,48.9963]]]}},{"type":"Feature","properties":{"key":"aspen_parkland","name":"Aspen Parkland","where":"central AB / SK","sort":0,"ecozone":"Prairies","ab_subregion":"Central Parkland"},"geometry":{"type":"Polygon","coordinates":[[[-110.059,52.1371],[-110.3169,52.0814],[-110.4065,52.0934],[-110.4498,52.0854],[-110.5198,52.1227],[-110.5855,52.1284],[-110.5994,52.1663],[-110.6211,52.1768],[-110.8033,52.199],[-110.8277,52.2088],[-110.8276,52.2207],[-110.7552,52.2545],[-110.7467,52.2756],[-110.7696,52.297],[-110.7334,52.3484],[-110.8294,52.3839],[-110.9014,52.3531],[-110.9098,52.3886],[-110.9297,52.3799],[-110.9466,52.4115],[-111.0492,52.3399],[-111.1803,52.3253],[-111.2571,52.3369],[-111.2982,52.3266],[-111.3249,52.3097],[-111.2827,52.2748],[-111.2895,52.2479],[-111.3435,52.2562],[-111.4901,52.314],[-111.6776,52.3552],[-111.8255,52.435],[-111.8676,52.443],[-111.9903,52.4139],[-112.1397,52.3532],[-112.4673,52.1821],[-112.5501,52.1223],[-112.5693,52.0927],[-112.5844,52.039],[-112.5601,51.9797],[-112.5627,51.9527],[-112.5876,51.9324],[-112.7804,51.8597],[-112.8107,51.8276],[-112.9102,51.7859],[-112.9482,51.7808],[-112.9839,51.7944],[-112.9832,51.7464],[-113.0001,51.7394],[-113.0043,51.7066],[-113.0178,51.712],[-113.0723,51.8197],[-113.0971,51.8425],[-113.1774,51.8959],[-113.2136,51.8951],[-113.2298,51.8626],[-113.2722,51.8289],[-113.2647,51.8076],[-113.2167,51.7149],[-113.0954,51.6181],[-113.1073,51.6052],[-113.143,51.6104],[-113.2379,51.6676],[-113.3407,51.788],[-113.3593,51.8027],[-113.3947,51.8016],[-113.4113,51.7725],[-113.4096,51.7313],[-113.2478,51.6001],[-113.1456,51.5548],[-113.128,51.5225],[-113.1423,51.5056],[-113.2417,51.4939],[-113.3463,51.528],[-113.4046,51.6018],[-113.606,51.7537],[-113.6174,51.7444],[-113.6171,51.7154],[-113.6608,51.7261],[-113.7527,51.7191],[-113.8419,51.7012],[-113.9071,51.6707],[-113.9799,51.6269],[-114.0647,51.5395],[-114.0824,51.4441],[-114.1033,51.4025],[-114.0889,51.3505],[-114.1252,51.2514],[-114.1478,51.236],[-114.2342,51.2283],[-114.1615,51.1755],[-114.2297,51.2007],[-114.2596,51.2263],[-114.2734,51.282],[-114.2347,51.3416],[-114.2382,51.3613],[-114.267,51.3879],[-114.4516,51.4792],[-114.4638,51.5024],[-114.4679,51.5807],[-114.4988,51.6063],[-114.4475,51.6588],[-114.3696,51.7124],[-114.3658,51.8095],[-114.3245,51.8732],[-114.2718,51.9034],[-114.1264,51.929],[-114.1066,51.9198],[-114.098,51.9345],[-114.1616,51.9945],[-114.231,52.0166],[-114.2728,52.0144],[-114.2889,52.0339],[-114.3779,52.1976],[-114.3648,52.2389],[-114.3127,52.2396],[-114.3117,52.2518],[-114.3954,52.3002],[-114.3565,52.3217],[-114.3194,52.3121],[-114.2897,52.2949],[-114.1885,52.1824],[-114.16,52.1621],[-114.107,52.1573],[-114.0824,52.1861],[-114.1122,52.2136],[-114.0621,52.2729],[-114.0871,52.3007],[-114.0438,52.3222],[-114.0302,52.3428],[-114.0854,52.3882],[-114.1263,52.404],[-114.1264,52.422],[-114.094,52.4483],[-114.0812,52.4864],[-114.0275,52.4821],[-114.0033,52.505],[-114.0763,52.5622],[-114.053,52.6272],[-113.9304,52.5368],[-113.811,52.5659],[-113.7922,52.5813],[-113.7917,52.5945],[-113.8911,52.652],[-113.8908,52.7007],[-113.9163,52.7508],[-113.9023,52.7718],[-113.9038,52.8123],[-113.9481,52.8882],[-113.9344,52.9025],[-113.9549,52.9436],[-113.9377,52.9489],[-113.8767,52.9005],[-113.8344,52.8975],[-113.8126,52.9155],[-113.7881,52.9826],[-113.7531,52.9966],[-113.8074,53.0391],[-113.8355,53.1135],[-113.9586,53.2054],[-113.964,53.2332],[-114.0505,53.3234],[-114.0581,53.3615],[-114.0808,53.3663],[-114.0891,53.4147],[-114.0377,53.51],[-114.0639,53.5396],[-113.9951,53.5873],[-113.9422,53.6075],[-113.8846,53.6037],[-113.8733,53.625],[-113.9114,53.6749],[-113.9943,53.7355],[-113.9736,53.7456],[-113.99,53.764],[-113.9531,53.8574],[-113.9594,53.9004],[-113.9359,53.9446],[-113.9363,54.0055],[-113.9198,54.0157],[-113.9173,54.0346],[-113.8849,54.0478],[-113.8147,54.0526],[-113.6802,54.104],[-113.5591,54.0967],[-113.5272,54.0733],[-113.5359,54.0503],[-113.5005,54.0145],[-113.4015,53.9499],[-113.2263,53.8021],[-113.1767,53.7752],[-113.1482,53.7743],[-113.1473,53.7577],[-113.1094,53.7591],[-112.9685,53.8186],[-112.8884,53.8375],[-112.8267,53.9715],[-112.7336,53.938],[-112.5985,53.9345],[-112.3577,53.9032],[-112.3465,53.9107],[-112.376,53.9378],[-112.357,53.9542],[-112.3622,54.0117],[-112.2936,54.0218],[-112.2279,54.0124],[-112.128,53.9598],[-112.1325,53.946],[-112.0757,53.8919],[-111.9936,53.8586],[-111.9667,53.8132],[-111.9385,53.8046],[-111.9253,53.7736],[-111.8936,53.7651],[-111.7643,53.8031],[-111.6074,53.7854],[-111.6186,53.7505],[-111.6761,53.697],[-111.8218,53.684],[-111.8186,53.6512],[-111.7906,53.5973],[-111.7458,53.5386],[-111.681,53.5424],[-111.5634,53.5175],[-111.3316,53.5528],[-111.287,53.5222],[-111.1451,53.504],[-111.0281,53.4624],[-111.0112,53.4749],[-111.0079,53.5496],[-110.9109,53.5651],[-110.9344,53.5755],[-110.9878,53.6415],[-110.9869,53.6925],[-110.9448,53.7312],[-110.8549,53.7499],[-110.7158,53.6901],[-110.6941,53.6953],[-110.7107,53.7167],[-110.9216,53.8482],[-110.9099,53.859],[-110.8874,53.8433],[-110.789,53.8461],[-110.6408,53.8276],[-110.5285,53.7748],[-110.3467,53.658],[-110.2557,53.6504],[-110.0864,53.5918],[-110.0056,53.5939],[-110.005,52.2433],[-110.0542,52.2249],[-110.1181,52.1716],[-110.059,52.1371]],[[-113.0545,53.6075],[-113.1149,53.6036],[-113.1171,53.5821],[-113.1558,53.5534],[-113.2241,53.5456],[-113.23,53.4854],[-113.1886,53.426],[-113.224,53.3725],[-113.1206,53.3191],[-113.0886,53.2826],[-113.0084,53.2613],[-112.9416,53.2263],[-112.8189,53.2042],[-112.8257,53.2125],[-112.7912,53.2416],[-112.7663,53.2916],[-112.8285,53.3469],[-112.7505,53.4047],[-112.6717,53.5023],[-112.6651,53.5466],[-112.6937,53.6106],[-112.7872,53.7236],[-112.8303,53.7545],[-112.8867,53.7727],[-112.9745,53.6469],[-113.0545,53.6075]]]}},{"type":"Feature","properties":{"key":"aspen_parkland","name":"Aspen Parkland","where":"central AB / SK","sort":0,"ecozone":"Prairies","ab_subregion":"Dry Mixedwood"},"geometry":{"type":"MultiPolygon","coordinates":[[[[-114.5561,51.5411],[-114.5047,51.6897],[-114.453,51.7309],[-114.351,51.8462],[-114.3717,51.7787],[-114.3719,51.7091],[-114.4983,51.6128],[-114.5127,51.5796],[-114.5561,51.5411]]],[[[-114.1452,51.9521],[-114.1464,51.9731],[-114.2747,52.0011],[-114.3682,52.0491],[-114.3745,52.1363],[-114.4001,52.1785],[-114.4438,52.2135],[-114.4398,52.2286],[-114.3648,52.2389],[-114.3742,52.1841],[-114.2728,52.0144],[-114.231,52.0166],[-114.1616,51.9945],[-114.098,51.9345],[-114.1066,51.9198],[-114.1264,51.929],[-114.2195,51.9148],[-114.1452,51.9521]]],[[[-114.0842,52.2385],[-114.0733,52.2632],[-114.0885,52.2971],[-114.0621,52.2729],[-114.0746,52.2464],[-114.1122,52.2136],[-114.0826,52.1867],[-114.1015,52.1707],[-114.1184,52.2222],[-114.0842,52.2385]]],[[[-114.3972,52.2942],[-114.3661,52.2773],[-114.3607,52.2738],[-114.3861,52.2773],[-114.3972,52.2942]]],[[[-114.2916,52.2973],[-114.3565,52.3217],[-114.3539,52.3284],[-114.3215,52.3285],[-114.2916,52.2973]]],[[[-114.1263,52.404],[-114.0572,52.3698],[-114.0319,52.3383],[-114.0398,52.329],[-114.0581,52.3593],[-114.1263,52.404]]],[[[-114.1007,52.4983],[-114.0132,52.4996],[-114.0845,52.559],[-114.053,52.6272],[-114.0763,52.5622],[-114.0033,52.505],[-114.0275,52.4821],[-114.0812,52.4864],[-114.0975,52.4614],[-114.1068,52.4775],[-114.1007,52.4983]]],[[[-113.9674,52.5656],[-114.0148,52.5993],[-114.0168,52.6093],[-113.9674,52.5656]]],[[[-113.897,52.6791],[-113.8865,52.6441],[-113.8631,52.6408],[-113.8266,52.6113],[-113.8901,52.6316],[-113.9068,52.6519],[-113.897,52.6791]]],[[[-114.0287,52.619],[-114.0365,52.6217],[-114.0368,52.6238],[-114.0287,52.619]]],[[[-113.9161,52.7497],[-113.9165,52.7506],[-113.9163,52.7508],[-113.9161,52.7497]]],[[[-113.935,52.9058],[-113.9488,52.8942],[-113.9525,52.924],[-113.9453,52.919],[-113.935,52.9058]]],[[[-113.9189,52.9286],[-113.9164,52.9244],[-113.9206,52.9314],[-113.9189,52.9286]]],[[[-113.8695,52.9914],[-113.8354,53.0412],[-113.8317,53.0881],[-113.7966,53.0264],[-113.7531,52.9966],[-113.7881,52.9826],[-113.8126,52.9155],[-113.845,52.8956],[-113.8982,52.9127],[-113.8768,52.9214],[-113.8695,52.9914]]],[[[-113.9586,53.2054],[-114.0616,53.3083],[-114.0808,53.3663],[-114.0581,53.3615],[-114.0505,53.3234],[-113.964,53.2332],[-113.9586,53.2054]]],[[[-110.0056,53.6001],[-110.022,53.5949],[-110.0257,53.5983],[-110.0056,53.6001]]],[[[-110.9878,53.6415],[-110.9344,53.5755],[-110.9109,53.5651],[-111.0079,53.5496],[-110.9878,53.6415]]],[[[-110.3432,53.671],[-110.3043,53.6607],[-110.3467,53.658],[-110.4983,53.7567],[-110.434,53.7391],[-110.3432,53.671]]],[[[-111.5973,53.6948],[-111.6355,53.6483],[-111.6408,53.6142],[-111.6235,53.5885],[-111.5402,53.569],[-111.5594,53.5299],[-111.4724,53.5554],[-111.429,53.6078],[-111.398,53.6192],[-111.3684,53.6012],[-111.3316,53.5528],[-111.5634,53.5175],[-111.681,53.5424],[-111.7458,53.5386],[-111.7906,53.5973],[-111.8186,53.6512],[-111.8218,53.684],[-111.6761,53.697],[-111.6186,53.7505],[-111.5973,53.6948]]],[[[-112.7031,53.626],[-112.6651,53.5466],[-112.6717,53.5023],[-112.7505,53.4047],[-112.8285,53.3469],[-112.7663,53.2916],[-112.7912,53.2416],[-112.8257,53.2125],[-112.8189,53.2042],[-112.9416,53.2263],[-113.0084,53.2613],[-113.0886,53.2826],[-113.1206,53.3191],[-113.2246,53.3737],[-113.1886,53.426],[-113.23,53.4854],[-113.2241,53.5456],[-113.1558,53.5534],[-113.1171,53.5821],[-113.1149,53.6036],[-113.0545,53.6075],[-112.9833,53.6395],[-112.8948,53.7725],[-112.8303,53.7545],[-112.7746,53.7129],[-112.7031,53.626]]],[[[-110.8076,53.8714],[-110.707,53.8413],[-110.6385,53.851],[-110.6092,53.8422],[-110.5285,53.7748],[-110.6619,53.833],[-110.8874,53.8433],[-110.9099,53.859],[-110.9231,53.8529],[-110.9266,53.8639],[-110.9148,53.873],[-110.8076,53.8714]]],[[[-111.6066,53.7801],[-111.6064,53.7791],[-111.6075,53.7794],[-111.6066,53.7801]]],[[[-111.6508,53.8397],[-111.6123,53.8072],[-111.6074,53.7854],[-111.7643,53.8031],[-111.7001,53.8379],[-111.6508,53.8397]]],[[[-114.0526,53.559],[-113.8993,53.6441],[-113.8971,53.6593],[-113.8729,53.6311],[-113.8846,53.6037],[-113.9492,53.605],[-114.0288,53.5701],[-114.0639,53.5396],[-114.0526,53.559]]],[[[-112.2613,54.0552],[-112.1894,54.0432],[-112.1693,53.9877],[-112.0091,53.9402],[-111.9976,53.907],[-112.0256,53.8767],[-111.9818,53.8538],[-111.964,53.8258],[-111.9076,53.8097],[-111.9148,53.7744],[-111.902,53.7688],[-111.9314,53.776],[-111.9385,53.8046],[-111.9667,53.8132],[-111.9936,53.8586],[-112.0805,53.8951],[-112.1325,53.946],[-112.128,53.9598],[-112.2184,54.0088],[-112.2936,54.0218],[-112.3622,54.0117],[-112.3191,54.0414],[-112.2613,54.0552]]],[[[-114.0057,53.7516],[-113.9848,53.7896],[-113.9783,53.7801],[-113.99,53.764],[-113.9736,53.7456],[-113.993,53.7385],[-113.9891,53.7227],[-113.921,53.6826],[-113.9135,53.6768],[-113.903,53.6666],[-113.9861,53.7178],[-113.9981,53.7328],[-114.0057,53.7516]]],[[[-112.7225,53.9485],[-112.654,53.9407],[-112.5095,53.9605],[-112.376,53.9378],[-112.3465,53.9107],[-112.3577,53.9032],[-112.5985,53.9345],[-112.702,53.9335],[-112.8267,53.9715],[-112.8038,53.9888],[-112.7815,53.9847],[-112.7225,53.9485]]],[[[-113.61,54.1223],[-113.5217,54.1213],[-113.377,54.0077],[-113.2982,53.9751],[-113.2493,53.9689],[-113.2192,53.9958],[-113.1597,54.0031],[-112.9786,53.8931],[-112.9279,53.8988],[-112.8549,53.9332],[-112.8326,53.9618],[-112.8299,53.9535],[-112.861,53.9124],[-112.8915,53.8355],[-112.9685,53.8186],[-113.1094,53.7591],[-113.1473,53.7577],[-113.1482,53.7743],[-113.1767,53.7752],[-113.2263,53.8021],[-113.4015,53.9499],[-113.5005,54.0145],[-113.5359,54.0503],[-113.5272,54.0733],[-113.5591,54.0967],[-113.6802,54.104],[-113.8147,54.0526],[-113.8812,54.049],[-113.783,54.0805],[-113.61,54.1223]]],[[[-114.0427,53.8874],[-114.0123,53.9236],[-114.0263,53.9886],[-113.9173,54.0346],[-113.9373,54.0018],[-113.9363,53.9429],[-113.9591,53.9036],[-113.9535,53.856],[-113.9765,53.8124],[-114.0272,53.8447],[-114.0427,53.8874]]]]}},{"type":"Feature","properties":{"key":"aspen_parkland","name":"Aspen Parkland","where":"central AB / SK","sort":0,"ecozone":"Prairies","ab_subregion":"Foothills Fescue"},"geometry":{"type":"MultiPolygon","coordinates":[[[[-113.9095,50.1987],[-113.9876,50.1416],[-113.9648,50.1174],[-114.0329,50.1139],[-114.0602,50.1301],[-113.9905,50.156],[-113.9616,50.1871],[-113.9095,50.1987]]],[[[-114.0163,50.2994],[-114.0428,50.3096],[-114.042,50.3141],[-114.0163,50.2994]]],[[[-114.1016,50.3312],[-114.096,50.3557],[-114.0816,50.339],[-114.1016,50.3312]]],[[[-114.1091,50.3779],[-114.1379,50.3723],[-114.143,50.3913],[-114.1091,50.3779]]],[[[-114.2162,50.412],[-114.1763,50.3968],[-114.2074,50.3349],[-114.2345,50.3216],[-114.2508,50.3605],[-114.2591,50.4994],[-114.2536,50.4698],[-114.2162,50.412]]],[[[-114.2574,50.5029],[-114.2189,50.5362],[-114.206,50.5412],[-114.2574,50.5029]]],[[[-113.9155,50.6252],[-114.0401,50.6093],[-114.0996,50.5969],[-114.0414,50.6132],[-114.0002,50.6397],[-113.9299,50.6456],[-113.9055,50.6615],[-113.8997,50.6523],[-113.9155,50.6252]]],[[[-113.9044,50.7773],[-113.8971,50.7448],[-113.9129,50.722],[-113.9334,50.7728],[-113.9862,50.8201],[-113.9329,50.8057],[-113.9044,50.7773]]],[[[-114.1018,50.9961],[-114.0395,50.844],[-114.0862,50.8755],[-114.1001,50.9172],[-114.1319,50.9261],[-114.1092,50.948],[-114.1577,50.991],[-114.111,51.0063],[-114.1018,50.9961]]],[[[-113.2639,51.4967],[-113.2658,51.4973],[-113.2635,51.4966],[-113.2639,51.4967]]],[[[-114.0886,51.3517],[-114.1034,51.4011],[-114.0824,51.4441],[-114.0844,51.4347],[-114.0886,51.3517]]],[[[-113.4593,51.6012],[-113.5503,51.6874],[-113.6171,51.7154],[-113.6119,51.7539],[-113.4046,51.6018],[-113.3463,51.528],[-113.4593,51.6012]]]]}},{"type":"Feature","properties":{"key":"aspen_parkland","name":"Aspen Parkland","where":"central AB / SK","sort":0,"ecozone":"Prairies","ab_subregion":"Foothills Parkland"},"geometry":{"type":"MultiPolygon","coordinates":[[[[-113.9392,50.2387],[-113.9498,50.2415],[-113.9569,50.2473],[-113.9488,50.2444],[-113.9392,50.2387]]],[[[-114.1267,51.154],[-114.0843,51.1097],[-114.0883,51.0904],[-114.1678,51.0626],[-114.111,51.0063],[-114.1581,50.9897],[-114.1092,50.948],[-114.1319,50.9261],[-114.1001,50.9172],[-114.0736,50.8641],[-113.9531,50.7967],[-113.9131,50.7241],[-113.9393,50.7013],[-113.9055,50.6615],[-113.9299,50.6456],[-114.001,50.6395],[-114.0414,50.6132],[-114.151,50.5804],[-114.2524,50.5135],[-114.261,50.4497],[-114.2508,50.3605],[-114.2399,50.3264],[-114.2239,50.3221],[-114.1763,50.3968],[-114.143,50.3913],[-114.1379,50.3723],[-114.1057,50.3726],[-114.0988,50.3616],[-114.1089,50.3344],[-114.0816,50.339],[-114.0314,50.2979],[-113.9979,50.287],[-113.9712,50.2532],[-114.0392,50.2569],[-114.1259,50.2888],[-114.1956,50.2865],[-114.2051,50.2552],[-114.1737,50.2017],[-114.1348,50.2066],[-114.1286,50.2174],[-114.1431,50.2438],[-114.0874,50.2178],[-114.071,50.2346],[-114.0615,50.2026],[-114.0322,50.2228],[-114.0346,50.198],[-114.0203,50.1952],[-114.0175,50.1728],[-114.001,50.1829],[-113.9887,50.1723],[-113.9961,50.2161],[-113.9735,50.2293],[-113.9424,50.2117],[-113.9301,50.2265],[-113.9364,50.2371],[-113.9073,50.2111],[-113.9095,50.1987],[-113.9643,50.1855],[-113.9917,50.1553],[-114.0588,50.1361],[-114.0558,50.1196],[-114.072,50.1288],[-114.0939,50.1149],[-114.1593,50.1156],[-114.2337,50.0872],[-114.2253,50.0959],[-114.2476,50.1111],[-114.2128,50.1155],[-114.2065,50.1399],[-114.2288,50.149],[-114.2131,50.1607],[-114.2189,50.1859],[-114.2507,50.2066],[-114.2432,50.2594],[-114.2657,50.2506],[-114.272,50.2676],[-114.2784,50.256],[-114.2865,50.2666],[-114.2897,50.2495],[-114.3095,50.2685],[-114.2786,50.2783],[-114.2717,50.2938],[-114.2943,50.2872],[-114.3035,50.3113],[-114.2981,50.2896],[-114.3113,50.3045],[-114.3216,50.2876],[-114.3533,50.2998],[-114.3483,50.31],[-114.3656,50.3214],[-114.3465,50.3618],[-114.4004,50.3712],[-114.3709,50.3829],[-114.3915,50.4225],[-114.3574,50.4285],[-114.3565,50.4394],[-114.3753,50.4401],[-114.3895,50.4655],[-114.3707,50.4865],[-114.3755,50.5088],[-114.3487,50.5207],[-114.3815,50.5158],[-114.4125,50.4642],[-114.4467,50.479],[-114.4231,50.489],[-114.4343,50.4935],[-114.418,50.5104],[-114.4398,50.5209],[-114.4162,50.5324],[-114.4221,50.5423],[-114.4107,50.5365],[-114.415,50.5589],[-114.4005,50.5448],[-114.3963,50.5672],[-114.4099,50.5983],[-114.3788,50.6079],[-114.3597,50.5963],[-114.3589,50.6098],[-114.3093,50.5993],[-114.3076,50.6123],[-114.2737,50.5921],[-114.2449,50.612],[-114.2224,50.6114],[-114.2903,50.6312],[-114.2899,50.6405],[-114.3127,50.6362],[-114.3121,50.619],[-114.3357,50.6469],[-114.3962,50.6226],[-114.339,50.6784],[-114.3137,50.6672],[-114.316,50.6848],[-114.2939,50.6649],[-114.2947,50.6962],[-114.2653,50.6972],[-114.2793,50.7259],[-114.2983,50.7319],[-114.2944,50.7482],[-114.3319,50.7272],[-114.3602,50.7454],[-114.3591,50.7316],[-114.3775,50.7274],[-114.369,50.741],[-114.3776,50.7475],[-114.397,50.7289],[-114.4239,50.7295],[-114.4095,50.7381],[-114.436,50.759],[-114.427,50.7647],[-114.365,50.7681],[-114.3533,50.7861],[-114.3144,50.7646],[-114.3277,50.7858],[-114.3084,50.7898],[-114.314,50.8007],[-114.3706,50.8124],[-114.3576,50.8803],[-114.3652,50.914],[-114.3476,50.9295],[-114.3894,50.9714],[-114.4967,51.0313],[-114.5238,51.0592],[-114.5691,51.1464],[-114.6081,51.3433],[-114.5976,51.3732],[-114.5785,51.375],[-114.5867,51.4007],[-114.6042,51.392],[-114.5732,51.4222],[-114.5561,51.5411],[-114.4999,51.6048],[-114.4679,51.5807],[-114.4638,51.5024],[-114.4516,51.4792],[-114.267,51.3879],[-114.237,51.3596],[-114.2355,51.3399],[-114.2734,51.282],[-114.2572,51.2221],[-114.1267,51.154]],[[-114.1006,50.1747],[-114.1114,50.1746],[-114.1011,50.1841],[-114.1119,50.1938],[-114.1661,50.1882],[-114.1799,50.1761],[-114.1769,50.1439],[-114.1307,50.1268],[-114.0949,50.1509],[-114.1006,50.1747]]]]}},{"type":"Feature","properties":{"key":"aspen_parkland","name":"Aspen Parkland","where":"central AB / SK","sort":0,"ecozone":"Prairies","ab_subregion":""},"geometry":{"type":"MultiPolygon","coordinates":[[[[-114.6034,51.3916],[-114.5867,51.4007],[-114.5785,51.375],[-114.5976,51.3732],[-114.6077,51.3479],[-114.6034,51.3916]]],[[[-114.5757,51.4364],[-114.5732,51.4222],[-114.5958,51.4113],[-114.5757,51.4364]]],[[[-114.5647,51.4658],[-114.5604,51.4645],[-114.5661,51.4594],[-114.5647,51.4658]]],[[[-114.5404,51.5872],[-114.541,51.5861],[-114.5408,51.5876],[-114.5404,51.5872]]]]}},{"type":"Feature","properties":{"key":"aspen_parkland","name":"Aspen Parkland","where":"central AB / SK","sort":0,"ecozone":"Prairies","ab_subregion":"Montane"},"geometry":{"type":"MultiPolygon","coordinates":[[[[-114.1948,50.0975],[-114.1849,50.101],[-114.1985,50.0952],[-114.1948,50.0975]]],[[[-114.1662,50.1082],[-114.1235,50.12],[-114.1197,50.1172],[-114.1662,50.1082]]],[[[-114.2482,50.1091],[-114.2253,50.0959],[-114.2261,50.0913],[-114.2457,50.0901],[-114.2482,50.1091]]],[[[-114.2288,50.149],[-114.2067,50.1419],[-114.2109,50.1168],[-114.2476,50.1111],[-114.2288,50.149]]],[[[-114.1764,50.1814],[-114.1011,50.1841],[-114.1114,50.1746],[-114.0954,50.1706],[-114.0994,50.1459],[-114.1397,50.125],[-114.1769,50.1439],[-114.1764,50.1814]]],[[[-114.2267,50.1864],[-114.2165,50.1816],[-114.2166,50.1557],[-114.229,50.1543],[-114.2267,50.1864]]],[[[-114.376,50.277],[-114.4347,50.3262],[-114.4378,50.2913],[-114.4735,50.3026],[-114.496,50.3791],[-114.5459,50.4064],[-114.5484,50.4148],[-114.5231,50.4235],[-114.5601,50.5004],[-114.5485,50.5144],[-114.4534,50.5275],[-114.4088,50.5818],[-114.3963,50.5672],[-114.4005,50.5448],[-114.415,50.5589],[-114.4107,50.5365],[-114.4221,50.5423],[-114.4162,50.5324],[-114.4354,50.5297],[-114.4401,50.5147],[-114.4179,50.5089],[-114.4343,50.4935],[-114.4231,50.489],[-114.4466,50.4776],[-114.4125,50.4642],[-114.3815,50.5158],[-114.3487,50.5207],[-114.3755,50.5088],[-114.3707,50.4865],[-114.3895,50.4655],[-114.3753,50.4401],[-114.3565,50.4394],[-114.3574,50.4285],[-114.3915,50.4225],[-114.3709,50.3829],[-114.4003,50.3709],[-114.3465,50.3618],[-114.3656,50.3214],[-114.3483,50.31],[-114.3533,50.2998],[-114.3216,50.2876],[-114.3113,50.3045],[-114.2981,50.2896],[-114.3035,50.3113],[-114.2943,50.2872],[-114.2717,50.2938],[-114.2786,50.2783],[-114.3095,50.2676],[-114.2897,50.2495],[-114.2865,50.2666],[-114.2784,50.256],[-114.272,50.2676],[-114.2657,50.2506],[-114.2432,50.2594],[-114.248,50.2078],[-114.3154,50.2565],[-114.376,50.277]]],[[[-114.3949,50.7327],[-114.3799,50.747],[-114.3695,50.7434],[-114.3775,50.7274],[-114.3949,50.7327]]],[[[-114.1174,50.1158],[-114.072,50.1288],[-114.0558,50.1196],[-114.0494,50.1314],[-114.0168,50.1136],[-114.1174,50.1158]]],[[[-113.9976,50.2609],[-113.9302,50.2273],[-113.9406,50.2126],[-113.9815,50.2262],[-113.9961,50.2161],[-113.9887,50.1723],[-114.001,50.1829],[-114.0175,50.1728],[-114.0203,50.1952],[-114.0346,50.198],[-114.0322,50.2228],[-114.0615,50.2026],[-114.071,50.2346],[-114.0874,50.2178],[-114.1431,50.2438],[-114.1286,50.2174],[-114.1348,50.2066],[-114.1737,50.2017],[-114.1989,50.2389],[-114.2055,50.2803],[-114.1259,50.2888],[-114.0392,50.2569],[-113.9976,50.2609]]],[[[-114.3704,50.6561],[-114.3962,50.6226],[-114.3357,50.6469],[-114.3121,50.619],[-114.3127,50.6362],[-114.2899,50.6405],[-114.2903,50.6312],[-114.2285,50.6196],[-114.2229,50.6092],[-114.2449,50.612],[-114.2737,50.5921],[-114.3076,50.6123],[-114.3093,50.5993],[-114.3589,50.6098],[-114.3597,50.5963],[-114.3788,50.6079],[-114.4099,50.5983],[-114.4117,50.6312],[-114.3704,50.6561]]],[[[-114.3385,50.7128],[-114.3727,50.7268],[-114.3591,50.7316],[-114.3618,50.7448],[-114.3319,50.7272],[-114.2944,50.7482],[-114.2983,50.7319],[-114.2793,50.7259],[-114.2644,50.6924],[-114.2947,50.6962],[-114.2939,50.6649],[-114.3199,50.6856],[-114.3122,50.6678],[-114.3366,50.6797],[-114.3428,50.6694],[-114.3565,50.6647],[-114.331,50.6919],[-114.3385,50.7128]]],[[[-114.4595,50.7485],[-114.3707,50.8228],[-114.368,50.8053],[-114.3497,50.8154],[-114.3084,50.7898],[-114.3277,50.7858],[-114.3164,50.7626],[-114.3533,50.7861],[-114.365,50.7681],[-114.427,50.7647],[-114.436,50.759],[-114.4095,50.7381],[-114.4239,50.7295],[-114.4558,50.7336],[-114.4595,50.7485]]],[[[-114.3688,50.8312],[-114.3696,50.8297],[-114.3692,50.834],[-114.3688,50.8312]]],[[[-114.3689,50.8562],[-114.3602,50.8501],[-114.3676,50.8438],[-114.3689,50.8562]]],[[[-114.3583,50.936],[-114.3485,50.9275],[-114.3652,50.914],[-114.3583,50.936]]]]}},{"type":"Feature","properties":{"key":"aspen_parkland","name":"Aspen Parkland","where":"central AB / SK","sort":0,"ecozone":"Prairies","ab_subregion":"Northern Fescue"},"geometry":{"type":"MultiPolygon","coordinates":[[[[-113.2417,51.4939],[-113.2117,51.5044],[-113.1472,51.5042],[-113.1779,51.4954],[-113.2417,51.4939]]],[[[-113.0954,51.6181],[-113.1099,51.6294],[-113.1142,51.635],[-113.0954,51.6181]]],[[[-113.0043,51.7066],[-113.0001,51.7394],[-112.9832,51.7464],[-112.9855,51.7101],[-113.0043,51.7066]]],[[[-112.9798,51.7649],[-112.9839,51.7944],[-112.9483,51.7822],[-112.9629,51.7797],[-112.9798,51.7649]]],[[[-112.7851,51.8457],[-112.7804,51.8597],[-112.7198,51.8814],[-112.7581,51.8662],[-112.7851,51.8457]]],[[[-113.1565,51.8844],[-113.1304,51.8713],[-113.1039,51.8468],[-113.1565,51.8844]]],[[[-111.1819,52.2638],[-111.2734,52.2469],[-111.3087,52.2485],[-111.324,52.2519],[-111.2864,52.2487],[-111.2803,52.2704],[-111.3249,52.3097],[-111.2596,52.3367],[-111.1823,52.3254],[-111.1435,52.3368],[-111.0998,52.3301],[-111.1819,52.2638]]],[[[-110.1835,52.1126],[-110.3136,52.0787],[-110.3458,52.0804],[-110.3512,52.0828],[-110.1835,52.1126]]],[[[-110.1635,52.1148],[-110.1395,52.1163],[-110.1313,52.1166],[-110.1635,52.1148]]],[[[-110.3978,52.0926],[-110.4041,52.0932],[-110.4007,52.0931],[-110.3978,52.0926]]],[[[-110.1064,52.1192],[-110.059,52.1371],[-110.1181,52.1716],[-110.0542,52.2249],[-110.005,52.2433],[-110.005,52.0988],[-110.0632,52.0961],[-110.1064,52.1192]]],[[[-110.7462,52.1912],[-110.7303,52.1906],[-110.7093,52.1876],[-110.7462,52.1912]]],[[[-110.7968,52.3681],[-110.8945,52.3383],[-110.905,52.349],[-110.8346,52.3836],[-110.7968,52.3681]]],[[[-111.0492,52.3399],[-110.9556,52.4102],[-110.9297,52.3799],[-110.9579,52.3549],[-111.0492,52.3399]]]]}},{"type":"Feature","properties":{"key":"aspen_parkland","name":"Aspen Parkland","where":"central AB / SK","sort":0,"ecozone":"Prairies","ab_subregion":""},"geometry":{"type":"MultiPolygon","coordinates":[[[[-114.4488,50.2941],[-114.4481,50.294],[-114.4451,50.2931],[-114.4488,50.2941]]],[[[-114.467,50.2986],[-114.4719,50.3011],[-114.4704,50.301],[-114.467,50.2986]]],[[[-114.376,50.277],[-114.4378,50.2913],[-114.4365,50.3264],[-114.3728,50.2815],[-114.376,50.277]]],[[[-114.4723,50.3137],[-114.4697,50.3044],[-114.4799,50.308],[-114.481,50.3175],[-114.4723,50.3137]]],[[[-114.5434,50.4091],[-114.5464,50.4081],[-114.548,50.4132],[-114.5434,50.4091]]],[[[-114.5484,50.4148],[-114.55,50.4656],[-114.5369,50.4598],[-114.5252,50.4192],[-114.5484,50.4148]]]]}},{"type":"Feature","properties":{"key":"athabasca_plain","name":"Athabasca Plain","where":"north AB / SK","sort":201,"ecozone":"Boreal Shield","ab_subregion":""},"geometry":{"type":"Polygon","coordinates":[[[-109.1733,59.3107],[-109.08,59.1899],[-108.5858,59.2337],[-108.2723,59.278],[-107.9817,59.3375],[-107.7003,59.3713],[-107.3336,59.3127],[-106.683,59.2935],[-106.6907,59.2739],[-106.6621,59.2642],[-106.5252,59.252],[-106.4507,59.2644],[-106.3885,59.249],[-106.1739,59.2687],[-105.9799,59.269],[-105.7662,59.2569],[-105.6692,59.2384],[-105.5773,59.2428],[-105.5417,59.2335],[-105.577,59.2021],[-105.5574,59.1881],[-105.5379,59.1382],[-105.5168,59.1308],[-105.3577,59.1488],[-105.3313,59.1627],[-105.3264,59.1829],[-105.1767,59.1935],[-105.0646,59.219],[-105.0015,59.1643],[-104.9694,59.1591],[-104.9147,59.178],[-104.8037,59.1761],[-104.6243,59.2091],[-104.6241,59.1894],[-104.5978,59.1809],[-104.4596,59.1817],[-104.4729,59.1602],[-104.3304,59.1529],[-104.4283,59.136],[-104.4392,59.1225],[-104.3849,59.1051],[-104.3052,59.1245],[-104.3022,59.108],[-104.3317,59.0959],[-104.3164,59.0925],[-104.3239,59.0863],[-104.3918,59.0895],[-104.353,59.0675],[-104.3707,59.058],[-104.3549,59.0511],[-104.1841,59.0758],[-104.1239,59.0981],[-104.0904,59.092],[-104.1112,59.0817],[-104.0925,59.0764],[-104.1035,59.0588],[-104.0857,59.0541],[-104.0275,59.0553],[-103.9493,59.0834],[-103.8605,59.0837],[-103.8707,59.0474],[-103.8934,59.0336],[-103.8404,59.0354],[-103.9848,58.9487],[-103.9118,58.9646],[-103.8565,58.9507],[-103.8495,58.9277],[-103.7981,58.9052],[-103.7867,58.8871],[-103.8607,58.816],[-103.8217,58.8158],[-103.8347,58.8032],[-103.9542,58.7413],[-103.9594,58.721],[-103.9169,58.7272],[-103.9178,58.7183],[-103.8538,58.6863],[-103.9268,58.6459],[-103.9248,58.6195],[-103.8962,58.6075],[-103.917,58.5962],[-103.8766,58.5935],[-103.8117,58.6179],[-103.7962,58.6358],[-103.7645,58.643],[-103.7719,58.6672],[-103.6874,58.6608],[-103.6641,58.624],[-103.6854,58.5642],[-103.6111,58.5776],[-103.6288,58.5603],[-103.5965,58.5418],[-103.609,58.5191],[-103.5588,58.5096],[-103.5395,58.4574],[-103.5579,58.4075],[-103.5392,58.3999],[-103.5434,58.3464],[-103.4994,58.3043],[-103.5279,58.2499],[-103.5008,58.2314],[-103.5039,58.2027],[-103.5602,58.141],[-103.6155,58.1238],[-103.7195,58.1107],[-103.7317,58.1408],[-103.7503,58.147],[-103.8253,58.0623],[-103.9597,58.016],[-103.9763,58.004],[-103.9917,57.9473],[-104.1002,57.8849],[-104.2193,57.8781],[-104.2679,57.8974],[-104.3402,57.9027],[-104.4479,57.8765],[-104.5179,57.8936],[-104.5046,57.916],[-104.5611,57.915],[-104.6191,57.7867],[-104.7281,57.726],[-104.8211,57.6377],[-104.9691,57.5449],[-105.0176,57.4988],[-105.1817,57.4225],[-105.2184,57.3596],[-105.2599,57.3311],[-105.4028,57.3176],[-105.4699,57.2662],[-105.6324,57.2321],[-105.6484,57.2059],[-105.7804,57.1606],[-105.8231,57.1061],[-105.9545,57.0556],[-105.9882,57.0255],[-106.0948,57.0054],[-106.1099,56.9745],[-106.1345,56.9584],[-106.2149,56.952],[-106.2303,56.937],[-106.225,56.9181],[-106.2542,56.9089],[-106.2997,56.9284],[-106.2744,56.9638],[-106.2784,56.9939],[-106.2594,57.0174],[-106.311,57.0078],[-106.398,56.9662],[-106.4218,56.973],[-106.3981,57.0123],[-106.485,56.9822],[-106.5113,56.9945],[-106.556,56.9888],[-106.4725,57.0235],[-106.4995,57.0495],[-106.4058,57.0648],[-106.3636,57.1125],[-106.3108,57.1347],[-106.3497,57.1485],[-106.3521,57.1898],[-106.3618,57.1908],[-106.461,57.136],[-106.4791,57.1076],[-106.498,57.1069],[-106.4938,57.1192],[-106.5247,57.113],[-106.4861,57.1527],[-106.4317,57.1776],[-106.4586,57.1967],[-106.451,57.2344],[-106.3687,57.2779],[-106.2818,57.2918],[-106.2966,57.305],[-106.2636,57.3257],[-106.2815,57.3384],[-106.2224,57.3897],[-106.2617,57.4312],[-106.3298,57.3855],[-106.3848,57.3784],[-106.5591,57.4093],[-106.6002,57.4402],[-106.6913,57.4298],[-106.7595,57.4362],[-106.846,57.3807],[-106.8852,57.3331],[-106.9865,57.2779],[-107.0767,57.2545],[-107.2954,57.2272],[-107.322,57.2335],[-107.3396,57.26],[-107.4265,57.2763],[-107.4809,57.3367],[-107.5383,57.3137],[-107.5612,57.3358],[-107.6284,57.3478],[-107.6357,57.3751],[-107.5779,57.384],[-107.5817,57.412],[-107.5511,57.4481],[-107.5687,57.4721],[-107.6289,57.427],[-107.6572,57.4281],[-107.7143,57.4053],[-107.7324,57.421],[-107.7173,57.4553],[-107.6971,57.4572],[-107.6784,57.4804],[-107.773,57.4585],[-107.7783,57.4451],[-107.7597,57.43],[-107.8302,57.4211],[-107.8712,57.4323],[-107.8767,57.458],[-107.9163,57.4638],[-107.9933,57.4337],[-107.9948,57.4548],[-108.0184,57.4518],[-108.0189,57.4712],[-108.0383,57.4759],[-108.028,57.5007],[-108.0482,57.5078],[-108.0841,57.4989],[-108.1755,57.4303],[-108.2519,57.4275],[-108.2981,57.3717],[-108.3771,57.3882],[-108.3828,57.4135],[-108.3057,57.4886],[-108.3482,57.4936],[-108.3548,57.5071],[-108.2649,57.5403],[-108.256,57.5545],[-108.3448,57.5716],[-108.3687,57.6074],[-108.464,57.6166],[-108.4813,57.6318],[-108.5938,57.6197],[-108.634,57.5985],[-108.6278,57.628],[-108.6655,57.6407],[-108.5468,57.6646],[-108.5154,57.6926],[-108.71,57.6652],[-108.972,57.6762],[-109.0266,57.635],[-109.0643,57.6292],[-109.1198,57.6497],[-109.1462,57.6833],[-109.1279,57.7325],[-109.1335,57.7457],[-109.2336,57.7325],[-109.2519,57.7406],[-109.2464,57.7584],[-109.2656,57.7626],[-109.3513,57.75],[-109.3987,57.7244],[-109.4073,57.7123],[-109.3797,57.6717],[-109.3938,57.6505],[-109.4531,57.6782],[-109.4609,57.7126],[-109.4872,57.7234],[-109.7125,57.6878],[-109.7733,57.6634],[-109.9251,57.6747],[-109.9432,57.7047],[-109.8948,57.7564],[-109.8951,57.781],[-110.006,57.8991],[-110.0062,59.2967],[-109.9434,59.3252],[-109.8229,59.3316],[-109.7791,59.3497],[-109.5759,59.4863],[-109.5207,59.5064],[-109.4324,59.5275],[-109.185,59.5431],[-109.1902,59.4207],[-109.1733,59.3107]]]}},{"type":"Feature","properties":{"key":"athabasca_plain","name":"Athabasca Plain","where":"north AB / SK","sort":201,"ecozone":"Boreal Shield","ab_subregion":"Athabasca Plain"},"geometry":{"type":"MultiPolygon","coordinates":[[[[-110.0764,57.9261],[-110.1644,57.9169],[-110.2165,57.8877],[-110.2824,57.9212],[-110.4109,57.9338],[-110.407,57.9455],[-110.4258,57.9544],[-110.4631,57.9308],[-110.5291,57.9137],[-110.6514,57.9293],[-110.8034,57.8806],[-110.9017,57.8865],[-111.0132,57.8761],[-111.2234,57.9059],[-111.2147,57.9463],[-111.2486,57.9929],[-111.2081,58.0249],[-110.9929,58.0227],[-110.9171,58.0429],[-110.8973,58.0643],[-110.8834,58.1657],[-110.8079,58.2333],[-110.7699,58.3196],[-110.6506,58.3387],[-110.6161,58.3527],[-110.5799,58.3879],[-110.6042,58.4384],[-110.5728,58.4851],[-110.5852,58.5319],[-110.6865,58.5869],[-110.7172,58.6223],[-110.706,58.6327],[-110.7251,58.6614],[-111.0379,58.6982],[-111.0992,58.6762],[-111.1306,58.6962],[-111.1765,58.6996],[-111.0976,58.712],[-110.8213,58.8109],[-110.7296,58.9068],[-110.5126,59.0496],[-110.2743,59.141],[-110.031,59.2686],[-110.0062,59.2967],[-110.006,57.8991],[-110.0764,57.9261]]],[[[-110.751,58.6259],[-110.7421,58.6257],[-110.7487,58.6229],[-110.751,58.6259]]]]}},{"type":"Feature","properties":{"key":"athabasca_plain","name":"Athabasca Plain","where":"north AB / SK","sort":201,"ecozone":"Boreal Shield","ab_subregion":""},"geometry":{"type":"Polygon","coordinates":[[[-110.4109,57.9338],[-110.4896,57.9197],[-110.4944,57.9189],[-110.4258,57.9544],[-110.407,57.9455],[-110.4109,57.9338]]]}},{"type":"Feature","properties":{"key":"athabasca_plain","name":"Athabasca Plain","where":"north AB / SK","sort":201,"ecozone":"Boreal Shield","ab_subregion":"Peace-Athabasca Delta"},"geometry":{"type":"Polygon","coordinates":[[[-110.718,58.6231],[-110.7917,58.6469],[-110.9953,58.6675],[-111.0755,58.6664],[-111.1277,58.645],[-111.1504,58.6666],[-111.1906,58.6741],[-111.199,58.6891],[-111.1426,58.6985],[-111.0992,58.6762],[-111.0513,58.6986],[-110.8325,58.679],[-110.7251,58.6614],[-110.706,58.6327],[-110.718,58.6231]]]}},{"type":"Feature","properties":{"key":"boreal_transition","name":"Boreal Transition","where":"central AB / SK","sort":102,"ecozone":"Boreal Plains","ab_subregion":""},"geometry":{"type":"Polygon","coordinates":[[[-101.5798,51.3016],[-101.6401,51.3259],[-101.6463,51.3442],[-101.6287,51.3604],[-101.6403,51.3676],[-101.664,51.3525],[-101.6729,51.3213],[-101.778,51.3458],[-101.793,51.3375],[-101.7829,51.3183],[-101.8261,51.3085],[-101.9798,51.3236],[-101.9993,51.3095],[-102.0349,51.3078],[-102.0838,51.3333],[-102.128,51.378],[-102.1878,51.4068],[-102.1923,51.4201],[-102.163,51.425],[-102.171,51.4379],[-102.2326,51.4684],[-102.2108,51.4979],[-102.2215,51.5245],[-102.2099,51.5318],[-102.0643,51.5467],[-102.0462,51.5329],[-102.0374,51.4811],[-102.0031,51.4623],[-101.959,51.5143],[-101.9896,51.5058],[-101.9844,51.5263],[-101.9628,51.534],[-101.9187,51.5211],[-101.9625,51.5598],[-102.0347,51.6665],[-102.0905,51.6674],[-102.1739,51.7098],[-102.3004,51.7054],[-102.3587,51.7204],[-102.3891,51.7536],[-102.4228,51.7552],[-102.4906,51.8791],[-102.575,51.9407],[-102.6517,51.9232],[-102.6845,51.928],[-102.6942,51.9023],[-102.6768,51.8757],[-102.6823,51.862],[-102.8364,51.8064],[-103.2085,51.8521],[-103.5035,51.9276],[-103.5254,51.9778],[-103.5066,51.9975],[-103.5509,52.0274],[-103.52,52.0994],[-103.539,52.1045],[-103.5253,52.1221],[-103.5457,52.1326],[-103.5566,52.1575],[-103.5266,52.1719],[-103.5823,52.2016],[-103.5785,52.2155],[-103.6659,52.2801],[-103.6773,52.3113],[-103.7037,52.33],[-103.7046,52.4236],[-103.7357,52.418],[-103.7656,52.4299],[-103.7965,52.4042],[-103.7939,52.3941],[-103.8181,52.3866],[-103.8826,52.4083],[-103.917,52.3972],[-103.9396,52.4096],[-103.936,52.3846],[-103.9111,52.3679],[-103.9578,52.3595],[-103.9487,52.3711],[-103.9599,52.3816],[-104.1198,52.4385],[-104.2469,52.4523],[-104.2776,52.4821],[-104.3499,52.5011],[-104.3667,52.5307],[-104.3981,52.5152],[-104.5018,52.5477],[-104.5226,52.5417],[-104.5109,52.5227],[-104.53,52.4726],[-104.5555,52.4722],[-104.6185,52.4203],[-104.6735,52.4083],[-104.7277,52.437],[-104.7247,52.5093],[-104.7527,52.5555],[-104.7912,52.5679],[-104.8735,52.5628],[-104.9179,52.5901],[-104.9354,52.5805],[-104.956,52.5209],[-104.9378,52.4715],[-104.9572,52.4354],[-105.1054,52.4301],[-105.1692,52.4651],[-105.3403,52.467],[-105.347,52.4844],[-105.3904,52.4776],[-105.3949,52.5029],[-105.3835,52.535],[-105.3646,52.5461],[-105.3673,52.5783],[-105.3476,52.6048],[-105.3568,52.6336],[-105.3458,52.7249],[-105.375,52.7478],[-105.3564,52.7849],[-105.364,52.8232],[-105.4401,52.7752],[-105.4367,52.7556],[-105.474,52.7527],[-105.5318,52.7186],[-105.5291,52.6984],[-105.5697,52.6742],[-105.5896,52.6868],[-105.587,52.7041],[-105.6375,52.68],[-105.7031,52.681],[-105.8076,52.6481],[-105.8022,52.6718],[-105.7691,52.6944],[-105.8215,52.7013],[-105.8021,52.7409],[-105.8583,52.7603],[-105.8214,52.7809],[-105.8051,52.8172],[-105.9106,52.764],[-105.8957,52.797],[-105.9768,52.7817],[-105.9684,52.731],[-105.9133,52.748],[-105.9422,52.7284],[-105.9582,52.6944],[-105.9404,52.6686],[-105.9438,52.6535],[-105.9906,52.6154],[-106.1188,52.5988],[-106.1002,52.6386],[-106.1467,52.6266],[-106.1917,52.6355],[-106.1986,52.623],[-106.1771,52.6136],[-106.2079,52.5944],[-106.2096,52.5781],[-106.2387,52.5739],[-106.2772,52.5889],[-106.29,52.6136],[-106.2507,52.652],[-106.2322,52.6539],[-106.2251,52.6414],[-106.186,52.663],[-106.2171,52.7136],[-106.1939,52.7588],[-106.2062,52.7828],[-106.1987,52.8141],[-106.2499,52.8196],[-106.2938,52.801],[-106.337,52.8174],[-106.3954,52.8046],[-106.4571,52.8107],[-106.4602,52.8492],[-106.4409,52.8553],[-106.4423,52.8677],[-106.4904,52.8792],[-106.5613,52.851],[-106.5751,52.8583],[-106.5658,52.8794],[-106.6092,52.8943],[-106.6133,52.9082],[-106.5962,52.9089],[-106.6043,52.9269],[-106.6865,52.9434],[-106.6641,52.9698],[-106.6808,52.9648],[-106.7008,52.9841],[-106.7262,52.9844],[-106.7048,53.0096],[-106.7073,53.0246],[-106.7579,53.0611],[-106.7827,53.0995],[-106.8286,53.0616],[-106.869,53.0482],[-106.8935,53.0497],[-106.8989,53.0717],[-106.9614,53.0735],[-106.9893,53.044],[-106.9726,53.0244],[-107.0032,53.025],[-107.0423,52.9772],[-107.0158,52.9638],[-107.0314,52.9462],[-107.0223,52.9291],[-107.0662,52.8871],[-107.1293,52.9058],[-107.1593,52.8807],[-107.1997,52.8742],[-107.1813,52.8997],[-107.1902,52.9055],[-107.237,52.8597],[-107.2338,52.8491],[-107.2615,52.8453],[-107.2456,52.8358],[-107.2873,52.8385],[-107.3058,52.852],[-107.3176,52.8356],[-107.35,52.8273],[-107.3584,52.8682],[-107.332,52.8972],[-107.3239,52.9538],[-107.3025,52.9619],[-107.3208,52.9749],[-107.2878,52.9835],[-107.3027,52.9943],[-107.2753,53.0269],[-107.2993,53.0965],[-107.3936,53.0767],[-107.4777,53.0342],[-107.6113,53.0944],[-107.7329,53.0352],[-107.7714,53.0283],[-107.7632,53.0625],[-107.782,53.0589],[-107.8124,53.0747],[-107.8363,53.0646],[-107.8356,53.0809],[-107.8637,53.0754],[-107.861,53.096],[-107.8907,53.1032],[-107.8941,53.139],[-107.9669,53.2401],[-108.0705,53.2802],[-108.1497,53.2696],[-108.1582,53.2511],[-108.1512,53.2063],[-108.209,53.1644],[-108.2301,53.1831],[-108.2588,53.1748],[-108.2491,53.1959],[-108.2932,53.1898],[-108.3171,53.2026],[-108.3019,53.2341],[-108.3521,53.2164],[-108.3596,53.2315],[-108.3931,53.2284],[-108.3863,53.2423],[-108.4245,53.2334],[-108.3929,53.2578],[-108.4289,53.2509],[-108.4064,53.2698],[-108.4385,53.2629],[-108.4275,53.2768],[-108.4626,53.2672],[-108.4447,53.2896],[-108.5423,53.2484],[-108.5296,53.2359],[-108.5418,53.2231],[-108.6366,53.1849],[-108.6373,53.1685],[-108.595,53.143],[-108.5975,53.1123],[-108.623,53.1045],[-108.6938,53.1376],[-108.7192,53.1288],[-108.7284,53.1122],[-108.6993,53.0836],[-108.5667,53.0469],[-108.5587,53.0321],[-108.5727,53.0122],[-108.5256,52.9761],[-108.5577,52.9617],[-108.5638,52.9405],[-108.6361,52.9717],[-108.8237,53.0185],[-108.926,53.1039],[-108.9488,53.1463],[-109.048,53.2154],[-109.0705,53.2787],[-109.1637,53.3192],[-109.2195,53.3247],[-109.273,53.3856],[-109.3696,53.3844],[-109.4284,53.3669],[-109.4542,53.3739],[-109.4852,53.4032],[-109.5459,53.4191],[-109.5548,53.4357],[-109.5409,53.4754],[-109.6178,53.5158],[-109.6317,53.534],[-109.6322,53.575],[-109.7446,53.5928],[-109.7765,53.5813],[-109.7974,53.5469],[-109.8318,53.5426],[-110.0056,53.6001],[-110.0058,54.4434],[-109.9308,54.419],[-109.8781,54.4244],[-109.7779,54.4087],[-109.6461,54.4542],[-109.6276,54.4813],[-109.4584,54.4304],[-109.4099,54.4344],[-109.3131,54.4725],[-109.1843,54.4469],[-109.152,54.4114],[-109.0711,54.4024],[-109.0595,54.4185],[-109.0778,54.4314],[-109.0717,54.4378],[-109.021,54.449],[-108.9495,54.4333],[-108.8111,54.4957],[-108.7463,54.5013],[-108.7052,54.4347],[-108.7146,54.4171],[-108.693,54.4061],[-108.493,54.4117],[-108.4596,54.4225],[-108.4288,54.4145],[-108.4046,54.4236],[-108.4221,54.4447],[-108.3204,54.4252],[-108.3042,54.4074],[-108.3389,54.3822],[-108.371,54.376],[-108.3744,54.3514],[-108.3589,54.3441],[-108.358,54.3292],[-108.3359,54.3243],[-108.3141,54.2672],[-108.2467,54.2639],[-108.2232,54.2374],[-108.1965,54.2465],[-108.146,54.2343],[-108.0362,54.191],[-107.9904,54.1927],[-107.9527,54.1714],[-107.9415,54.1436],[-107.8346,54.1246],[-107.6939,54.0531],[-107.7744,54.0296],[-107.7949,54.0019],[-107.7724,53.9716],[-107.7204,53.9419],[-107.7151,53.9175],[-107.667,53.8946],[-107.6638,53.8783],[-107.5723,53.8655],[-107.5457,53.8342],[-107.6055,53.838],[-107.5379,53.7926],[-107.6373,53.7679],[-107.6361,53.7],[-107.5745,53.7111],[-107.5137,53.6988],[-107.5088,53.6743],[-107.4501,53.6774],[-107.4548,53.6397],[-107.4937,53.6147],[-107.4658,53.5886],[-107.4679,53.5773],[-107.5006,53.5578],[-107.4826,53.557],[-107.4587,53.5092],[-107.4168,53.4929],[-107.4033,53.4841],[-107.4054,53.4699],[-107.363,53.4503],[-107.3692,53.4414],[-107.3909,53.4496],[-107.3878,53.4241],[-107.4003,53.4262],[-107.3986,53.4155],[-107.3355,53.4145],[-107.3465,53.3965],[-107.331,53.3852],[-107.248,53.3651],[-107.257,53.3547],[-107.2508,53.3271],[-107.1131,53.3533],[-107.1103,53.3961],[-107.1449,53.4291],[-107.1147,53.4257],[-107.1425,53.4509],[-107.1178,53.4587],[-107.1496,53.4728],[-107.1484,53.4869],[-107.1839,53.4782],[-107.1854,53.4864],[-107.159,53.5065],[-107.0776,53.5058],[-107.0541,53.5734],[-107.0262,53.6007],[-107.0485,53.6383],[-107.0891,53.6512],[-107.1197,53.6848],[-107.1944,53.7141],[-107.1734,53.7406],[-107.2147,53.7593],[-107.1944,53.7725],[-107.2386,53.8022],[-107.2532,53.8388],[-107.1818,53.8354],[-107.127,53.766],[-107.0819,53.7666],[-107.0728,53.7849],[-107.1428,53.8501],[-107.1805,53.8709],[-107.2103,53.8555],[-107.2343,53.8818],[-107.1759,53.9301],[-107.1369,53.9138],[-107.0764,53.8621],[-107.0488,53.9007],[-107.0035,53.9211],[-106.9854,53.9705],[-106.9293,53.8763],[-106.8771,53.8612],[-106.8326,53.8228],[-106.7852,53.8091],[-106.7735,53.7869],[-106.7234,53.7681],[-106.6736,53.7273],[-106.6645,53.7265],[-106.6651,53.7419],[-106.6205,53.716],[-106.5913,53.6738],[-106.5843,53.6884],[-106.5485,53.6606],[-106.5211,53.6585],[-106.4935,53.6183],[-106.4651,53.6085],[-106.4463,53.6176],[-106.4223,53.5947],[-106.2428,53.5567],[-106.1274,53.5655],[-106.1544,53.5758],[-106.1345,53.5823],[-106.0599,53.572],[-106.0476,53.6029],[-106.0094,53.6053],[-105.9813,53.5852],[-105.9618,53.5475],[-105.8688,53.5387],[-105.8796,53.5092],[-105.8728,53.4944],[-105.8478,53.4818],[-105.8075,53.4936],[-105.7652,53.4273],[-105.7232,53.4071],[-105.7064,53.415],[-105.7245,53.4545],[-105.7197,53.493],[-105.7069,53.512],[-105.677,53.5101],[-105.6922,53.5304],[-105.6575,53.5613],[-105.6643,53.5825],[-105.5526,53.6309],[-105.4996,53.58],[-105.3343,53.5121],[-105.2324,53.5375],[-105.2186,53.5301],[-105.2169,53.5092],[-105.1865,53.5153],[-105.1694,53.5048],[-105.1313,53.5159],[-105.0908,53.5042],[-105.0401,53.5287],[-104.9959,53.4898],[-104.9742,53.4894],[-104.8492,53.5183],[-104.8267,53.5381],[-104.8227,53.5672],[-104.7539,53.609],[-104.6979,53.618],[-104.6264,53.6049],[-104.6052,53.6157],[-104.4674,53.6118],[-104.3254,53.6765],[-104.1834,53.6964],[-104.157,53.6905],[-104.1559,53.7006],[-104.2079,53.7375],[-104.2303,53.7414],[-104.185,53.7512],[-104.2325,53.7564],[-104.2259,53.7716],[-104.1594,53.7608],[-104.1221,53.7808],[-104.0321,53.7577],[-103.9828,53.7281],[-103.9162,53.7324],[-103.8915,53.722],[-103.9176,53.694],[-104.0581,53.6149],[-103.9467,53.6427],[-103.8808,53.6235],[-103.8734,53.6453],[-103.8171,53.6116],[-103.6969,53.6482],[-103.7036,53.6725],[-103.6862,53.6847],[-103.6984,53.6946],[-103.6755,53.7039],[-103.6154,53.6839],[-103.5338,53.7137],[-103.5204,53.7034],[-103.4745,53.7158],[-103.4418,53.704],[-103.4182,53.7172],[-103.4454,53.7396],[-103.4112,53.7502],[-103.3946,53.741],[-103.4148,53.7311],[-103.3899,53.7249],[-103.3716,53.7398],[-103.3889,53.7747],[-103.3679,53.7788],[-103.331,53.766],[-103.3286,53.7748],[-103.2197,53.7286],[-103.2097,53.7451],[-103.2776,53.7733],[-103.1694,53.7594],[-103.152,53.7972],[-103.1063,53.7912],[-103.0809,53.7194],[-103.106,53.6837],[-103.1756,53.6892],[-103.1628,53.6771],[-103.1924,53.6527],[-103.1478,53.6461],[-103.1408,53.6607],[-103.127,53.6531],[-103.112,53.6651],[-103.1009,53.6528],[-103.1126,53.6279],[-103.0768,53.6262],[-103.0774,53.6828],[-103.0476,53.6992],[-103.0664,53.6647],[-103.0614,53.5892],[-102.9928,53.5182],[-103.021,53.5093],[-102.9299,53.4556],[-102.9171,53.4676],[-102.8997,53.4524],[-102.8589,53.4683],[-102.8274,53.4371],[-102.8102,53.4406],[-102.7945,53.4179],[-102.7809,53.4278],[-102.7954,53.4416],[-102.7675,53.4454],[-102.8028,53.46],[-102.783,53.4773],[-102.7674,53.4586],[-102.7388,53.4656],[-102.7197,53.4519],[-102.7317,53.4409],[-102.7181,53.4338],[-102.702,53.4397],[-102.6968,53.4637],[-102.6482,53.4798],[-102.6795,53.4462],[-102.653,53.4375],[-102.7433,53.3976],[-102.712,53.3663],[-102.6508,53.3655],[-102.6989,53.333],[-102.7076,53.3164],[-102.69,53.3167],[-102.7269,53.2867],[-102.7991,53.2495],[-102.8728,53.2346],[-102.8999,53.2138],[-102.9584,53.1986],[-102.9502,53.177],[-102.9752,53.1525],[-103.0943,53.1199],[-103.142,53.0914],[-103.2719,53.0768],[-103.2376,53.0451],[-103.2359,53.0046],[-103.1801,52.9763],[-103.0863,52.9777],[-103.0612,52.9429],[-103.064,52.9237],[-103.0186,52.9245],[-102.9848,52.9003],[-102.8775,52.9148],[-102.6884,52.9097],[-102.5162,53.0099],[-102.3922,53.026],[-102.2966,53.0823],[-102.2895,53.0642],[-102.3566,52.9736],[-102.3519,52.9539],[-102.382,52.9201],[-102.4,52.8513],[-102.4311,52.8338],[-102.382,52.827],[-102.3884,52.814],[-102.3655,52.7887],[-102.2781,52.7661],[-102.2933,52.7875],[-102.2793,52.7973],[-102.2376,52.7849],[-102.2274,52.7656],[-102.1794,52.7582],[-102.2083,52.778],[-102.0854,52.7691],[-101.9876,52.7934],[-101.986,52.776],[-101.897,52.7761],[-101.9726,52.7271],[-102.1261,52.6919],[-102.1288,52.666],[-102.202,52.6258],[-102.2107,52.6122],[-102.2015,52.6036],[-102.2157,52.5916],[-102.2898,52.5828],[-102.3228,52.5524],[-102.4027,52.519],[-102.5064,52.5306],[-102.5714,52.4782],[-102.6223,52.4551],[-102.6412,52.4601],[-102.6644,52.4353],[-102.7754,52.4447],[-102.9137,52.4949],[-103.0364,52.4848],[-103.1748,52.555],[-103.3133,52.5461],[-103.4178,52.5696],[-103.5014,52.5619],[-103.5165,52.5496],[-103.5843,52.5578],[-103.5418,52.5727],[-103.6258,52.6083],[-103.6792,52.5581],[-103.6511,52.5305],[-103.6441,52.464],[-103.6231,52.4515],[-103.6098,52.3954],[-103.5707,52.3584],[-103.5795,52.3474],[-103.5204,52.3555],[-103.5022,52.343],[-103.4706,52.3784],[-103.4414,52.3774],[-103.4659,52.2869],[-103.4384,52.2449],[-103.4887,52.2478],[-103.5381,52.277],[-103.5596,52.2431],[-103.5185,52.2373],[-103.5061,52.217],[-103.4335,52.177],[-103.2106,52.1173],[-103.0508,52.04],[-103.0049,52.0332],[-102.9163,52.0512],[-102.8545,52.0877],[-102.8472,52.097],[-102.8919,52.1118],[-102.8835,52.1198],[-102.8592,52.1203],[-102.7942,52.0755],[-102.7823,52.0931],[-102.7808,52.1516],[-102.7011,52.145],[-102.6525,52.1881],[-102.6338,52.1678],[-102.6313,52.1219],[-102.6027,52.1082],[-102.593,52.1104],[-102.6006,52.1298],[-102.5823,52.1335],[-102.5289,52.1145],[-102.5088,52.0801],[-102.4907,52.0746],[-102.465,52.1119],[-102.4473,52.1183],[-102.4177,52.0636],[-102.3762,52.0613],[-102.3663,52.0726],[-102.3074,52.0537],[-102.2655,52.0929],[-102.2575,52.079],[-102.2774,52.0628],[-102.2234,52.0485],[-102.2119,52.0598],[-102.1842,52.0575],[-102.1793,52.0896],[-102.2051,52.1143],[-102.1604,52.1457],[-102.1525,52.1966],[-102.1197,52.1902],[-102.0813,52.2029],[-102.0635,52.1802],[-102.0211,52.1672],[-102.0492,52.1133],[-101.9964,52.0924],[-101.9959,52.0545],[-101.9582,52.0249],[-101.9427,52.0592],[-101.873,52.1007],[-101.7643,52.1282],[-101.7182,52.1853],[-101.6655,52.22],[-101.6322,51.8629],[-101.7032,51.8558],[-101.7,51.8236],[-101.7871,51.7611],[-101.81,51.703],[-101.77,51.6587],[-101.8122,51.6392],[-101.8167,51.6063],[-101.7747,51.5506],[-101.7149,51.5269],[-101.6488,51.5346],[-101.5984,51.5015],[-101.5798,51.3016]],[[-109.2456,54.224],[-109.4131,54.1862],[-109.4582,54.1937],[-109.4786,54.165],[-109.5219,54.1579],[-109.4852,54.0953],[-109.5354,54.0439],[-109.5917,54.0368],[-109.5763,54.01],[-109.58,53.9882],[-109.6252,53.9559],[-109.6699,53.9483],[-109.7287,53.9611],[-109.7562,54.0101],[-109.7796,54.0209],[-109.8474,53.9507],[-109.9543,53.9064],[-109.9661,53.8776],[-109.9501,53.866],[-109.8958,53.8843],[-109.8607,53.8804],[-109.7358,53.8201],[-109.6421,53.7204],[-109.7147,53.6537],[-109.5908,53.6376],[-109.4551,53.661],[-109.3971,53.6507],[-109.3578,53.6748],[-109.2969,53.6774],[-109.1886,53.6335],[-108.9946,53.7138],[-108.9632,53.6912],[-108.8789,53.5694],[-108.8686,53.5482],[-108.8881,53.5124],[-108.8546,53.4998],[-108.8038,53.5023],[-108.7519,53.4679],[-108.6414,53.4513],[-108.572,53.4885],[-108.5226,53.4808],[-108.4506,53.5193],[-108.3901,53.4966],[-108.2869,53.4948],[-108.2351,53.4398],[-108.2155,53.4368],[-108.1682,53.4591],[-108.1262,53.4514],[-108.1075,53.4223],[-108.0166,53.4383],[-108.0021,53.4131],[-108.0339,53.378],[-108.0312,53.3583],[-107.9472,53.3333],[-107.9115,53.3404],[-107.7902,53.4153],[-107.7558,53.4143],[-107.7625,53.4284],[-107.75,53.4509],[-107.7752,53.4712],[-107.7702,53.4835],[-107.7949,53.4913],[-107.8012,53.5191],[-107.8476,53.5396],[-107.8242,53.5557],[-107.8721,53.5532],[-107.8579,53.5857],[-107.8929,53.6084],[-107.9305,53.6053],[-107.9437,53.6774],[-107.9799,53.7086],[-107.98,53.75],[-107.9593,53.7618],[-107.9177,53.8228],[-107.9313,53.8315],[-107.9273,53.847],[-107.95,53.8519],[-107.9709,53.8793],[-107.9792,53.9171],[-107.96,53.9436],[-107.952,53.989],[-107.9333,53.9893],[-107.9088,53.9248],[-107.8296,53.9466],[-107.8918,53.9402],[-107.8976,53.9561],[-107.8869,53.964],[-107.9016,53.9745],[-107.8704,53.974],[-107.8746,53.9528],[-107.8417,53.9607],[-107.8984,54.0109],[-107.9484,54.001],[-107.969,54.0164],[-107.9597,54.0412],[-107.9992,54.0383],[-108.0836,54.0814],[-108.1638,54.0974],[-108.2051,54.0955],[-108.1996,54.0705],[-108.213,54.0573],[-108.2742,54.0654],[-108.375,54.0435],[-108.463,54.0435],[-108.4978,54.0611],[-108.6552,54.062],[-108.7448,54.0016],[-108.8007,53.9814],[-108.846,53.9125],[-108.9059,53.8754],[-108.9518,53.8637],[-109.043,53.8854],[-109.1495,53.8691],[-109.1731,53.8804],[-109.1759,53.8976],[-109.1536,53.9469],[-109.1481,54.0058],[-109.1141,54.036],[-109.0801,54.0935],[-109.0982,54.1366],[-109.0819,54.1601],[-109.1623,54.1869],[-109.1791,54.2317],[-109.1526,54.2455],[-109.1591,54.2606],[-109.203,54.252],[-109.2456,54.224]]]}},{"type":"Feature","properties":{"key":"boreal_transition","name":"Boreal Transition","where":"central AB / SK","sort":102,"ecozone":"Boreal Plains","ab_subregion":"Central Mixedwood"},"geometry":{"type":"MultiPolygon","coordinates":[[[[-114.527,52.7185],[-114.5287,52.7219],[-114.5217,52.7178],[-114.527,52.7185]]],[[[-114.5342,52.721],[-114.5353,52.7256],[-114.5301,52.7227],[-114.5342,52.721]]],[[[-114.4587,52.713],[-114.4909,52.7973],[-114.4904,52.8314],[-114.4636,52.8536],[-114.4066,52.8448],[-114.3952,52.8706],[-114.3521,52.8809],[-114.3259,52.8735],[-114.3209,52.8855],[-114.2668,52.8962],[-114.2464,52.9342],[-114.2609,52.9635],[-114.3446,53.0075],[-114.539,53.005],[-114.5649,53.0188],[-114.5359,53.02],[-114.5743,53.0545],[-114.5791,53.0405],[-114.6395,53.0465],[-114.6541,53.0616],[-114.7424,53.0828],[-114.793,53.0548],[-114.7967,53.0454],[-114.7746,53.0407],[-114.7868,53.0156],[-114.8201,53.0173],[-114.8732,53.0762],[-114.9459,53.1227],[-114.9505,53.1559],[-114.9279,53.209],[-114.8836,53.1839],[-114.845,53.1804],[-114.8227,53.1613],[-114.6845,53.1889],[-114.626,53.1755],[-114.6022,53.1991],[-114.5994,53.2715],[-114.5209,53.2712],[-114.4588,53.2896],[-114.4414,53.277],[-114.4471,53.2555],[-114.4926,53.2396],[-114.5063,53.212],[-114.495,53.1654],[-114.4334,53.139],[-114.387,53.0998],[-114.3524,53.0986],[-114.3483,53.1216],[-114.3314,53.1288],[-114.2718,53.133],[-114.2294,53.1161],[-114.0943,53.1036],[-114.0988,53.0925],[-114.143,53.0836],[-114.2888,53.0697],[-114.1985,53.0181],[-114.1428,53.0129],[-114.1446,53.0003],[-114.1044,52.9886],[-114.097,52.9739],[-114.0544,52.9719],[-114.0642,52.9388],[-114.1148,52.9559],[-114.1562,52.9446],[-114.1515,52.9134],[-114.1636,52.8999],[-114.123,52.8667],[-114.1911,52.8389],[-114.1416,52.768],[-114.1456,52.75],[-114.1769,52.7584],[-114.1851,52.7444],[-114.3128,52.7763],[-114.3223,52.7457],[-114.2919,52.7117],[-114.408,52.7272],[-114.425,52.7151],[-114.3638,52.6764],[-114.4433,52.6785],[-114.4826,52.691],[-114.498,52.7048],[-114.4587,52.713]]],[[[-114.9225,53.3151],[-114.9225,53.2964],[-114.9405,53.2981],[-114.9225,53.3151]]],[[[-114.952,53.4266],[-114.9284,53.4837],[-114.9511,53.5091],[-114.9266,53.5468],[-114.9001,53.5544],[-114.8705,53.5421],[-114.8498,53.5774],[-114.8296,53.5814],[-114.7924,53.5749],[-114.8076,53.5542],[-114.7692,53.5198],[-114.7062,53.5215],[-114.6844,53.4922],[-114.6524,53.512],[-114.6184,53.5128],[-114.5997,53.4999],[-114.6047,53.4833],[-114.482,53.4455],[-114.4588,53.4275],[-114.5458,53.3945],[-114.5636,53.4095],[-114.5565,53.437],[-114.5654,53.4528],[-114.6191,53.4438],[-114.6818,53.4519],[-114.7217,53.4347],[-114.7747,53.461],[-114.8039,53.4581],[-114.8509,53.427],[-114.9149,53.4434],[-114.9281,53.4318],[-114.925,53.4144],[-114.952,53.4266]]],[[[-115.0866,53.5788],[-115.0324,53.5788],[-115.0271,53.5624],[-115.0866,53.5788]]],[[[-115.1618,53.5921],[-115.1577,53.5918],[-115.1576,53.5918],[-115.1618,53.5921]]],[[[-115.2363,53.5949],[-115.2194,53.606],[-115.1843,53.5932],[-115.2363,53.5949]]],[[[-115.4355,53.6171],[-115.4493,53.6226],[-115.4597,53.6301],[-115.474,53.65],[-115.4794,53.6586],[-115.4888,53.6929],[-115.466,53.6713],[-115.4429,53.6734],[-115.4443,53.657],[-115.4759,53.6553],[-115.4317,53.6449],[-115.4428,53.6204],[-115.353,53.64],[-115.3215,53.6157],[-115.2581,53.5951],[-115.4355,53.6171]]],[[[-115.4575,53.7129],[-115.3231,53.6958],[-115.283,53.7054],[-115.3387,53.7733],[-115.3421,53.7925],[-115.3294,53.7968],[-115.0271,53.694],[-115.1033,53.6851],[-115.1505,53.7152],[-115.1761,53.6929],[-115.2206,53.7035],[-115.2577,53.6551],[-115.3181,53.6436],[-115.3427,53.6487],[-115.4052,53.6955],[-115.4748,53.7078],[-115.4875,53.6993],[-115.4747,53.7115],[-115.4575,53.7129]]],[[[-115.4891,53.6957],[-115.4867,53.696],[-115.4888,53.6934],[-115.4891,53.6957]]],[[[-115.4087,53.8493],[-115.3834,53.8536],[-115.3627,53.8387],[-115.3069,53.8367],[-115.2765,53.8271],[-115.3977,53.8411],[-115.4087,53.8493]]],[[[-115.4379,53.873],[-115.4255,53.8658],[-115.4221,53.8518],[-115.4379,53.873]]],[[[-115.3754,54.0855],[-115.3726,54.1345],[-115.1475,54.1629],[-115.0527,54.1848],[-114.946,54.2301],[-114.8419,54.2288],[-114.7475,54.2118],[-114.682,54.2199],[-114.5696,54.2691],[-114.6108,54.2297],[-114.6783,54.1913],[-114.6431,54.1611],[-114.6279,54.1254],[-114.6468,54.073],[-114.6906,54.0549],[-114.7315,54.0578],[-114.7787,54.1049],[-114.8083,54.0978],[-114.8324,54.1549],[-114.8906,54.1926],[-114.9281,54.1892],[-114.9233,54.1692],[-114.9569,54.1515],[-114.9595,54.1307],[-114.9857,54.1144],[-114.9765,54.073],[-115.0429,54.0844],[-115.1068,54.0622],[-115.1565,54.0703],[-115.186,54.0618],[-115.1842,54.0392],[-115.2174,54.0281],[-115.2568,54.0331],[-115.2721,54.0571],[-115.3268,54.0607],[-115.3333,54.0526],[-115.3221,54.0389],[-115.3521,54.0242],[-115.3754,54.0855]]],[[[-114.2295,54.4767],[-114.2062,54.4763],[-114.1655,54.4393],[-114.1211,54.4481],[-114.0832,54.4112],[-114.1775,54.4035],[-114.2289,54.3737],[-114.3206,54.4165],[-114.3362,54.4379],[-114.2643,54.4407],[-114.2391,54.4506],[-114.2295,54.4767]]],[[[-113.8124,54.524],[-113.8019,54.4579],[-113.8039,54.4333],[-113.8073,54.4558],[-113.8445,54.4558],[-113.8575,54.4824],[-113.9436,54.4804],[-113.9979,54.5271],[-113.9894,54.5568],[-113.9036,54.5833],[-113.8465,54.5666],[-113.8124,54.524]]],[[[-114.2009,54.5076],[-114.2145,54.5224],[-114.1862,54.5214],[-114.2009,54.5076]]],[[[-110.0893,54.266],[-110.0385,54.2476],[-110.0056,54.2546],[-110.0056,53.77],[-110.0546,53.7849],[-110.1188,53.7688],[-110.1945,53.8105],[-110.3082,53.7361],[-110.3511,53.7323],[-110.3676,53.7434],[-110.3792,53.7831],[-110.3514,53.8366],[-110.3592,53.8727],[-110.4534,53.8789],[-110.4958,53.8995],[-110.5111,53.9145],[-110.5193,53.9556],[-110.5464,53.9845],[-110.5847,53.9788],[-110.6032,54.0089],[-110.6431,54.0122],[-110.6815,54.0077],[-110.6873,53.985],[-110.7288,53.966],[-110.7816,53.9755],[-110.8246,53.9599],[-110.8654,53.9782],[-110.8942,54.0175],[-110.896,54.0345],[-110.8652,54.0446],[-110.867,54.0576],[-110.8401,54.0597],[-110.8593,54.0753],[-110.8209,54.0719],[-110.7022,54.1056],[-110.6749,54.0928],[-110.6078,54.0955],[-110.6138,54.131],[-110.5727,54.1495],[-110.544,54.1838],[-110.5486,54.1939],[-110.5211,54.1969],[-110.5114,54.2283],[-110.4385,54.2282],[-110.4152,54.2598],[-110.3804,54.245],[-110.3805,54.2113],[-110.3661,54.1859],[-110.3197,54.1792],[-110.2368,54.2325],[-110.1541,54.2601],[-110.0893,54.266]]],[[[-110.044,54.3917],[-110.0058,54.4434],[-110.0058,54.4061],[-110.0922,54.37],[-110.0776,54.386],[-110.044,54.3917]]],[[[-110.1112,54.4414],[-110.128,54.4385],[-110.1375,54.4364],[-110.1322,54.4527],[-110.1112,54.4414]]],[[[-110.1818,54.4634],[-110.1924,54.4651],[-110.2009,54.4681],[-110.2387,54.4938],[-110.1818,54.4634]]],[[[-110.5701,54.5269],[-110.4745,54.543],[-110.44,54.5061],[-110.4219,54.5025],[-110.3266,54.5117],[-110.259,54.5022],[-110.3855,54.4999],[-110.4591,54.5031],[-110.5228,54.52],[-110.5842,54.5181],[-110.6408,54.5373],[-110.5701,54.5269]]],[[[-111.3928,54.4331],[-111.377,54.4385],[-111.4011,54.4275],[-111.4593,54.4426],[-111.4188,54.4516],[-111.3928,54.4331]]],[[[-110.6885,54.5365],[-110.7361,54.5292],[-110.8322,54.5436],[-110.773,54.5454],[-110.6885,54.5365]]],[[[-111.0114,54.5544],[-111.0364,54.5568],[-111.0877,54.5709],[-111.0543,54.5825],[-111.0114,54.5544]]],[[[-111.2467,54.5499],[-111.1956,54.5967],[-111.1527,54.6061],[-111.1482,54.5888],[-111.1713,54.549],[-111.165,54.5394],[-111.1263,54.545],[-111.1788,54.5084],[-111.1998,54.5259],[-111.1856,54.5545],[-111.2747,54.5464],[-111.2467,54.5499]]],[[[-112.4677,54.82],[-112.4688,54.7943],[-112.4344,54.801],[-112.3822,54.7096],[-112.3433,54.6957],[-112.3299,54.674],[-112.2389,54.6296],[-112.0143,54.5764],[-111.7961,54.452],[-111.6953,54.428],[-111.6184,54.3761],[-111.5398,54.2976],[-111.4119,54.2264],[-111.3299,54.1361],[-111.4225,54.1585],[-111.4564,54.1556],[-111.4608,54.1365],[-111.5174,54.1228],[-111.5803,54.182],[-111.5674,54.2205],[-111.5969,54.2652],[-111.6306,54.2844],[-111.7051,54.2952],[-111.7429,54.2406],[-111.734,54.2154],[-111.6956,54.2019],[-111.747,54.1777],[-111.7993,54.1968],[-111.9076,54.2029],[-111.9519,54.2472],[-112.2385,54.181],[-112.2787,54.189],[-112.3546,54.2305],[-112.4142,54.2344],[-112.4392,54.2222],[-112.4381,54.1942],[-112.4567,54.1856],[-112.5579,54.2061],[-112.7633,54.2957],[-112.8446,54.3677],[-112.8275,54.4327],[-112.8363,54.5047],[-112.7991,54.5601],[-112.7778,54.624],[-112.7389,54.6747],[-112.6952,54.6964],[-112.6256,54.7099],[-112.5439,54.7006],[-112.4728,54.7315],[-112.4659,54.7408],[-112.4773,54.7506],[-112.5437,54.7614],[-112.5453,54.791],[-112.5348,54.8122],[-112.4853,54.8287],[-112.4677,54.82]]],[[[-113.6341,54.5618],[-113.6845,54.5047],[-113.6919,54.5061],[-113.6592,54.5425],[-113.6341,54.5618]]],[[[-113.5192,54.6984],[-113.5467,54.6416],[-113.6023,54.5918],[-113.5192,54.6984]]],[[[-112.9461,55.0547],[-112.8203,55.1604],[-112.7623,55.2537],[-112.6841,55.2823],[-112.6058,55.2818],[-112.384,55.2397],[-112.1508,55.1508],[-112.035,55.0761],[-111.8733,55.0052],[-111.87,54.9534],[-111.7771,54.9135],[-111.7291,54.8678],[-111.7299,54.8402],[-111.7755,54.8044],[-111.7767,54.7427],[-111.8034,54.7276],[-111.8714,54.7317],[-111.8894,54.7056],[-111.6667,54.5847],[-111.5501,54.5115],[-111.4811,54.4513],[-111.736,54.6146],[-111.8973,54.6834],[-111.9347,54.7135],[-111.9433,54.7289],[-111.9223,54.7511],[-111.9359,54.7882],[-111.9274,54.8013],[-111.8913,54.8075],[-111.8253,54.7894],[-111.9224,54.8698],[-111.8978,54.8848],[-111.9221,54.8855],[-111.9149,54.9031],[-111.8931,54.8933],[-111.8987,54.9107],[-112.0487,54.8932],[-112.1069,54.87],[-112.1185,54.8943],[-112.1374,54.8978],[-112.1278,54.9163],[-112.1402,54.9312],[-112.2395,54.9355],[-112.2471,54.9516],[-112.292,54.9288],[-112.2947,54.953],[-112.3211,54.962],[-112.5019,54.9061],[-112.5241,54.9071],[-112.5452,54.9262],[-112.5839,54.9043],[-112.6216,54.8981],[-112.6552,54.9098],[-112.7016,54.8875],[-112.7153,54.8937],[-112.706,54.9122],[-112.7163,54.9228],[-112.8105,54.9122],[-112.8765,54.948],[-113.0178,54.9503],[-113.0134,54.9756],[-113.0233,54.9851],[-113.0627,54.9803],[-113.0896,54.9513],[-113.1313,54.9566],[-112.9461,55.0547]]],[[[-113.5081,54.7443],[-113.5084,54.7515],[-113.5072,54.7475],[-113.5081,54.7443]]],[[[-113.5101,54.7573],[-113.5111,54.7589],[-113.5102,54.7576],[-113.5101,54.7573]]],[[[-113.5803,54.8673],[-113.4538,54.8581],[-113.4172,54.8629],[-113.484,54.8015],[-113.5224,54.7924],[-113.5216,54.7756],[-113.594,54.8401],[-113.5803,54.8673]]],[[[-113.3087,54.907],[-113.3322,54.8632],[-113.3503,54.8676],[-113.359,54.8855],[-113.3087,54.907]]]]}},{"type":"Feature","properties":{"key":"boreal_transition","name":"Boreal Transition","where":"central AB / SK","sort":102,"ecozone":"Boreal Plains","ab_subregion":"Central Parkland"},"geometry":{"type":"MultiPolygon","coordinates":[[[[-114.2964,51.8914],[-114.351,51.8462],[-114.3007,51.9048],[-114.2195,51.9148],[-114.2964,51.8914]]],[[[-114.1118,52.1558],[-114.16,52.1621],[-114.1885,52.1824],[-114.2897,52.2949],[-114.1657,52.184],[-114.1015,52.1707],[-114.1118,52.1558]]],[[[-114.3622,52.2394],[-114.3491,52.2594],[-114.3607,52.2738],[-114.3117,52.2518],[-114.3127,52.2396],[-114.3622,52.2394]]],[[[-114.0871,52.3007],[-114.0999,52.3156],[-114.0746,52.3335],[-114.0398,52.329],[-114.0871,52.3007]]],[[[-114.3972,52.2942],[-114.4188,52.3087],[-114.3565,52.3217],[-114.3972,52.2942]]],[[[-114.1265,52.4044],[-114.1599,52.4108],[-114.1695,52.4244],[-114.1228,52.4393],[-114.0975,52.4614],[-114.094,52.4483],[-114.1264,52.422],[-114.1265,52.4044]]],[[[-113.811,52.5659],[-113.9063,52.5364],[-113.9503,52.5445],[-113.9674,52.5656],[-113.9065,52.5628],[-113.8379,52.5789],[-113.8142,52.5891],[-113.8266,52.6113],[-113.7917,52.5945],[-113.811,52.5659]]],[[[-114.0195,52.6124],[-114.0168,52.6093],[-114.0278,52.6183],[-114.0195,52.6124]]],[[[-114.0436,52.6295],[-114.0368,52.6238],[-114.053,52.6272],[-114.0436,52.6295]]],[[[-113.8994,52.6841],[-113.9088,52.714],[-113.9161,52.7497],[-113.8908,52.7007],[-113.8994,52.6841]]],[[[-113.9009,52.7949],[-113.9163,52.7508],[-113.9442,52.8235],[-114.0312,52.9008],[-113.9488,52.8942],[-113.9009,52.7949]]],[[[-113.9164,52.9244],[-113.8982,52.9127],[-113.9009,52.9122],[-113.9164,52.9244]]],[[[-113.956,52.9264],[-113.984,52.959],[-113.9256,52.9711],[-113.9206,52.9314],[-113.9468,52.9489],[-113.956,52.9264]]],[[[-114.0377,53.51],[-114.0891,53.4147],[-114.0809,53.3663],[-114.0977,53.4334],[-114.119,53.4515],[-114.1254,53.4762],[-114.0639,53.5396],[-114.0377,53.51]]],[[[-110.0864,53.5918],[-110.3043,53.6607],[-110.2643,53.6748],[-110.1928,53.6739],[-110.0257,53.5983],[-110.0864,53.5918]]],[[[-111.0388,53.4632],[-111.1451,53.504],[-111.287,53.5222],[-111.3316,53.5528],[-111.168,53.5116],[-111.0079,53.5496],[-111.0112,53.4749],[-111.0388,53.4632]]],[[[-113.8317,53.0881],[-113.964,53.1849],[-113.9586,53.2054],[-113.8355,53.1135],[-113.8317,53.0881]]],[[[-110.5285,53.7748],[-110.5129,53.7656],[-110.4983,53.7567],[-110.5285,53.7748]]],[[[-110.9231,53.8529],[-110.6941,53.6953],[-110.7158,53.6901],[-110.8549,53.7499],[-110.8995,53.7482],[-110.9448,53.7312],[-110.9869,53.6925],[-110.9878,53.6415],[-111.0533,53.6992],[-111.1454,53.7331],[-110.9231,53.8529]]],[[[-111.6064,53.7791],[-111.6013,53.7627],[-111.6186,53.7505],[-111.6064,53.7791]]],[[[-111.6066,53.7801],[-111.6074,53.7854],[-111.6001,53.785],[-111.6066,53.7801]]],[[[-111.9017,53.7689],[-111.8392,53.7962],[-111.7643,53.8031],[-111.8419,53.7772],[-111.9017,53.7689]]],[[[-113.8994,53.6623],[-113.8969,53.6608],[-113.8971,53.6593],[-113.8994,53.6623]]],[[[-112.3642,53.9394],[-112.4,53.9598],[-112.3994,53.9941],[-112.3622,54.0117],[-112.3642,53.9394]]],[[[-112.84,53.9803],[-112.8267,53.9715],[-112.8326,53.9618],[-112.84,53.9803]]],[[[-113.9893,53.8004],[-113.9765,53.8124],[-113.9848,53.7896],[-113.9893,53.8004]]],[[[-113.9153,54.0462],[-113.8849,54.0478],[-113.9173,54.0346],[-113.9153,54.0462]]]]}},{"type":"Feature","properties":{"key":"boreal_transition","name":"Boreal Transition","where":"central AB / SK","sort":102,"ecozone":"Boreal Plains","ab_subregion":"Dry Mixedwood"},"geometry":{"type":"MultiPolygon","coordinates":[[[[-114.552,51.5647],[-114.5518,51.575],[-114.541,51.5861],[-114.5425,51.5742],[-114.552,51.5647]]],[[[-114.676,52.6422],[-114.6758,52.6425],[-114.6759,52.6423],[-114.676,52.6422]]],[[[-110.0257,53.5983],[-110.1928,53.6739],[-110.2643,53.6748],[-110.3043,53.6607],[-110.3432,53.671],[-110.434,53.7391],[-110.5285,53.7748],[-110.6092,53.8422],[-110.6385,53.851],[-110.707,53.8413],[-110.772,53.8674],[-110.8907,53.8744],[-110.9148,53.873],[-110.9231,53.8529],[-111.1454,53.7331],[-111.0533,53.6992],[-110.9878,53.6415],[-111.0079,53.5496],[-111.1136,53.5179],[-111.1985,53.5143],[-111.3316,53.5528],[-111.3684,53.6012],[-111.398,53.6192],[-111.429,53.6078],[-111.4724,53.5554],[-111.5594,53.5299],[-111.5402,53.569],[-111.6235,53.5885],[-111.6408,53.6142],[-111.6355,53.6483],[-111.5973,53.6948],[-111.6198,53.7374],[-111.5984,53.7743],[-111.6123,53.8072],[-111.6508,53.8397],[-111.7001,53.8379],[-111.7584,53.8048],[-111.8392,53.7962],[-111.902,53.7688],[-111.9148,53.7744],[-111.9076,53.8097],[-111.964,53.8258],[-111.9818,53.8538],[-112.0256,53.8767],[-111.9976,53.907],[-112.0091,53.9402],[-112.1693,53.9877],[-112.1803,54.001],[-112.1753,54.0251],[-112.2087,54.0525],[-112.2417,54.0574],[-112.3191,54.0414],[-112.3909,53.9999],[-112.4,53.9598],[-112.376,53.9378],[-112.5095,53.9605],[-112.654,53.9407],[-112.7225,53.9485],[-112.8038,53.9888],[-112.8267,53.9715],[-112.84,53.9803],[-112.8326,53.9618],[-112.8549,53.9332],[-112.9559,53.8911],[-113.0213,53.9124],[-113.1597,54.0031],[-113.2192,53.9958],[-113.2493,53.9689],[-113.3458,53.9942],[-113.5217,54.1213],[-113.61,54.1223],[-113.9153,54.0462],[-113.9173,54.0346],[-114.0263,53.9886],[-114.0123,53.9236],[-114.0427,53.8874],[-114.0421,53.8661],[-113.9765,53.8124],[-114.0025,53.7699],[-113.9981,53.7328],[-113.9141,53.677],[-113.8971,53.6593],[-113.8993,53.6441],[-114.0526,53.559],[-114.1257,53.4729],[-114.0977,53.4334],[-114.089,53.3733],[-114.0616,53.3083],[-113.9586,53.2054],[-113.964,53.1849],[-113.8317,53.0881],[-113.8354,53.0412],[-113.8777,52.9683],[-113.8768,52.9214],[-113.8982,52.9127],[-113.9164,52.9244],[-113.9256,52.9711],[-113.9608,52.9679],[-113.985,52.9535],[-113.9525,52.924],[-113.9488,52.8942],[-114.0313,52.8993],[-113.938,52.8143],[-113.8976,52.6804],[-113.9068,52.6519],[-113.8901,52.6316],[-113.8266,52.6113],[-113.8142,52.5891],[-113.9519,52.5602],[-114.0392,52.6284],[-114.0668,52.6104],[-114.0845,52.559],[-114.0132,52.4996],[-114.0337,52.4878],[-114.1007,52.4983],[-114.0975,52.4614],[-114.1228,52.4393],[-114.1695,52.4244],[-114.0391,52.342],[-114.0434,52.327],[-114.0746,52.3335],[-114.0999,52.3156],[-114.0733,52.2632],[-114.0842,52.2385],[-114.1184,52.2222],[-114.1015,52.1707],[-114.1681,52.1856],[-114.3215,52.3285],[-114.3381,52.3347],[-114.4188,52.3087],[-114.3492,52.2614],[-114.3648,52.2389],[-114.4174,52.2367],[-114.4398,52.2286],[-114.4438,52.2135],[-114.3852,52.1599],[-114.3697,52.1125],[-114.3682,52.0491],[-114.2747,52.0011],[-114.171,51.9813],[-114.1424,51.9626],[-114.1523,51.9441],[-114.1923,51.9242],[-114.2904,51.9085],[-114.3223,51.888],[-114.453,51.7309],[-114.5047,51.6897],[-114.5408,51.5876],[-114.5391,51.6002],[-114.5631,51.6214],[-114.5855,51.6999],[-114.6106,51.7102],[-114.6063,51.6209],[-114.6164,51.6111],[-114.6252,51.6135],[-114.6152,51.6216],[-114.6348,51.6283],[-114.6408,51.6178],[-114.6548,51.6351],[-114.643,51.6411],[-114.6805,51.6582],[-114.7082,51.6869],[-114.7063,51.7009],[-114.7349,51.7131],[-114.8449,51.828],[-114.8418,51.8468],[-114.8108,51.8458],[-114.7553,51.8211],[-114.7288,51.8231],[-114.7648,51.8873],[-114.7465,51.9377],[-114.6872,51.9331],[-114.6969,51.9418],[-114.65,51.9356],[-114.634,51.9448],[-114.5859,51.9247],[-114.6351,51.9834],[-114.6262,51.9948],[-114.5831,51.9824],[-114.5664,51.9932],[-114.5675,52.0123],[-114.6126,52.0345],[-114.6668,52.0272],[-114.6789,52.0153],[-114.7044,52.0348],[-114.7424,52.0311],[-114.7486,52.038],[-114.7281,52.0508],[-114.739,52.0606],[-114.7881,52.0868],[-114.8343,52.0864],[-114.8057,52.0994],[-114.844,52.1113],[-114.8203,52.1229],[-114.7855,52.1704],[-114.844,52.1846],[-114.8524,52.2112],[-114.8805,52.2371],[-114.9428,52.2701],[-114.9249,52.2854],[-114.9362,52.3051],[-114.9273,52.3088],[-114.9421,52.3188],[-114.9337,52.37],[-114.8664,52.4455],[-114.8336,52.4619],[-114.7568,52.4616],[-114.7476,52.471],[-114.7618,52.49],[-114.7465,52.5051],[-114.7174,52.4744],[-114.6167,52.4409],[-114.5958,52.4456],[-114.6098,52.4683],[-114.5586,52.4663],[-114.5654,52.5021],[-114.6121,52.5123],[-114.5758,52.5344],[-114.6293,52.5605],[-114.6547,52.539],[-114.674,52.5456],[-114.6203,52.5767],[-114.6227,52.5929],[-114.6654,52.6138],[-114.6568,52.6132],[-114.6597,52.6312],[-114.6411,52.6378],[-114.6723,52.6467],[-114.6357,52.6998],[-114.5883,52.6976],[-114.5825,52.7491],[-114.5516,52.7422],[-114.4733,52.6876],[-114.3714,52.6751],[-114.3637,52.6774],[-114.4262,52.7205],[-114.4055,52.7272],[-114.2946,52.71],[-114.2904,52.7218],[-114.3223,52.7457],[-114.3152,52.7755],[-114.1851,52.7444],[-114.1769,52.7584],[-114.1456,52.75],[-114.1416,52.768],[-114.1911,52.8389],[-114.123,52.8667],[-114.1636,52.8999],[-114.1515,52.9134],[-114.1562,52.9446],[-114.1148,52.9559],[-114.0642,52.9388],[-114.0544,52.9719],[-114.097,52.9739],[-114.1044,52.9886],[-114.1446,53.0003],[-114.1428,53.0129],[-114.1985,53.0181],[-114.2888,53.0697],[-114.143,53.0836],[-114.0928,53.1018],[-114.1132,53.1131],[-114.2294,53.1161],[-114.2718,53.133],[-114.3314,53.1288],[-114.3483,53.1216],[-114.3524,53.0986],[-114.387,53.0998],[-114.4334,53.139],[-114.495,53.1654],[-114.5063,53.212],[-114.4926,53.2396],[-114.4471,53.2555],[-114.4414,53.277],[-114.4588,53.2896],[-114.5209,53.2712],[-114.5994,53.2715],[-114.6022,53.1991],[-114.626,53.1755],[-114.6845,53.1889],[-114.8227,53.1613],[-114.8484,53.1818],[-114.8899,53.1864],[-114.9279,53.209],[-114.9522,53.2732],[-114.9405,53.2981],[-114.9157,53.304],[-114.9225,53.3151],[-114.892,53.3588],[-114.8972,53.4025],[-114.9292,53.4235],[-114.9183,53.4421],[-114.8656,53.4255],[-114.7996,53.4592],[-114.7615,53.4599],[-114.7217,53.4347],[-114.6818,53.4519],[-114.6191,53.4438],[-114.5754,53.4545],[-114.5574,53.4477],[-114.5636,53.4095],[-114.5421,53.3942],[-114.4602,53.4308],[-114.6047,53.4833],[-114.5997,53.4999],[-114.6184,53.5128],[-114.6524,53.512],[-114.6844,53.4922],[-114.7062,53.5215],[-114.7692,53.5198],[-114.8076,53.5542],[-114.7924,53.5749],[-114.8136,53.58],[-114.8498,53.5774],[-114.8705,53.5421],[-114.917,53.5529],[-114.9511,53.5091],[-115.0308,53.5571],[-115.0324,53.5788],[-115.2194,53.606],[-115.2581,53.5951],[-115.3215,53.6157],[-115.353,53.64],[-115.4428,53.6204],[-115.4317,53.6449],[-115.4759,53.6553],[-115.4443,53.657],[-115.4429,53.6734],[-115.466,53.6713],[-115.4888,53.6934],[-115.4748,53.7078],[-115.4052,53.6955],[-115.3427,53.6487],[-115.3181,53.6436],[-115.2577,53.6551],[-115.2206,53.7035],[-115.1761,53.6929],[-115.1505,53.7152],[-115.0826,53.683],[-114.9988,53.7],[-115.0471,53.7601],[-115.0905,53.7839],[-115.3069,53.8367],[-115.3627,53.8387],[-115.3834,53.8536],[-115.4221,53.8518],[-115.4379,53.8755],[-115.3837,53.8999],[-115.3268,53.9112],[-115.2018,53.9028],[-115.182,53.9142],[-115.351,54.0158],[-115.3221,54.0389],[-115.3288,54.0602],[-115.2721,54.0571],[-115.2603,54.0352],[-115.2271,54.0269],[-115.1842,54.0392],[-115.186,54.0618],[-115.1565,54.0703],[-115.1068,54.0622],[-115.0429,54.0844],[-114.9765,54.073],[-114.9857,54.1144],[-114.9595,54.1307],[-114.9569,54.1515],[-114.9233,54.1692],[-114.9281,54.1892],[-114.8906,54.1926],[-114.8324,54.1549],[-114.8083,54.0978],[-114.7758,54.1037],[-114.7281,54.0563],[-114.6674,54.0618],[-114.645,54.0758],[-114.6279,54.1254],[-114.6431,54.1611],[-114.6783,54.1913],[-114.6108,54.2297],[-114.5696,54.2691],[-114.456,54.3158],[-114.4461,54.336],[-114.4737,54.3798],[-114.4427,54.3994],[-114.3362,54.4379],[-114.3206,54.4165],[-114.2289,54.3737],[-114.1751,54.4041],[-114.0856,54.4083],[-114.1211,54.4481],[-114.1655,54.4393],[-114.2062,54.4763],[-114.2396,54.4816],[-114.2378,54.5061],[-114.2148,54.5222],[-114.2009,54.5076],[-114.1862,54.5214],[-114.1434,54.5208],[-114.1182,54.557],[-114.0922,54.5637],[-113.9894,54.5568],[-113.9965,54.5241],[-113.9551,54.4861],[-113.8575,54.4824],[-113.8445,54.4558],[-113.8041,54.4529],[-113.8047,54.3964],[-113.7881,54.3869],[-113.7539,54.3939],[-113.6919,54.5061],[-113.5608,54.6268],[-113.5137,54.6872],[-113.5072,54.7475],[-113.5224,54.7924],[-113.484,54.8015],[-113.4172,54.8629],[-113.359,54.8855],[-113.3503,54.8676],[-113.3322,54.8632],[-113.3087,54.907],[-113.1989,54.9246],[-113.1313,54.9566],[-113.0896,54.9513],[-113.0699,54.9764],[-113.0363,54.9863],[-113.016,54.9826],[-113.0178,54.9503],[-112.8765,54.948],[-112.8105,54.9122],[-112.7163,54.9228],[-112.706,54.9122],[-112.7153,54.8937],[-112.7016,54.8875],[-112.6552,54.9098],[-112.6216,54.8981],[-112.5839,54.9043],[-112.5452,54.9262],[-112.5241,54.9071],[-112.5019,54.9061],[-112.3211,54.962],[-112.2947,54.953],[-112.292,54.9288],[-112.2471,54.9516],[-112.2395,54.9355],[-112.1402,54.9312],[-112.1278,54.9163],[-112.1374,54.8978],[-112.1185,54.8943],[-112.1069,54.87],[-112.0487,54.8932],[-111.8987,54.9107],[-111.8931,54.8933],[-111.9149,54.9031],[-111.9221,54.8855],[-111.8978,54.8848],[-111.9224,54.8698],[-111.8253,54.7894],[-111.8913,54.8075],[-111.9274,54.8013],[-111.9359,54.7882],[-111.9223,54.7511],[-111.9433,54.7279],[-111.9313,54.71],[-111.8193,54.6448],[-111.7315,54.612],[-111.5277,54.4718],[-111.4728,54.4441],[-111.4011,54.4275],[-111.3674,54.4469],[-111.3334,54.5035],[-111.2907,54.5406],[-111.1856,54.5545],[-111.1998,54.5259],[-111.1788,54.5084],[-111.0877,54.5709],[-110.9661,54.5377],[-110.7954,54.5439],[-110.7341,54.5291],[-110.6408,54.5373],[-110.5842,54.5181],[-110.5228,54.52],[-110.4591,54.5031],[-110.259,54.5022],[-110.1977,54.4667],[-110.1322,54.4527],[-110.1375,54.4364],[-110.1025,54.4376],[-110.0971,54.4009],[-110.0776,54.386],[-110.0922,54.37],[-110.0058,54.4061],[-110.0056,54.2546],[-110.0385,54.2476],[-110.0986,54.269],[-110.1541,54.2601],[-110.2396,54.2311],[-110.2996,54.1849],[-110.3424,54.1794],[-110.3712,54.193],[-110.3831,54.2488],[-110.412,54.2606],[-110.4385,54.2282],[-110.5114,54.2283],[-110.5211,54.1969],[-110.5486,54.1939],[-110.544,54.1838],[-110.5727,54.1495],[-110.6138,54.131],[-110.6112,54.0938],[-110.6749,54.0928],[-110.7022,54.1056],[-110.8209,54.0719],[-110.8593,54.0753],[-110.8401,54.0597],[-110.867,54.0576],[-110.8652,54.0446],[-110.8966,54.0295],[-110.8654,53.9782],[-110.8246,53.9599],[-110.7816,53.9755],[-110.7288,53.966],[-110.6873,53.985],[-110.6815,54.0077],[-110.6431,54.0122],[-110.6032,54.0089],[-110.5847,53.9788],[-110.5425,53.9824],[-110.4958,53.8995],[-110.4534,53.8789],[-110.3592,53.8727],[-110.3514,53.8366],[-110.3792,53.7831],[-110.3676,53.7434],[-110.3511,53.7323],[-110.3082,53.7361],[-110.1945,53.8105],[-110.1188,53.7688],[-110.0546,53.7849],[-110.0056,53.77],[-110.0056,53.6001],[-110.0257,53.5983]],[[-112.4752,54.828],[-112.5369,54.8105],[-112.5462,54.7673],[-112.5282,54.7523],[-112.4773,54.7506],[-112.4695,54.7336],[-112.5439,54.7006],[-112.6256,54.7099],[-112.6952,54.6964],[-112.7389,54.6747],[-112.7778,54.624],[-112.7991,54.5601],[-112.8363,54.5047],[-112.8275,54.4327],[-112.8446,54.3677],[-112.7633,54.2957],[-112.5579,54.2061],[-112.4567,54.1856],[-112.4381,54.1942],[-112.4392,54.2222],[-112.4142,54.2344],[-112.3546,54.2305],[-112.2787,54.189],[-112.2385,54.181],[-111.9519,54.2472],[-111.9076,54.2029],[-111.7993,54.1968],[-111.747,54.1777],[-111.6956,54.2019],[-111.734,54.2154],[-111.7429,54.2406],[-111.7051,54.2952],[-111.6306,54.2844],[-111.5969,54.2652],[-111.5674,54.2205],[-111.5803,54.182],[-111.5174,54.1228],[-111.4608,54.1365],[-111.4564,54.1556],[-111.4225,54.1585],[-111.3299,54.1361],[-111.4119,54.2264],[-111.5398,54.2976],[-111.6184,54.3761],[-111.6953,54.428],[-111.7961,54.452],[-112.0143,54.5764],[-112.2389,54.6296],[-112.3299,54.674],[-112.3433,54.6957],[-112.3822,54.7096],[-112.4344,54.801],[-112.4688,54.7943],[-112.4752,54.828]]]]}},{"type":"Feature","properties":{"key":"boreal_transition","name":"Boreal Transition","where":"central AB / SK","sort":102,"ecozone":"Boreal Plains","ab_subregion":""},"geometry":{"type":"MultiPolygon","coordinates":[[[[-114.6217,51.6126],[-114.6221,51.6127],[-114.6218,51.6126],[-114.6217,51.6126]]],[[[-114.6363,51.628],[-114.617,51.6226],[-114.6145,51.6196],[-114.6375,51.6169],[-114.6363,51.628]]],[[[-114.6805,51.6582],[-114.643,51.6411],[-114.6548,51.6351],[-114.6468,51.6239],[-114.6805,51.6582]]],[[[-114.6901,51.6705],[-114.6882,51.6662],[-114.6943,51.6726],[-114.6901,51.6705]]],[[[-114.6974,51.678],[-114.697,51.6753],[-114.7017,51.6802],[-114.6974,51.678]]],[[[-114.7349,51.7131],[-114.7063,51.7009],[-114.7011,51.6864],[-114.7349,51.7131]]],[[[-114.74,51.718],[-114.7404,51.7184],[-114.74,51.7183],[-114.74,51.718]]],[[[-114.7445,51.7223],[-114.7428,51.7217],[-114.742,51.72],[-114.7445,51.7223]]],[[[-114.748,51.7268],[-114.7458,51.7237],[-114.7494,51.7272],[-114.748,51.7268]]],[[[-114.8162,51.7912],[-114.8163,51.7913],[-114.8162,51.7913],[-114.8162,51.7912]]],[[[-114.7326,51.8408],[-114.7331,51.8396],[-114.7346,51.8408],[-114.7326,51.8408]]],[[[-114.739,51.8499],[-114.7387,51.8443],[-114.7466,51.851],[-114.739,51.8499]]],[[[-114.7546,51.8578],[-114.7508,51.8577],[-114.7486,51.8527],[-114.7546,51.8578]]],[[[-114.7513,51.8693],[-114.7575,51.8625],[-114.7615,51.8724],[-114.7513,51.8693]]],[[[-114.7646,51.8893],[-114.7625,51.8747],[-114.7662,51.8838],[-114.7646,51.8893]]],[[[-114.7636,51.8927],[-114.7635,51.8911],[-114.7645,51.8897],[-114.7636,51.8927]]],[[[-114.5391,51.6002],[-114.5518,51.575],[-114.5631,51.6214],[-114.5391,51.6002]]],[[[-114.6163,51.6111],[-114.6161,51.6114],[-114.6154,51.6119],[-114.6163,51.6111]]],[[[-114.6071,51.6236],[-114.6047,51.6292],[-114.6063,51.6209],[-114.6071,51.6236]]],[[[-114.5683,51.6375],[-114.5666,51.6365],[-114.5671,51.6337],[-114.5683,51.6375]]],[[[-114.6039,51.6362],[-114.604,51.6363],[-114.6041,51.637],[-114.6039,51.6362]]],[[[-114.5652,51.6441],[-114.5696,51.6413],[-114.571,51.6458],[-114.5652,51.6441]]],[[[-114.6051,51.6668],[-114.6074,51.7115],[-114.5855,51.6999],[-114.5766,51.6631],[-114.5846,51.6771],[-114.6004,51.6787],[-114.6051,51.6668]]],[[[-114.7376,52.0245],[-114.8244,52.0572],[-114.8774,52.0604],[-114.8899,52.0792],[-114.8874,52.1115],[-114.9685,52.1622],[-114.9437,52.2176],[-114.9551,52.2631],[-114.9421,52.3188],[-114.9273,52.3088],[-114.9362,52.3051],[-114.9249,52.2854],[-114.9428,52.2701],[-114.8805,52.2371],[-114.8524,52.2112],[-114.844,52.1846],[-114.7855,52.1704],[-114.8203,52.1229],[-114.844,52.1113],[-114.8057,52.0994],[-114.8343,52.0864],[-114.7881,52.0868],[-114.739,52.0606],[-114.7281,52.0508],[-114.7486,52.038],[-114.7424,52.0311],[-114.7044,52.0348],[-114.6789,52.0153],[-114.6668,52.0272],[-114.6126,52.0345],[-114.5701,52.017],[-114.564,51.9988],[-114.5831,51.9824],[-114.6262,51.9948],[-114.6351,51.9834],[-114.5828,51.9288],[-114.634,51.9448],[-114.65,51.9356],[-114.6969,51.9418],[-114.6872,51.9331],[-114.7465,51.9377],[-114.7156,52.0022],[-114.7376,52.0245]]],[[[-114.7618,52.49],[-114.7568,52.4616],[-114.8176,52.464],[-114.7618,52.49]]],[[[-114.7122,52.5345],[-114.6547,52.539],[-114.6293,52.5605],[-114.5758,52.5344],[-114.6121,52.5123],[-114.5654,52.5021],[-114.5586,52.4663],[-114.6098,52.4683],[-114.5958,52.4456],[-114.6167,52.4409],[-114.741,52.4918],[-114.7465,52.5051],[-114.7122,52.5345]]],[[[-114.6758,52.6425],[-114.6486,52.644],[-114.6405,52.6362],[-114.6597,52.6312],[-114.6613,52.6131],[-114.6824,52.6265],[-114.6758,52.6425]]],[[[-114.6511,52.685],[-114.6499,52.6834],[-114.6536,52.6826],[-114.6511,52.685]]],[[[-114.3209,52.8855],[-114.3259,52.8735],[-114.3521,52.8809],[-114.3952,52.8706],[-114.4066,52.8448],[-114.4636,52.8536],[-114.3764,52.8802],[-114.3209,52.8855]]],[[[-114.2558,52.909],[-114.2682,52.8954],[-114.2771,52.897],[-114.2558,52.909]]],[[[-114.6194,53.0468],[-114.5791,53.0405],[-114.5743,53.0545],[-114.5359,53.02],[-114.5649,53.0188],[-114.6194,53.0468]]],[[[-114.7417,53.0608],[-114.7746,53.0407],[-114.7967,53.0454],[-114.7424,53.0828],[-114.6541,53.0616],[-114.6395,53.0465],[-114.7417,53.0608]]]]}},{"type":"Feature","properties":{"key":"churchill_river_upland","name":"Churchill River Upland","where":"north SK","sort":203,"ecozone":"Boreal Shield","ab_subregion":""},"geometry":{"type":"Polygon","coordinates":[[[-101.8875,54.5477],[-101.956,54.5969],[-102.0999,54.5326],[-102.1246,54.5436],[-102.1606,54.5175],[-102.2941,54.4931],[-102.3789,54.5048],[-102.4052,54.5415],[-102.4524,54.574],[-102.5157,54.5732],[-102.5392,54.5591],[-102.5441,54.5972],[-102.5842,54.5991],[-102.5765,54.6214],[-102.6316,54.6202],[-102.6474,54.6511],[-102.6608,54.6201],[-102.6954,54.602],[-102.7114,54.6119],[-102.698,54.6266],[-102.723,54.6289],[-102.7007,54.6632],[-102.7687,54.6598],[-102.773,54.6482],[-102.8163,54.6379],[-102.8377,54.6508],[-102.901,54.6548],[-102.9007,54.6827],[-102.9219,54.6691],[-102.9245,54.6938],[-102.9586,54.6773],[-102.9791,54.6961],[-103.0081,54.6614],[-103.0074,54.6906],[-103.0218,54.6898],[-103.0313,54.665],[-103.0426,54.6637],[-103.0717,54.6794],[-103.073,54.6968],[-103.0898,54.6816],[-103.1035,54.6941],[-103.1603,54.6761],[-103.1745,54.7024],[-103.1895,54.6894],[-103.2072,54.6995],[-103.2335,54.6855],[-103.258,54.7017],[-103.2965,54.7021],[-103.3128,54.6955],[-103.3098,54.6752],[-103.3219,54.6693],[-103.4089,54.6896],[-103.5213,54.6367],[-103.5598,54.5833],[-103.6913,54.642],[-103.6431,54.7054],[-103.7342,54.7334],[-103.7459,54.7561],[-103.7617,54.7402],[-103.815,54.7693],[-103.8353,54.755],[-103.8797,54.7538],[-103.8207,54.8127],[-103.8557,54.8295],[-103.8615,54.8579],[-103.9219,54.8797],[-104.0648,54.8892],[-104.0812,54.8762],[-104.1107,54.8873],[-104.1319,54.9234],[-104.2024,54.9331],[-104.4951,54.937],[-104.6917,54.8987],[-104.722,54.9202],[-104.8304,54.931],[-104.8349,54.9546],[-104.8815,54.9929],[-105.0932,55.0212],[-105.1924,55.0515],[-105.2924,55.0975],[-105.298,55.1191],[-105.3391,55.1619],[-105.3812,55.1804],[-105.4167,55.1549],[-105.4216,55.1356],[-105.4641,55.1389],[-105.5646,55.1059],[-105.7501,55.1456],[-105.7311,55.1722],[-105.6748,55.1997],[-105.6579,55.2369],[-105.6184,55.221],[-105.5674,55.2488],[-105.7108,55.2827],[-105.782,55.327],[-105.8036,55.3016],[-105.8615,55.3123],[-105.8649,55.3295],[-105.8465,55.3382],[-105.8626,55.353],[-105.8502,55.3885],[-105.866,55.4255],[-105.9072,55.4303],[-105.9351,55.4193],[-105.9715,55.4445],[-106.0295,55.4583],[-106.0666,55.4501],[-106.0565,55.4629],[-106.067,55.4671],[-106.1277,55.4571],[-106.1629,55.4681],[-106.1774,55.4582],[-106.1994,55.4931],[-106.2488,55.498],[-106.2824,55.5164],[-106.338,55.487],[-106.3308,55.5078],[-106.3675,55.5267],[-106.3809,55.5239],[-106.4034,55.4505],[-106.4366,55.437],[-106.4536,55.444],[-106.4709,55.4927],[-106.5043,55.5099],[-106.5577,55.4864],[-106.5704,55.4664],[-106.5992,55.4622],[-106.6661,55.4807],[-106.6859,55.5108],[-106.6788,55.5268],[-106.7049,55.5442],[-106.7631,55.5001],[-106.7657,55.5826],[-106.8346,55.6182],[-106.8537,55.6523],[-106.9892,55.6376],[-107.0455,55.692],[-107.0424,55.7246],[-107.0579,55.7514],[-107.1346,55.7766],[-107.1634,55.8087],[-107.1861,55.8151],[-107.2086,55.8052],[-107.247,55.8385],[-107.2565,55.8342],[-107.2521,55.8152],[-107.2851,55.8187],[-107.3074,55.8645],[-107.3732,55.8787],[-107.4595,55.8452],[-107.5566,55.8467],[-107.6421,55.899],[-107.6851,55.9087],[-107.667,55.9188],[-107.6646,55.9429],[-107.6463,55.9499],[-107.6707,55.9894],[-107.6573,56.0075],[-107.7424,56.0786],[-107.7278,56.11],[-107.7552,56.1126],[-107.8371,56.1819],[-107.931,56.2083],[-107.9468,56.2523],[-108.0352,56.2661],[-108.097,56.241],[-108.1166,56.1941],[-108.1648,56.1362],[-108.1634,56.1203],[-108.1896,56.1149],[-108.243,56.1221],[-108.2825,56.1754],[-108.4729,56.2725],[-108.5142,56.3114],[-108.521,56.3493],[-108.5135,56.4174],[-108.4482,56.4669],[-108.4728,56.4903],[-108.4733,56.5146],[-108.5874,56.5254],[-108.6104,56.5374],[-108.6151,56.5584],[-108.6576,56.5597],[-108.702,56.5913],[-108.7189,56.5699],[-108.7577,56.5678],[-108.7702,56.5928],[-108.8017,56.5999],[-108.7875,56.6199],[-108.8178,56.6292],[-108.8463,56.615],[-108.8927,56.6514],[-108.9548,56.6425],[-108.9247,56.6766],[-108.939,56.6946],[-108.8945,56.7473],[-108.9184,56.7701],[-108.9524,56.7769],[-108.9535,56.7879],[-108.9888,56.7847],[-108.9724,56.7635],[-108.954,56.7704],[-108.9766,56.7515],[-109.0294,56.7572],[-109.0631,56.746],[-109.0763,56.7604],[-109.0422,56.7685],[-109.0368,56.7916],[-109.0087,56.8041],[-109.0322,56.836],[-108.9376,56.8558],[-108.8523,56.8436],[-108.8186,56.861],[-108.7977,56.8564],[-108.8068,56.901],[-108.8455,56.908],[-108.9226,56.8945],[-108.9334,56.9053],[-108.9847,56.9057],[-109.1693,56.8713],[-109.1412,56.931],[-109.0499,56.9609],[-109.0324,56.9848],[-108.9922,57.0042],[-109.002,57.0144],[-108.9906,57.037],[-108.9385,57.099],[-108.9275,57.1299],[-108.8753,57.1646],[-108.8957,57.1892],[-109.0012,57.2215],[-109.0352,57.2527],[-109.0364,57.2918],[-109.0901,57.2996],[-109.1033,57.3128],[-109.1005,57.3335],[-109.1787,57.3574],[-109.243,57.3946],[-109.1466,57.4434],[-109.0429,57.4503],[-109.0035,57.4743],[-109.0758,57.4979],[-108.995,57.5169],[-108.9782,57.5777],[-108.9299,57.5913],[-108.9786,57.5974],[-109.0115,57.6126],[-109.0266,57.635],[-108.9764,57.6755],[-108.71,57.6652],[-108.5154,57.6926],[-108.5468,57.6646],[-108.6655,57.6407],[-108.6278,57.628],[-108.634,57.5985],[-108.5938,57.6197],[-108.4813,57.6318],[-108.464,57.6166],[-108.3687,57.6074],[-108.3448,57.5716],[-108.256,57.5545],[-108.2649,57.5403],[-108.3548,57.5071],[-108.3482,57.4936],[-108.3057,57.4886],[-108.3828,57.4135],[-108.3771,57.3882],[-108.2981,57.3717],[-108.2519,57.4275],[-108.1755,57.4303],[-108.0841,57.4989],[-108.0482,57.5078],[-108.028,57.5007],[-108.0383,57.4759],[-108.0189,57.4712],[-108.0184,57.4518],[-107.9948,57.4548],[-107.9933,57.4337],[-107.9163,57.4638],[-107.8767,57.458],[-107.8712,57.4323],[-107.8302,57.4211],[-107.7597,57.43],[-107.7783,57.4451],[-107.773,57.4585],[-107.6784,57.4804],[-107.6971,57.4572],[-107.7173,57.4553],[-107.7324,57.421],[-107.7143,57.4053],[-107.6572,57.4281],[-107.6289,57.427],[-107.5687,57.4721],[-107.5511,57.4481],[-107.5817,57.412],[-107.5779,57.384],[-107.6357,57.3751],[-107.6284,57.3478],[-107.5612,57.3358],[-107.5383,57.3137],[-107.4809,57.3367],[-107.4265,57.2763],[-107.3396,57.26],[-107.322,57.2335],[-107.2954,57.2272],[-107.0767,57.2545],[-106.9865,57.2779],[-106.8852,57.3331],[-106.846,57.3807],[-106.7595,57.4362],[-106.6913,57.4298],[-106.6002,57.4402],[-106.5591,57.4093],[-106.3848,57.3784],[-106.3298,57.3855],[-106.2617,57.4312],[-106.2224,57.3897],[-106.2815,57.3384],[-106.2636,57.3257],[-106.2966,57.305],[-106.2818,57.2918],[-106.3687,57.2779],[-106.451,57.2344],[-106.4586,57.1967],[-106.4317,57.1776],[-106.4861,57.1527],[-106.5247,57.113],[-106.4938,57.1192],[-106.498,57.1069],[-106.4791,57.1076],[-106.461,57.136],[-106.3618,57.1908],[-106.3521,57.1898],[-106.3497,57.1485],[-106.3108,57.1347],[-106.3636,57.1125],[-106.4058,57.0648],[-106.4995,57.0495],[-106.4725,57.0235],[-106.556,56.9888],[-106.5113,56.9945],[-106.485,56.9822],[-106.3981,57.0123],[-106.4218,56.973],[-106.398,56.9662],[-106.311,57.0078],[-106.2594,57.0174],[-106.2784,56.9939],[-106.2744,56.9638],[-106.2997,56.9284],[-106.2479,56.9089],[-106.225,56.9181],[-106.2303,56.937],[-106.2197,56.9498],[-106.1345,56.9584],[-106.1099,56.9745],[-106.0948,57.0054],[-105.9882,57.0255],[-105.9545,57.0556],[-105.8733,57.0805],[-105.8231,57.1061],[-105.7804,57.1606],[-105.6484,57.2059],[-105.6324,57.2321],[-105.4699,57.2662],[-105.4028,57.3176],[-105.2599,57.3311],[-105.2184,57.3596],[-105.1817,57.4225],[-105.0176,57.4988],[-104.9691,57.5449],[-104.8211,57.6377],[-104.7281,57.726],[-104.6191,57.7867],[-104.5611,57.915],[-104.5046,57.916],[-104.5179,57.8936],[-104.4479,57.8765],[-104.3402,57.9027],[-104.2679,57.8974],[-104.2193,57.8781],[-104.1002,57.8849],[-103.9917,57.9473],[-103.9763,58.004],[-103.9597,58.016],[-103.8253,58.0623],[-103.7503,58.147],[-103.7317,58.1408],[-103.7195,58.1107],[-103.5602,58.141],[-103.5188,58.1766],[-103.5008,58.2314],[-103.5279,58.2499],[-103.4994,58.3043],[-103.5434,58.3464],[-103.5392,58.3999],[-103.5579,58.4075],[-103.5497,58.4262],[-103.486,58.4004],[-103.3931,58.385],[-103.2501,58.4307],[-103.1859,58.4669],[-103.1599,58.5064],[-103.1167,58.5212],[-103.0832,58.5223],[-103.0986,58.5103],[-103.0931,58.5001],[-102.987,58.5075],[-102.9561,58.4545],[-102.9372,58.4456],[-102.948,58.4257],[-102.9137,58.4068],[-102.9214,58.3734],[-102.9713,58.3465],[-103.0052,58.3031],[-103.1315,58.238],[-103.1428,58.2021],[-103.1185,58.1705],[-103.1464,58.1475],[-103.3213,58.0897],[-103.3103,58.0408],[-103.268,58.0306],[-103.3033,57.9749],[-103.3027,57.8951],[-103.2306,57.9327],[-103.1909,57.9881],[-103.1144,58.0325],[-103.081,58.0392],[-103.0413,58.0296],[-102.9751,58.0642],[-102.9666,58.0625],[-102.9864,58.0464],[-102.9557,58.0576],[-102.9299,58.051],[-102.9319,58.0388],[-102.9048,58.0427],[-102.868,58.0906],[-102.9146,58.0822],[-102.898,58.0717],[-102.9109,58.0547],[-102.9383,58.0636],[-102.9477,58.0956],[-102.9104,58.1281],[-102.876,58.1203],[-102.8449,58.1301],[-102.8469,58.1483],[-102.8358,58.1552],[-102.8149,58.1404],[-102.8015,58.1531],[-102.7759,58.1436],[-102.7989,58.1042],[-102.742,58.1105],[-102.7747,58.0663],[-102.7503,58.0527],[-102.7649,58.0321],[-102.747,58.0295],[-102.8249,57.997],[-102.8332,57.9797],[-102.8307,57.9065],[-102.8518,57.8776],[-102.8419,57.8745],[-102.8491,57.8435],[-102.7673,57.8806],[-102.7013,57.8645],[-102.6213,57.904],[-102.4959,58.0322],[-102.4189,58.0627],[-102.3613,58.1044],[-102.3415,58.105],[-102.3275,58.0895],[-102.3385,58.0741],[-102.3855,58.0713],[-102.3772,58.0574],[-102.3233,58.0694],[-102.3024,58.0538],[-102.2716,58.1092],[-102.1258,58.0727],[-102.1208,58.058],[-102.0827,58.0475],[-102.0513,58.0565],[-102.044,58.109],[-102.0014,58.1223],[-102.0014,58.0261],[-102.0527,58.0229],[-102.0756,57.9919],[-102.0635,57.9802],[-102.0655,57.9472],[-102.0184,57.9413],[-102.0014,57.9508],[-102.0011,55.8165],[-101.8875,54.5477]]]}},{"type":"Feature","properties":{"key":"clear_hills_upland","name":"Clear Hills Upland","where":"north AB","sort":104,"ecozone":"Boreal Plains","ab_subregion":""},"geometry":{"type":"MultiPolygon","coordinates":[[[[-118.0795,57.7957],[-118.0537,57.7789],[-118.0704,57.7536],[-118.0635,57.7434],[-117.9372,57.7469],[-117.8893,57.7257],[-117.9173,57.7196],[-117.949,57.7383],[-118.0129,57.7434],[-118.118,57.7242],[-118.0883,57.7744],[-118.0995,57.7887],[-118.1732,57.8016],[-118.2474,57.7958],[-118.2103,57.8006],[-118.1341,57.8027],[-118.0795,57.7957]]],[[[-118.2751,57.7922],[-118.2892,57.7881],[-118.3062,57.7885],[-118.2751,57.7922]]],[[[-118.5174,57.7688],[-118.4611,57.7724],[-118.32,57.787],[-118.5955,57.7393],[-118.5174,57.7688]]],[[[-118.6502,57.9166],[-118.8226,57.7723],[-118.8584,57.661],[-118.8425,57.6435],[-118.8209,57.6445],[-118.7014,57.6969],[-118.7026,57.6928],[-118.7631,57.6626],[-118.7578,57.6493],[-118.8305,57.6257],[-118.8379,57.6389],[-118.8675,57.6447],[-118.8903,57.6117],[-118.9277,57.594],[-118.9324,57.6059],[-118.9023,57.6203],[-118.9016,57.6438],[-118.8727,57.6648],[-118.8758,57.7065],[-118.9213,57.7303],[-118.8972,57.7294],[-118.8781,57.773],[-118.7907,57.8361],[-118.7901,57.8473],[-118.7054,57.8864],[-118.6845,57.9071],[-118.6968,57.9238],[-118.6502,57.9166]]],[[[-118.6196,58.0251],[-118.6359,58.0221],[-118.6695,58.0413],[-118.7322,58.0477],[-118.6547,58.0517],[-118.6237,58.0392],[-118.6196,58.0251]]]]}},{"type":"Feature","properties":{"key":"clear_hills_upland","name":"Clear Hills Upland","where":"north AB","sort":104,"ecozone":"Boreal Plains","ab_subregion":"Dry Mixedwood"},"geometry":{"type":"MultiPolygon","coordinates":[[[[-118.435,56.2803],[-118.4353,56.2795],[-118.4442,56.2793],[-118.435,56.2803]]],[[[-118.2915,56.4263],[-118.3134,56.4413],[-118.2764,56.4348],[-118.2853,56.3888],[-118.2432,56.36],[-118.3141,56.3591],[-118.3144,56.3868],[-118.2915,56.4263]]],[[[-119.8026,56.5142],[-119.8009,56.5217],[-119.7819,56.5154],[-119.8026,56.5142]]],[[[-119.5977,56.5387],[-119.6984,56.5449],[-119.7081,56.5553],[-119.6846,56.5593],[-119.6601,56.5476],[-119.6183,56.5526],[-119.5977,56.5387]]],[[[-118.9985,56.5545],[-119.0181,56.5601],[-118.9946,56.559],[-118.9753,56.566],[-118.9985,56.5545]]],[[[-119.052,56.5653],[-119.0435,56.572],[-119.0371,56.56],[-119.052,56.5653]]],[[[-119.0578,56.5673],[-119.0569,56.5675],[-119.0562,56.5668],[-119.0578,56.5673]]],[[[-119.5403,56.5836],[-119.5642,56.5505],[-119.5581,56.561],[-119.5703,56.5713],[-119.5611,56.5883],[-119.5403,56.5836]]],[[[-119.2055,56.5691],[-119.2694,56.5678],[-119.2126,56.5725],[-119.2055,56.5691]]],[[[-119.1586,56.5719],[-119.2001,56.5691],[-119.1816,56.5713],[-119.1586,56.5719]]],[[[-119.1092,56.5758],[-119.0943,56.5804],[-119.0829,56.5728],[-119.1092,56.5758]]],[[[-117.9427,56.3068],[-117.928,56.3163],[-117.9163,56.3117],[-117.9427,56.3068]]],[[[-117.7399,56.3533],[-117.806,56.3355],[-117.7172,56.3654],[-117.7399,56.3533]]],[[[-117.6948,56.3982],[-117.6759,56.3975],[-117.663,56.4119],[-117.6922,56.427],[-117.66,56.4245],[-117.6147,56.4004],[-117.63,56.3868],[-117.7145,56.3711],[-117.6948,56.3982]]],[[[-117.7458,56.4455],[-117.7121,56.4324],[-117.7346,56.4319],[-117.7458,56.4455]]],[[[-117.8663,56.7622],[-117.877,56.7652],[-117.8596,56.7614],[-117.8663,56.7622]]],[[[-117.8904,56.8166],[-117.9079,56.8639],[-117.8775,56.8305],[-117.8999,56.7788],[-117.9396,56.7782],[-117.9284,56.7847],[-117.9344,56.7947],[-117.8904,56.8166]]],[[[-117.9907,56.9285],[-118.0236,56.9073],[-118.054,56.9152],[-118.0843,56.8976],[-118.1142,56.9062],[-118.0756,56.9273],[-117.9907,56.9285]]],[[[-117.83,56.9922],[-117.8369,56.9547],[-117.8634,56.9381],[-117.9241,56.9301],[-117.9044,56.9377],[-117.8824,56.9889],[-117.8673,56.9919],[-117.8736,57.0075],[-117.862,57.0192],[-117.8755,57.0341],[-117.8479,57.0496],[-117.8404,57.0369],[-117.8085,57.0503],[-117.8142,57.0699],[-117.8727,57.0694],[-117.9101,57.0869],[-117.9083,57.1222],[-117.9559,57.1348],[-118.0403,57.1312],[-118.0423,57.1433],[-118.003,57.1627],[-117.8965,57.1779],[-117.8227,57.169],[-117.7731,57.1794],[-117.7329,57.1513],[-117.7048,57.1623],[-117.6823,57.1549],[-117.6652,57.1631],[-117.6676,57.1749],[-117.7588,57.2343],[-117.7587,57.2487],[-117.7198,57.2689],[-117.7684,57.2739],[-117.7118,57.2875],[-117.6231,57.2551],[-117.5461,57.2607],[-117.6328,57.252],[-117.6599,57.2218],[-117.6169,57.1533],[-117.6302,57.1353],[-117.6956,57.1183],[-117.7977,57.1432],[-117.8366,57.1405],[-117.8423,57.126],[-117.7746,57.0528],[-117.83,56.9922]]],[[[-117.4275,57.3491],[-117.4298,57.374],[-117.3764,57.442],[-117.3978,57.4697],[-117.4363,57.4847],[-117.4317,57.5028],[-117.4218,57.4914],[-117.3259,57.4653],[-117.3245,57.4275],[-117.3811,57.3489],[-117.407,57.2817],[-117.4405,57.2601],[-117.481,57.2722],[-117.4698,57.2853],[-117.4503,57.2774],[-117.4332,57.2898],[-117.4499,57.3047],[-117.4275,57.3491]]],[[[-117.7112,57.6741],[-117.7483,57.6811],[-117.7503,57.6947],[-117.8275,57.6941],[-117.843,57.7017],[-117.839,57.7142],[-117.8893,57.7257],[-117.901,57.7386],[-117.8107,57.7143],[-117.7353,57.7131],[-117.7094,57.7015],[-117.5709,57.6044],[-117.5303,57.5397],[-117.4811,57.5264],[-117.5576,57.5271],[-117.5664,57.5777],[-117.6562,57.6217],[-117.6512,57.6325],[-117.6895,57.6469],[-117.7112,57.6741]]]]}},{"type":"Feature","properties":{"key":"clear_hills_upland","name":"Clear Hills Upland","where":"north AB","sort":104,"ecozone":"Boreal Plains","ab_subregion":"Lower Boreal Highlands"},"geometry":{"type":"Polygon","coordinates":[[[-120.0,58.1977],[-119.7403,58.2205],[-119.5692,58.1598],[-119.5272,58.1622],[-119.0418,58.2846],[-118.9403,58.2808],[-118.8867,58.2556],[-118.8758,58.2376],[-118.9221,58.1927],[-118.9254,58.1757],[-118.8298,58.1294],[-118.829,58.1141],[-118.8685,58.0858],[-118.8732,58.0601],[-118.8486,58.0429],[-118.6927,58.0446],[-118.6205,58.0244],[-118.6472,58.0031],[-118.7615,57.9842],[-118.7988,57.9667],[-118.7919,57.9452],[-118.6968,57.9238],[-118.6845,57.9071],[-118.7901,57.8473],[-118.7907,57.8361],[-118.8781,57.773],[-118.8972,57.7294],[-118.9213,57.7303],[-118.8714,57.6943],[-118.8762,57.6558],[-118.9016,57.6438],[-118.9023,57.6203],[-118.9324,57.6059],[-118.9256,57.5928],[-118.8903,57.6117],[-118.8675,57.6447],[-118.8379,57.6389],[-118.833,57.6253],[-118.7578,57.6493],[-118.7631,57.6626],[-118.719,57.6889],[-118.5942,57.7424],[-118.1732,57.8016],[-118.0904,57.7833],[-118.118,57.7242],[-118.0185,57.7432],[-117.9524,57.7387],[-117.9173,57.7196],[-117.8994,57.7272],[-117.8427,57.7158],[-117.843,57.7017],[-117.8275,57.6941],[-117.7472,57.6939],[-117.7483,57.6811],[-117.7135,57.6754],[-117.6895,57.6469],[-117.6516,57.6329],[-117.6562,57.6217],[-117.5729,57.5837],[-117.5519,57.5342],[-117.5601,57.5285],[-117.4457,57.5138],[-117.4317,57.5028],[-117.4363,57.4847],[-117.3769,57.4523],[-117.4298,57.374],[-117.4275,57.3491],[-117.4499,57.3047],[-117.4346,57.2881],[-117.6206,57.2548],[-117.709,57.2872],[-117.7684,57.2739],[-117.7198,57.2689],[-117.7587,57.2487],[-117.7588,57.2343],[-117.6676,57.1749],[-117.6652,57.1631],[-117.6823,57.1549],[-117.7048,57.1623],[-117.7329,57.1513],[-117.7731,57.1794],[-117.8227,57.169],[-117.9015,57.1776],[-118.0279,57.153],[-118.0436,57.1322],[-117.9559,57.1348],[-117.9083,57.1222],[-117.9101,57.0869],[-117.8727,57.0694],[-117.8152,57.0707],[-117.8069,57.0514],[-117.8404,57.0369],[-117.8479,57.0496],[-117.8755,57.0341],[-117.862,57.0192],[-117.8736,57.0075],[-117.8673,56.9919],[-117.8824,56.9889],[-117.9064,56.9366],[-118.0756,56.9273],[-118.1142,56.9062],[-118.0843,56.8976],[-118.0523,56.9152],[-117.9178,56.8704],[-117.8904,56.8166],[-117.9344,56.7947],[-117.9284,56.7847],[-117.9394,56.7766],[-117.8979,56.7789],[-117.817,56.7445],[-117.8025,56.7158],[-117.806,56.697],[-117.8416,56.6749],[-117.9754,56.6345],[-118.0933,56.5505],[-118.0986,56.5303],[-118.065,56.4896],[-118.0704,56.442],[-118.0467,56.4174],[-117.9651,56.4256],[-117.9327,56.3966],[-117.7807,56.4482],[-117.7458,56.4455],[-117.7346,56.4319],[-117.665,56.4133],[-117.6692,56.402],[-117.6948,56.3982],[-117.713,56.3672],[-117.806,56.3355],[-117.8556,56.3382],[-117.9471,56.3063],[-117.9628,56.3182],[-118.0932,56.3166],[-118.151,56.2789],[-118.1767,56.2844],[-118.1767,56.3288],[-118.2768,56.3733],[-118.2862,56.3989],[-118.2745,56.431],[-118.3088,56.4432],[-118.2915,56.4234],[-118.3144,56.3868],[-118.3133,56.358],[-118.3415,56.3385],[-118.3526,56.307],[-118.4029,56.3041],[-118.4343,56.2802],[-118.4562,56.2791],[-118.5371,56.3259],[-118.6168,56.3408],[-118.6493,56.376],[-118.4971,56.4584],[-118.5134,56.4693],[-118.5776,56.4693],[-118.6192,56.4915],[-118.6775,56.4859],[-118.6932,56.4988],[-118.6712,56.5391],[-118.683,56.5564],[-118.7628,56.5855],[-118.9342,56.5893],[-119.0185,56.5573],[-119.0943,56.5804],[-119.3946,56.5542],[-119.4308,56.562],[-119.485,56.6043],[-119.5207,56.6011],[-119.5403,56.5836],[-119.5611,56.5883],[-119.5703,56.5713],[-119.5581,56.561],[-119.5806,56.5394],[-119.6846,56.5593],[-119.7081,56.5553],[-119.6943,56.5434],[-119.7491,56.5201],[-119.8559,56.5087],[-119.9119,56.4666],[-119.9854,56.3312],[-120.0,56.3319],[-119.996,57.4975],[-119.9327,57.4597],[-119.9509,57.4932],[-119.9315,57.5105],[-119.9254,57.4906],[-119.8878,57.4817],[-119.8497,57.4519],[-119.8418,57.4589],[-119.8513,57.4826],[-119.8235,57.4764],[-119.7808,57.5036],[-119.7532,57.4788],[-119.687,57.4977],[-119.664,57.4869],[-119.7175,57.4628],[-119.739,57.4372],[-119.7049,57.4208],[-119.7127,57.4055],[-119.6212,57.4459],[-119.6303,57.4233],[-119.6137,57.4165],[-119.6123,57.4008],[-119.5898,57.3975],[-119.5602,57.4196],[-119.5803,57.4299],[-119.5087,57.4401],[-119.5404,57.4619],[-119.5842,57.469],[-119.5242,57.4923],[-119.5826,57.4974],[-119.5927,57.5198],[-119.5701,57.5386],[-119.5517,57.5297],[-119.5516,57.5584],[-119.5276,57.5485],[-119.4789,57.5649],[-119.4637,57.5898],[-119.4123,57.6199],[-119.4183,57.6345],[-119.4039,57.6298],[-119.3761,57.6489],[-119.3664,57.6953],[-119.3441,57.7165],[-119.3566,57.736],[-119.3811,57.7323],[-119.4261,57.7704],[-119.4232,57.803],[-119.3962,57.8064],[-119.3796,57.8356],[-119.4114,57.8467],[-119.4805,57.8293],[-119.4916,57.8425],[-119.5156,57.8264],[-119.5816,57.8615],[-119.6409,57.8439],[-119.6826,57.847],[-119.6689,57.8291],[-119.6857,57.821],[-119.6783,57.8171],[-119.6903,57.8016],[-119.7608,57.783],[-119.8029,57.7805],[-119.8117,57.7961],[-119.8237,57.7773],[-119.851,57.7677],[-119.9046,57.7807],[-119.9211,57.7626],[-119.9509,57.7765],[-119.9673,57.7254],[-119.8473,57.6798],[-119.8489,57.6648],[-119.9663,57.6967],[-119.9783,57.682],[-119.9658,57.6749],[-120.0,57.6593],[-120.0,58.1977]],[[-118.732,57.3907],[-118.835,57.3409],[-118.8488,57.3615],[-118.8735,57.3647],[-118.8756,57.3791],[-118.9408,57.3389],[-118.9559,57.3612],[-118.9923,57.3297],[-118.976,57.313],[-119.0157,57.2989],[-119.0465,57.3072],[-119.0358,57.2775],[-119.0822,57.2606],[-119.1019,57.2338],[-119.1253,57.2606],[-119.1411,57.2598],[-119.1765,57.22],[-119.2136,57.2111],[-119.2101,57.1961],[-119.2672,57.1777],[-119.263,57.1582],[-119.2835,57.1435],[-119.3363,57.1428],[-119.3627,57.1099],[-119.3952,57.1061],[-119.4233,57.0848],[-119.4203,57.074],[-119.4613,57.0795],[-119.5868,57.0225],[-119.5827,57.0074],[-119.5992,57.001],[-119.5917,56.9836],[-119.616,56.9639],[-119.5952,56.949],[-119.6074,56.9325],[-119.6371,56.926],[-119.6378,56.9123],[-119.6046,56.9156],[-119.5398,56.8787],[-119.5619,56.861],[-119.5843,56.8748],[-119.6151,56.8629],[-119.623,56.8843],[-119.6551,56.8552],[-119.672,56.8614],[-119.713,56.8424],[-119.6949,56.8331],[-119.709,56.8103],[-119.7445,56.8324],[-119.7499,56.8146],[-119.8709,56.7684],[-119.8531,56.7962],[-119.8812,56.8098],[-119.9083,56.774],[-119.9051,56.7597],[-119.8874,56.7567],[-119.9369,56.7305],[-119.9849,56.6771],[-119.9616,56.66],[-119.9056,56.6613],[-119.8676,56.6293],[-119.8405,56.6377],[-119.8491,56.6474],[-119.8104,56.655],[-119.8088,56.6777],[-119.7145,56.6881],[-119.7057,56.6749],[-119.6644,56.6751],[-119.6726,56.685],[-119.6511,56.698],[-119.6249,56.6773],[-119.6252,56.6578],[-119.5353,56.6818],[-119.5593,56.6501],[-119.451,56.6437],[-119.4141,56.5961],[-119.385,56.5852],[-119.4096,56.6102],[-119.3887,56.6111],[-119.3941,56.627],[-119.3582,56.6115],[-119.3322,56.6173],[-119.326,56.6302],[-119.3107,56.6172],[-119.3175,56.6016],[-119.296,56.5995],[-119.2854,56.6134],[-119.2606,56.6116],[-119.2812,56.6217],[-119.2686,56.6275],[-119.278,56.6373],[-119.2066,56.6252],[-119.1944,56.6094],[-119.1887,56.6268],[-119.209,56.6363],[-119.1774,56.6343],[-119.1603,56.618],[-119.1452,56.6247],[-119.1468,56.6459],[-119.1086,56.6275],[-119.037,56.6372],[-118.9968,56.6094],[-118.9551,56.6292],[-118.9861,56.6399],[-118.9288,56.6552],[-118.8938,56.6471],[-118.8672,56.6657],[-118.8404,56.6593],[-118.8213,56.6739],[-118.8396,56.6759],[-118.832,56.6818],[-118.807,56.6726],[-118.748,56.6905],[-118.7268,56.6841],[-118.7092,56.6964],[-118.7159,56.7147],[-118.8638,56.6985],[-118.794,56.7264],[-118.7905,56.7442],[-118.7605,56.7405],[-118.7514,56.7645],[-118.7354,56.7554],[-118.7087,56.7726],[-118.6727,56.7641],[-118.6615,56.7831],[-118.6944,56.7976],[-118.6581,56.8027],[-118.6481,56.8184],[-118.6576,56.8277],[-118.8073,56.832],[-118.7497,56.8583],[-118.7173,56.856],[-118.7288,56.8797],[-118.7198,56.8818],[-118.7337,56.8875],[-118.7698,56.8848],[-118.8123,56.8589],[-118.8487,56.8672],[-118.8872,56.856],[-118.8805,56.8726],[-118.9,56.88],[-118.9365,56.8634],[-118.9462,56.8867],[-118.936,56.9015],[-118.9505,56.9178],[-118.9385,56.9293],[-118.9961,56.9561],[-118.9902,56.9379],[-119.0025,56.9349],[-118.9843,56.9175],[-119.028,56.9106],[-119.0112,56.8905],[-119.0355,56.8886],[-119.0282,56.871],[-119.0589,56.8636],[-119.054,56.8535],[-119.0902,56.8364],[-119.0929,56.8164],[-119.1263,56.8027],[-119.1042,56.7626],[-119.1126,56.7517],[-119.1508,56.7842],[-119.2336,56.7474],[-119.229,56.7567],[-119.2444,56.7662],[-119.2183,56.7696],[-119.1689,56.8026],[-119.1643,56.8193],[-119.1759,56.8289],[-119.1474,56.8355],[-119.1045,56.9263],[-119.1453,56.907],[-119.1742,56.9132],[-119.1753,56.8986],[-119.2189,56.904],[-119.2238,56.888],[-119.2471,56.8794],[-119.2537,56.8931],[-119.2828,56.8847],[-119.3332,56.8955],[-119.3886,56.8665],[-119.3905,56.8928],[-119.4074,56.9017],[-119.3965,56.9405],[-119.3762,56.9217],[-119.3483,56.9269],[-119.2967,56.9453],[-119.3134,56.9558],[-119.3049,56.9709],[-119.2755,56.9662],[-119.253,56.9781],[-119.3231,57.0172],[-119.2398,57.0145],[-119.2027,56.9969],[-119.1659,57.0052],[-119.2159,57.0142],[-119.1986,57.0315],[-119.2446,57.0586],[-119.1926,57.0666],[-119.135,57.0465],[-119.1063,57.0578],[-119.0729,57.0532],[-119.0879,57.0699],[-119.1615,57.0833],[-119.1368,57.0977],[-119.0383,57.0955],[-119.1048,57.1352],[-119.0195,57.1271],[-119.0519,57.1532],[-119.0511,57.1691],[-119.0169,57.1573],[-118.9808,57.187],[-118.961,57.1805],[-118.9778,57.157],[-118.9469,57.1492],[-118.9673,57.1335],[-118.9516,57.1225],[-118.9202,57.126],[-118.9322,57.1087],[-118.9094,57.096],[-118.8909,57.104],[-118.8969,57.1154],[-118.8852,57.1229],[-118.8979,57.1405],[-118.8437,57.1956],[-118.8102,57.1641],[-118.7692,57.1737],[-118.7058,57.158],[-118.6086,57.0956],[-118.6323,57.1268],[-118.5793,57.1191],[-118.5857,57.14],[-118.4686,57.1448],[-118.4808,57.1537],[-118.4766,57.1678],[-118.5398,57.1672],[-118.5536,57.1786],[-118.5768,57.1614],[-118.6046,57.1614],[-118.6141,57.1724],[-118.6007,57.1808],[-118.6198,57.189],[-118.577,57.2175],[-118.667,57.1913],[-118.6908,57.2133],[-118.7306,57.1937],[-118.7539,57.2018],[-118.7277,57.2259],[-118.6753,57.2377],[-118.6671,57.2498],[-118.681,57.2574],[-118.7236,57.2648],[-118.7865,57.2443],[-118.8418,57.248],[-118.8013,57.2704],[-118.8337,57.287],[-118.823,57.3051],[-118.7815,57.2952],[-118.7433,57.3125],[-118.7223,57.2971],[-118.677,57.2909],[-118.5993,57.3008],[-118.6018,57.3099],[-118.6384,57.3112],[-118.6826,57.301],[-118.725,57.3199],[-118.6857,57.3241],[-118.6908,57.3367],[-118.6705,57.3571],[-118.6445,57.3604],[-118.7139,57.367],[-118.7229,57.3758],[-118.713,57.3829],[-118.732,57.3907]]]}},{"type":"Feature","properties":{"key":"clear_hills_upland","name":"Clear Hills Upland","where":"north AB","sort":104,"ecozone":"Boreal Plains","ab_subregion":"Upper Boreal Highlands"},"geometry":{"type":"MultiPolygon","coordinates":[[[[-118.7226,57.3762],[-118.6442,57.3593],[-118.6705,57.3571],[-118.6908,57.3367],[-118.6857,57.3241],[-118.725,57.3199],[-118.6826,57.301],[-118.6384,57.3112],[-118.6018,57.3099],[-118.5993,57.3008],[-118.677,57.2909],[-118.7223,57.2971],[-118.7433,57.3125],[-118.7815,57.2952],[-118.823,57.3051],[-118.8337,57.287],[-118.8013,57.2704],[-118.8418,57.248],[-118.7865,57.2443],[-118.7236,57.2648],[-118.681,57.2574],[-118.6671,57.2498],[-118.6753,57.2377],[-118.7277,57.2259],[-118.7539,57.2018],[-118.7306,57.1937],[-118.6908,57.2133],[-118.667,57.1913],[-118.577,57.2175],[-118.6198,57.189],[-118.6007,57.1808],[-118.6141,57.1724],[-118.6046,57.1614],[-118.5768,57.1614],[-118.5536,57.1786],[-118.5398,57.1672],[-118.4734,57.1666],[-118.4808,57.1537],[-118.4698,57.1435],[-118.5857,57.14],[-118.5793,57.1191],[-118.6323,57.1268],[-118.6096,57.0957],[-118.7058,57.158],[-118.7692,57.1737],[-118.8102,57.1641],[-118.8437,57.1956],[-118.8979,57.1405],[-118.8852,57.1229],[-118.8969,57.1154],[-118.8909,57.104],[-118.9094,57.096],[-118.9322,57.1087],[-118.9202,57.126],[-118.9516,57.1225],[-118.9673,57.1335],[-118.9469,57.1492],[-118.9778,57.157],[-118.961,57.1805],[-118.9808,57.187],[-119.0169,57.1573],[-119.0511,57.1691],[-119.0519,57.1532],[-119.0195,57.1271],[-119.1048,57.1352],[-119.0383,57.0955],[-119.1368,57.0977],[-119.1615,57.0833],[-119.0879,57.0699],[-119.0729,57.0532],[-119.1063,57.0578],[-119.135,57.0465],[-119.1926,57.0666],[-119.2446,57.0586],[-119.1986,57.0315],[-119.2159,57.0142],[-119.1659,57.0052],[-119.2027,56.9969],[-119.2398,57.0145],[-119.3231,57.0172],[-119.253,56.9781],[-119.2755,56.9662],[-119.3049,56.9709],[-119.3134,56.9558],[-119.2967,56.9453],[-119.3483,56.9269],[-119.3762,56.9217],[-119.3953,56.941],[-119.4075,56.9033],[-119.3905,56.8928],[-119.3886,56.8665],[-119.3332,56.8955],[-119.2828,56.8847],[-119.2537,56.8931],[-119.2471,56.8794],[-119.2238,56.888],[-119.2189,56.904],[-119.1753,56.8986],[-119.1742,56.9132],[-119.1453,56.907],[-119.1045,56.9263],[-119.1474,56.8355],[-119.1759,56.8289],[-119.1643,56.8193],[-119.1689,56.8026],[-119.2183,56.7696],[-119.2444,56.7662],[-119.229,56.7567],[-119.2336,56.7474],[-119.1508,56.7842],[-119.1126,56.7517],[-119.1042,56.7626],[-119.1263,56.8027],[-119.0929,56.8164],[-119.0902,56.8364],[-119.054,56.8535],[-119.0589,56.8636],[-119.0282,56.871],[-119.0355,56.8886],[-119.0112,56.8905],[-119.028,56.9106],[-118.9843,56.9175],[-119.0025,56.9349],[-118.9902,56.9379],[-118.9961,56.9561],[-118.9385,56.9293],[-118.9505,56.9178],[-118.936,56.9015],[-118.9462,56.8867],[-118.9365,56.8634],[-118.9,56.88],[-118.8805,56.8726],[-118.8872,56.856],[-118.8487,56.8672],[-118.8123,56.8589],[-118.7698,56.8848],[-118.7337,56.8875],[-118.7198,56.8818],[-118.7288,56.8797],[-118.7173,56.856],[-118.7497,56.8583],[-118.8073,56.832],[-118.6576,56.8277],[-118.6481,56.8184],[-118.6581,56.8027],[-118.6944,56.7976],[-118.6615,56.7831],[-118.6727,56.7641],[-118.7087,56.7726],[-118.7354,56.7554],[-118.7514,56.7645],[-118.7605,56.7405],[-118.7905,56.7442],[-118.794,56.7264],[-118.8638,56.6985],[-118.7159,56.7147],[-118.7092,56.6964],[-118.7268,56.6841],[-118.748,56.6905],[-118.807,56.6726],[-118.832,56.6818],[-118.8396,56.6759],[-118.8213,56.6739],[-118.8404,56.6593],[-118.8672,56.6657],[-118.8938,56.6471],[-118.9288,56.6552],[-118.9861,56.6399],[-118.9551,56.6292],[-118.9968,56.6094],[-119.037,56.6372],[-119.1086,56.6275],[-119.1468,56.6459],[-119.1452,56.6247],[-119.1603,56.618],[-119.1774,56.6343],[-119.209,56.6363],[-119.1887,56.6268],[-119.1944,56.6094],[-119.2066,56.6252],[-119.278,56.6373],[-119.2686,56.6275],[-119.2812,56.6217],[-119.2606,56.6116],[-119.2854,56.6134],[-119.296,56.5995],[-119.3175,56.6016],[-119.3107,56.6172],[-119.326,56.6302],[-119.3322,56.6173],[-119.3582,56.6115],[-119.3941,56.627],[-119.3887,56.6111],[-119.4096,56.6102],[-119.385,56.5852],[-119.4141,56.5961],[-119.451,56.6437],[-119.5593,56.6501],[-119.5353,56.6818],[-119.6252,56.6578],[-119.6249,56.6773],[-119.6511,56.698],[-119.6726,56.685],[-119.6644,56.6751],[-119.7057,56.6749],[-119.7145,56.6881],[-119.8088,56.6777],[-119.8104,56.655],[-119.8491,56.6474],[-119.8405,56.6377],[-119.8676,56.6293],[-119.9056,56.6613],[-119.9616,56.66],[-119.9849,56.6771],[-119.9369,56.7305],[-119.8874,56.7567],[-119.9051,56.7597],[-119.9083,56.774],[-119.8812,56.8098],[-119.8531,56.7962],[-119.8709,56.7684],[-119.7499,56.8146],[-119.7445,56.8324],[-119.709,56.8103],[-119.6949,56.8331],[-119.713,56.8424],[-119.672,56.8614],[-119.6551,56.8552],[-119.623,56.8843],[-119.6151,56.8629],[-119.5843,56.8748],[-119.5591,56.8621],[-119.5447,56.8857],[-119.6067,56.9163],[-119.6349,56.9102],[-119.6392,56.9211],[-119.5952,56.949],[-119.6135,56.9726],[-119.5917,56.9836],[-119.5992,57.001],[-119.5827,57.0074],[-119.5895,57.0207],[-119.5542,57.0406],[-119.4472,57.0831],[-119.4203,57.074],[-119.4233,57.0848],[-119.3952,57.1061],[-119.3627,57.1099],[-119.3363,57.1428],[-119.2835,57.1435],[-119.263,57.1582],[-119.2672,57.1777],[-119.2101,57.1961],[-119.2136,57.2111],[-119.1765,57.22],[-119.1411,57.2598],[-119.1253,57.2606],[-119.1019,57.2338],[-119.0822,57.2606],[-119.0358,57.2775],[-119.0465,57.3072],[-119.0157,57.2989],[-118.976,57.313],[-118.9923,57.3297],[-118.955,57.3616],[-118.9408,57.3389],[-118.8756,57.3791],[-118.8735,57.3647],[-118.8488,57.3615],[-118.835,57.3409],[-118.7418,57.3898],[-118.713,57.3829],[-118.7226,57.3762]]],[[[-119.9996,57.6595],[-119.9658,57.6749],[-119.9783,57.682],[-119.9663,57.6967],[-119.8489,57.6648],[-119.8473,57.6798],[-119.9673,57.7254],[-119.9509,57.7765],[-119.9211,57.7626],[-119.9046,57.7807],[-119.851,57.7677],[-119.8237,57.7773],[-119.8117,57.7961],[-119.8029,57.7805],[-119.7608,57.783],[-119.6903,57.8016],[-119.6783,57.8171],[-119.6857,57.821],[-119.6689,57.8291],[-119.6826,57.847],[-119.6409,57.8439],[-119.5816,57.8615],[-119.5156,57.8264],[-119.4916,57.8425],[-119.4805,57.8293],[-119.4114,57.8467],[-119.3796,57.8356],[-119.3962,57.8064],[-119.4232,57.803],[-119.4261,57.7704],[-119.3811,57.7323],[-119.3566,57.736],[-119.3441,57.7165],[-119.3664,57.6953],[-119.3761,57.6489],[-119.4039,57.6298],[-119.4183,57.6345],[-119.4123,57.6199],[-119.4637,57.5898],[-119.4789,57.5649],[-119.5276,57.5485],[-119.5516,57.5584],[-119.5517,57.5297],[-119.5701,57.5386],[-119.5927,57.5198],[-119.5826,57.4974],[-119.5242,57.4923],[-119.5842,57.469],[-119.5404,57.4619],[-119.5087,57.4401],[-119.5803,57.4299],[-119.5602,57.4196],[-119.5898,57.3975],[-119.6123,57.4008],[-119.6137,57.4165],[-119.6303,57.4233],[-119.6212,57.4459],[-119.7127,57.4055],[-119.7049,57.4208],[-119.739,57.4372],[-119.7175,57.4628],[-119.664,57.4869],[-119.687,57.4977],[-119.7532,57.4788],[-119.7808,57.5036],[-119.8235,57.4764],[-119.8513,57.4826],[-119.8483,57.452],[-119.8878,57.4817],[-119.9254,57.4906],[-119.9315,57.5105],[-119.9509,57.4932],[-119.9327,57.4597],[-119.9899,57.5016],[-120.0,57.4772],[-119.9996,57.6595]]]]}},{"type":"Feature","properties":{"key":"cypress_upland","name":"Cypress Upland","where":"south AB / SK","sort":5,"ecozone":"Prairies","ab_subregion":""},"geometry":{"type":"Polygon","coordinates":[[[-109.9992,49.9085],[-109.9768,49.9249],[-109.9622,49.9207],[-109.9696,49.9086],[-109.9496,49.9098],[-109.9502,49.8891],[-109.9259,49.9015],[-109.9291,49.9131],[-109.8013,49.8873],[-109.7787,49.8593],[-109.7168,49.8789],[-109.6285,49.8512],[-109.5742,49.8546],[-109.5257,49.8388],[-109.3775,49.8862],[-109.3036,49.8897],[-109.2751,49.9124],[-109.2569,49.9028],[-109.249,49.9173],[-109.218,49.9034],[-109.1574,49.9017],[-109.1531,49.8889],[-109.1347,49.8961],[-109.1143,49.8801],[-109.1165,49.8608],[-109.0985,49.856],[-109.0336,49.8726],[-109.0043,49.8632],[-108.9867,49.8795],[-108.913,49.8636],[-108.8661,49.8794],[-108.8652,49.891],[-108.8931,49.8931],[-108.8269,49.9314],[-108.8087,49.9191],[-108.8124,49.9087],[-108.7602,49.9161],[-108.716,49.8957],[-108.7146,49.9169],[-108.6949,49.9149],[-108.678,49.8954],[-108.618,49.9206],[-108.5475,49.8835],[-108.5701,49.8787],[-108.5669,49.8648],[-108.5523,49.872],[-108.5592,49.8555],[-108.5447,49.8449],[-108.5438,49.7943],[-108.5914,49.7458],[-108.5894,49.7103],[-108.6103,49.6541],[-108.6495,49.6111],[-108.6905,49.6029],[-108.7238,49.5739],[-108.7663,49.5592],[-108.7784,49.5174],[-108.8524,49.4709],[-108.8764,49.4799],[-108.9158,49.4337],[-108.9561,49.4355],[-109.0265,49.4082],[-109.1135,49.4374],[-109.1384,49.417],[-109.0914,49.4085],[-109.0985,49.4037],[-109.1895,49.3944],[-109.3003,49.4176],[-109.4619,49.4272],[-109.5457,49.4155],[-109.6137,49.4209],[-109.7575,49.3935],[-109.8274,49.4016],[-109.8447,49.4261],[-109.8653,49.3973],[-109.9463,49.3882],[-109.9905,49.4237],[-110.0051,49.4212],[-109.9992,49.9085]]]}},{"type":"Feature","properties":{"key":"cypress_upland","name":"Cypress Upland","where":"south AB / SK","sort":5,"ecozone":"Prairies","ab_subregion":"Dry Mixedgrass"},"geometry":{"type":"MultiPolygon","coordinates":[[[[-110.2366,49.3338],[-110.2057,49.3441],[-110.1946,49.339],[-110.1982,49.3375],[-110.2366,49.3338]]],[[[-110.565,49.2906],[-110.5959,49.319],[-110.5982,49.3684],[-110.5736,49.3544],[-110.5349,49.3609],[-110.4897,49.3494],[-110.3963,49.2881],[-110.438,49.2782],[-110.565,49.2906]]],[[[-110.0051,49.4244],[-110.0093,49.4218],[-110.011,49.4231],[-110.0051,49.4244]]],[[[-110.5972,49.4204],[-110.5773,49.4043],[-110.5725,49.397],[-110.5973,49.3877],[-110.5972,49.4204]]],[[[-110.6071,49.4658],[-110.6019,49.464],[-110.6006,49.4607],[-110.6071,49.4658]]],[[[-110.8315,49.5818],[-110.8498,49.6077],[-110.779,49.6253],[-110.7302,49.5417],[-110.7852,49.5216],[-110.8362,49.5624],[-110.8315,49.5818]]],[[[-110.2264,49.9387],[-110.005,49.9087],[-110.0051,49.8523],[-110.0336,49.8473],[-110.0751,49.818],[-110.0941,49.8197],[-110.0714,49.8401],[-110.0832,49.8459],[-110.1716,49.8425],[-110.1853,49.8155],[-110.2554,49.8015],[-110.3547,49.826],[-110.4603,49.8142],[-110.5776,49.8232],[-110.5971,49.8355],[-110.6621,49.8157],[-110.6609,49.8299],[-110.7024,49.8261],[-110.7558,49.7818],[-110.7624,49.7065],[-110.8091,49.7055],[-110.8587,49.67],[-110.8537,49.6485],[-110.8703,49.6304],[-110.8608,49.6128],[-110.8929,49.6221],[-110.9296,49.6715],[-110.8982,49.7218],[-110.8341,49.7541],[-110.7368,49.835],[-110.6555,49.8675],[-110.5853,49.8743],[-110.508,49.927],[-110.3438,49.9388],[-110.2876,49.9643],[-110.2264,49.9387]]]]}},{"type":"Feature","properties":{"key":"cypress_upland","name":"Cypress Upland","where":"south AB / SK","sort":5,"ecozone":"Prairies","ab_subregion":"Mixedgrass"},"geometry":{"type":"Polygon","coordinates":[[[-110.0051,49.4244],[-110.06,49.445],[-110.149,49.4414],[-110.1289,49.3925],[-110.1355,49.3664],[-110.2367,49.3333],[-110.3678,49.3358],[-110.3963,49.2881],[-110.4897,49.3494],[-110.5894,49.3603],[-110.5973,49.3877],[-110.5725,49.397],[-110.5972,49.4204],[-110.6019,49.464],[-110.781,49.5202],[-110.7302,49.5417],[-110.7705,49.5974],[-110.7688,49.6169],[-110.8036,49.6262],[-110.8498,49.6077],[-110.8703,49.6304],[-110.8537,49.6485],[-110.8587,49.67],[-110.8206,49.6997],[-110.7624,49.7065],[-110.7558,49.7818],[-110.7024,49.8261],[-110.6609,49.8299],[-110.6621,49.8157],[-110.5971,49.8355],[-110.5776,49.8232],[-110.4603,49.8142],[-110.3547,49.826],[-110.2554,49.8015],[-110.1853,49.8155],[-110.1716,49.8425],[-110.0832,49.8459],[-110.0714,49.8401],[-110.0941,49.8197],[-110.0751,49.818],[-110.0336,49.8473],[-110.0051,49.8523],[-110.0051,49.6759],[-110.1105,49.6801],[-110.1381,49.7121],[-110.1568,49.7009],[-110.3134,49.6857],[-110.344,49.6698],[-110.3462,49.6464],[-110.3917,49.6397],[-110.418,49.6131],[-110.4422,49.6301],[-110.4564,49.6035],[-110.4098,49.5608],[-110.3916,49.5661],[-110.3997,49.5837],[-110.3906,49.5956],[-110.3575,49.5917],[-110.3619,49.5836],[-110.3434,49.5718],[-110.3222,49.6005],[-110.2847,49.5934],[-110.2595,49.6157],[-110.146,49.602],[-110.1202,49.5847],[-110.0051,49.5557],[-110.0051,49.4244]]]}},{"type":"Feature","properties":{"key":"cypress_upland","name":"Cypress Upland","where":"south AB / SK","sort":5,"ecozone":"Prairies","ab_subregion":"Montane"},"geometry":{"type":"Polygon","coordinates":[[[-110.1381,49.7121],[-110.1105,49.6801],[-110.0051,49.6759],[-110.0051,49.5557],[-110.1202,49.5847],[-110.146,49.602],[-110.2595,49.6157],[-110.2847,49.5934],[-110.3222,49.6005],[-110.3434,49.5718],[-110.3619,49.5836],[-110.3575,49.5917],[-110.3906,49.5956],[-110.3997,49.5837],[-110.3916,49.5661],[-110.4098,49.5608],[-110.4564,49.6035],[-110.4422,49.6301],[-110.418,49.6131],[-110.3917,49.6397],[-110.3462,49.6464],[-110.344,49.6698],[-110.3206,49.6842],[-110.1568,49.7009],[-110.1381,49.7121]]]}},{"type":"Feature","properties":{"key":"eastern_continental_ranges","name":"Eastern Continental Ranges","where":"central AB","sort":506,"ecozone":"Montane Cordillera","ab_subregion":""},"geometry":{"type":"MultiPolygon","coordinates":[[[[-119.0559,53.1491],[-119.0491,53.1437],[-119.0633,53.152],[-119.0559,53.1491]]],[[[-119.1186,53.1605],[-119.0929,53.1648],[-119.076,53.159],[-119.0671,53.1551],[-119.0666,53.154],[-119.1186,53.1605]]],[[[-119.0301,53.163],[-119.0238,53.1669],[-119.0167,53.1545],[-119.0301,53.163]]],[[[-119.1699,53.1844],[-119.1479,53.1911],[-119.1459,53.1841],[-119.1699,53.1844]]],[[[-119.231,53.1948],[-119.225,53.1948],[-119.2236,53.1943],[-119.231,53.1948]]],[[[-119.2622,53.206],[-119.2597,53.202],[-119.2632,53.2072],[-119.2622,53.206]]],[[[-119.2635,53.2076],[-119.2652,53.2101],[-119.2642,53.2095],[-119.2635,53.2076]]],[[[-119.2665,53.2121],[-119.2797,53.228],[-119.2668,53.2158],[-119.2665,53.2121]]],[[[-119.0258,53.2233],[-118.9972,53.2362],[-119.0099,53.227],[-119.0123,53.2148],[-119.0258,53.2233]]],[[[-119.3486,53.3004],[-119.3321,53.2988],[-119.3334,53.2929],[-119.3486,53.3004]]],[[[-119.3711,53.3468],[-119.3652,53.3445],[-119.3635,53.3423],[-119.3711,53.3468]]],[[[-119.3726,53.3477],[-119.3734,53.3482],[-119.373,53.3482],[-119.3726,53.3477]]],[[[-119.5205,53.3705],[-119.4705,53.3576],[-119.5174,53.3654],[-119.5301,53.365],[-119.5205,53.3705]]],[[[-119.6505,53.3686],[-119.6217,53.3637],[-119.6661,53.3637],[-119.6757,53.3688],[-119.6505,53.3686]]],[[[-119.691,53.3844],[-119.6836,53.3826],[-119.6795,53.3781],[-119.691,53.3844]]],[[[-119.606,53.3781],[-119.6058,53.3848],[-119.5877,53.3785],[-119.606,53.3781]]],[[[-119.7159,53.3842],[-119.7002,53.3904],[-119.6943,53.3856],[-119.7159,53.3842]]],[[[-119.7317,53.4035],[-119.7314,53.4027],[-119.733,53.4039],[-119.7317,53.4035]]],[[[-119.7338,53.4045],[-119.7378,53.4076],[-119.7349,53.4062],[-119.7338,53.4045]]],[[[-119.748,53.4156],[-119.7504,53.4184],[-119.7478,53.4169],[-119.748,53.4156]]],[[[-119.7591,53.4385],[-119.7603,53.4356],[-119.7621,53.4393],[-119.7591,53.4385]]],[[[-119.7829,53.4675],[-119.781,53.4649],[-119.784,53.4684],[-119.7829,53.4675]]],[[[-119.7836,53.4887],[-119.7833,53.4884],[-119.7831,53.488],[-119.7836,53.4887]]],[[[-119.7838,53.489],[-119.8026,53.4928],[-119.8222,53.504],[-119.8287,53.5098],[-119.7864,53.4923],[-119.7838,53.489]]],[[[-119.8846,53.508],[-119.8804,53.5072],[-119.8826,53.5076],[-119.8846,53.508]]],[[[-119.8947,53.5135],[-119.8924,53.5116],[-119.8957,53.5139],[-119.8947,53.5135]]],[[[-119.8465,53.5129],[-119.8355,53.5185],[-119.8321,53.5132],[-119.8465,53.5129]]],[[[-119.8705,53.5639],[-119.878,53.5675],[-119.8709,53.5658],[-119.8705,53.5639]]],[[[-119.8994,53.5854],[-119.8919,53.5809],[-119.8963,53.5812],[-119.8994,53.5854]]],[[[-119.787,53.5939],[-119.7876,53.5946],[-119.7843,53.5923],[-119.787,53.5939]]],[[[-119.9228,53.6049],[-119.9118,53.5992],[-119.9109,53.5968],[-119.9228,53.6049]]],[[[-119.7212,53.6204],[-119.7221,53.6205],[-119.7225,53.6211],[-119.7212,53.6204]]],[[[-119.7386,53.6584],[-119.771,53.6746],[-119.74,53.6641],[-119.7386,53.6584]]],[[[-119.7758,53.6795],[-119.7751,53.6791],[-119.7744,53.6781],[-119.7758,53.6795]]],[[[-119.7787,53.6896],[-119.7793,53.6836],[-119.7839,53.6921],[-119.7787,53.6896]]],[[[-119.8028,53.6991],[-119.806,53.7068],[-119.7927,53.7033],[-119.7918,53.6972],[-119.8028,53.6991]]],[[[-119.8694,53.7054],[-119.8814,53.7105],[-119.8492,53.7131],[-119.8462,53.7078],[-119.8694,53.7054]]],[[[-119.8887,53.7764],[-119.9084,53.7776],[-119.8966,53.7783],[-119.8887,53.7764]]],[[[-119.9744,53.7888],[-119.9757,53.7891],[-119.9753,53.7892],[-119.9744,53.7888]]],[[[-119.9901,53.7998],[-119.9849,53.8004],[-119.9811,53.7997],[-119.9901,53.7998]]],[[[-118.2129,52.3717],[-118.2186,52.3738],[-118.1992,52.3718],[-118.2129,52.3717]]],[[[-118.1859,52.3808],[-118.1655,52.3908],[-118.1849,52.3793],[-118.1859,52.3808]]],[[[-118.2327,52.4024],[-118.2273,52.4006],[-118.2202,52.3889],[-118.2327,52.4024]]],[[[-118.1384,52.4061],[-118.0565,52.4021],[-118.0955,52.3976],[-118.1456,52.401],[-118.1384,52.4061]]],[[[-118.0466,52.4066],[-118.0526,52.4159],[-118.0386,52.424],[-118.0466,52.4066]]],[[[-118.0485,52.4558],[-118.056,52.4483],[-118.0597,52.4561],[-118.0485,52.4558]]],[[[-118.0448,52.4573],[-118.0375,52.4576],[-118.0314,52.4557],[-118.0448,52.4573]]],[[[-118.2269,52.4898],[-118.2202,52.4897],[-118.198,52.4833],[-118.2269,52.4898]]],[[[-118.2429,52.4927],[-118.2496,52.4962],[-118.2454,52.4942],[-118.2429,52.4927]]],[[[-118.257,52.5047],[-118.253,52.4982],[-118.2609,52.5043],[-118.257,52.5047]]],[[[-118.2684,52.5191],[-118.2692,52.5172],[-118.2728,52.5227],[-118.2684,52.5191]]],[[[-118.274,52.5661],[-118.272,52.5646],[-118.272,52.5645],[-118.274,52.5661]]],[[[-118.2901,52.571],[-118.2885,52.5712],[-118.2804,52.5687],[-118.2901,52.571]]],[[[-118.3307,52.5977],[-118.3305,52.5976],[-118.3306,52.5964],[-118.3307,52.5977]]],[[[-118.3357,52.6073],[-118.333,52.6028],[-118.3409,52.6071],[-118.3357,52.6073]]],[[[-118.292,52.6826],[-118.2884,52.679],[-118.2886,52.6782],[-118.292,52.6826]]],[[[-118.3201,52.6957],[-118.3293,52.7065],[-118.3014,52.693],[-118.2947,52.6846],[-118.3201,52.6957]]],[[[-118.3522,52.7434],[-118.3285,52.7379],[-118.3503,52.7404],[-118.3522,52.7434]]],[[[-118.3943,52.8482],[-118.3842,52.8472],[-118.3928,52.846],[-118.3943,52.8482]]],[[[-118.4362,52.8502],[-118.4028,52.8525],[-118.3994,52.8503],[-118.4362,52.8502]]],[[[-118.456,52.8567],[-118.4566,52.8618],[-118.4486,52.8536],[-118.453,52.8546],[-118.456,52.8567]]],[[[-118.5562,52.9012],[-118.6016,52.8781],[-118.5497,52.9078],[-118.5255,52.8982],[-118.5562,52.9012]]],[[[-118.4984,52.9061],[-118.4739,52.8985],[-118.4907,52.8962],[-118.52,52.8992],[-118.4984,52.9061]]],[[[-118.6113,52.9348],[-118.6186,52.938],[-118.6107,52.9355],[-118.6113,52.9348]]],[[[-118.6433,52.9483],[-118.6483,52.9524],[-118.6292,52.9467],[-118.6192,52.9383],[-118.6433,52.9483]]],[[[-118.6543,52.9588],[-118.6501,52.9539],[-118.6576,52.9611],[-118.6543,52.9588]]],[[[-118.6633,52.9749],[-118.6585,52.9685],[-118.6601,52.967],[-118.6633,52.9749]]],[[[-118.6592,53.0353],[-118.6571,53.0345],[-118.6568,53.034],[-118.6592,53.0353]]],[[[-118.6685,53.0417],[-118.6642,53.0377],[-118.6757,53.0353],[-118.6857,53.0399],[-118.6685,53.0417]]],[[[-118.72,53.0525],[-118.7202,53.053],[-118.7192,53.0523],[-118.72,53.0525]]],[[[-118.7708,53.0573],[-118.7709,53.0548],[-118.7714,53.054],[-118.7708,53.0573]]],[[[-118.7658,53.0649],[-118.7704,53.0595],[-118.7688,53.0677],[-118.7658,53.0649]]],[[[-118.7611,53.0789],[-118.7625,53.0767],[-118.7674,53.0753],[-118.7611,53.0789]]],[[[-118.764,53.1261],[-118.7689,53.129],[-118.7506,53.1249],[-118.7476,53.1225],[-118.7389,53.1208],[-118.7353,53.1185],[-118.764,53.1261]]],[[[-118.7974,53.1629],[-118.7927,53.1601],[-118.8013,53.1626],[-118.7974,53.1629]]],[[[-118.823,53.1725],[-118.8195,53.1717],[-118.8184,53.1713],[-118.823,53.1725]]],[[[-118.8475,53.1822],[-118.8517,53.1853],[-118.8342,53.1843],[-118.8324,53.181],[-118.8475,53.1822]]],[[[-118.8798,53.2057],[-118.8743,53.2035],[-118.9024,53.2058],[-118.9115,53.2093],[-118.8798,53.2057]]],[[[-118.9253,53.2254],[-118.9227,53.2217],[-118.9269,53.2264],[-118.9253,53.2254]]],[[[-118.9894,53.2371],[-118.9832,53.2421],[-118.9427,53.2336],[-118.9894,53.2371]]],[[[-116.862,51.7076],[-116.8519,51.7067],[-116.8639,51.7062],[-116.862,51.7076]]],[[[-116.917,51.7134],[-116.918,51.7122],[-116.9198,51.7153],[-116.917,51.7134]]],[[[-116.9275,51.7288],[-116.9272,51.7285],[-116.9271,51.7282],[-116.9275,51.7288]]],[[[-116.8205,51.7373],[-116.807,51.7283],[-116.8184,51.7348],[-116.8205,51.7373]]],[[[-116.9458,51.743],[-116.9438,51.7395],[-116.9488,51.7425],[-116.9458,51.743]]],[[[-116.9645,51.7756],[-116.9648,51.774],[-116.9648,51.7771],[-116.9645,51.7756]]],[[[-116.9647,51.7807],[-116.9645,51.7802],[-116.9647,51.78],[-116.9647,51.7807]]],[[[-116.9645,51.7933],[-116.9631,51.7923],[-116.9646,51.7897],[-116.9645,51.7933]]],[[[-116.7441,51.8067],[-116.7283,51.8049],[-116.7222,51.8015],[-116.7573,51.797],[-116.7441,51.8067]]],[[[-116.9833,51.8278],[-116.994,51.8367],[-116.9814,51.8359],[-116.9795,51.8329],[-116.9833,51.8278]]],[[[-117.0175,51.8914],[-117.0124,51.8896],[-117.019,51.8836],[-117.0175,51.8914]]],[[[-117.2153,52.028],[-117.2158,52.0274],[-117.2164,52.0286],[-117.2153,52.028]]],[[[-117.2264,52.0349],[-117.237,52.038],[-117.229,52.038],[-117.2264,52.0349]]],[[[-117.2631,52.0427],[-117.2636,52.0439],[-117.2609,52.0424],[-117.2631,52.0427]]],[[[-117.2702,52.0536],[-117.2705,52.0562],[-117.2695,52.056],[-117.2702,52.0536]]],[[[-117.6028,52.1397],[-117.5839,52.1353],[-117.5815,52.1329],[-117.6028,52.1397]]],[[[-117.5444,52.141],[-117.5481,52.1398],[-117.5459,52.1407],[-117.5444,52.141]]],[[[-117.4625,52.1427],[-117.4575,52.1437],[-117.4623,52.1426],[-117.4625,52.1427]]],[[[-117.4377,52.1458],[-117.4419,52.1451],[-117.4407,52.1474],[-117.4377,52.1458]]],[[[-117.6118,52.1496],[-117.6111,52.1481],[-117.6139,52.1513],[-117.6118,52.1496]]],[[[-117.5119,52.1535],[-117.519,52.1494],[-117.5084,52.1579],[-117.5012,52.1499],[-117.5119,52.1535]]],[[[-117.6412,52.1808],[-117.6199,52.1634],[-117.6452,52.1817],[-117.6412,52.1808]]],[[[-117.322,52.1819],[-117.3229,52.1819],[-117.3217,52.1831],[-117.322,52.1819]]],[[[-117.3171,52.1874],[-117.3169,52.1861],[-117.318,52.1866],[-117.3171,52.1874]]],[[[-117.6984,52.1909],[-117.6645,52.1988],[-117.6602,52.1952],[-117.6984,52.1909]]],[[[-117.7451,52.2029],[-117.7415,52.1995],[-117.7556,52.2046],[-117.7451,52.2029]]],[[[-117.7682,52.2106],[-117.7674,52.2103],[-117.7656,52.2088],[-117.7682,52.2106]]],[[[-117.7917,52.2938],[-117.7929,52.2932],[-117.7923,52.2952],[-117.7917,52.2938]]],[[[-117.7405,52.3329],[-117.7395,52.3345],[-117.7396,52.3335],[-117.7405,52.3329]]],[[[-117.707,52.3559],[-117.7064,52.3621],[-117.7048,52.3564],[-117.707,52.3559]]],[[[-117.7242,52.3883],[-117.7755,52.4095],[-117.7625,52.4134],[-117.7219,52.3898],[-117.7242,52.3883]]],[[[-117.822,52.4175],[-117.8176,52.417],[-117.8229,52.4175],[-117.822,52.4175]]],[[[-117.8771,52.4266],[-117.8742,52.4233],[-117.8873,52.425],[-117.9051,52.4336],[-117.8771,52.4266]]],[[[-117.9239,52.4468],[-117.9225,52.4473],[-117.9156,52.4466],[-117.9239,52.4468]]],[[[-117.9533,52.4582],[-117.9488,52.4549],[-117.9551,52.4584],[-117.9533,52.4582]]],[[[-118.0248,52.4729],[-118.0226,52.4737],[-118.0249,52.4695],[-118.0248,52.4729]]],[[[-117.977,52.4824],[-117.9715,52.4811],[-117.9708,52.4795],[-117.977,52.4824]]],[[[-118.0073,52.4873],[-118.0091,52.485],[-118.0092,52.485],[-118.0073,52.4873]]],[[[-117.9837,52.4925],[-117.9838,52.4927],[-117.9837,52.4926],[-117.9837,52.4925]]],[[[-117.9904,52.4954],[-118.0071,52.4876],[-117.9958,52.4962],[-117.9918,52.4999],[-117.9904,52.4954]]],[[[-115.2962,50.6472],[-115.2904,50.6377],[-115.3039,50.6403],[-115.2962,50.6472]]],[[[-115.277,50.6491],[-115.2759,50.6485],[-115.2778,50.6484],[-115.277,50.6491]]],[[[-115.3133,50.7233],[-115.3211,50.7251],[-115.3163,50.7257],[-115.3133,50.7233]]],[[[-115.5843,50.8416],[-115.5803,50.8411],[-115.5762,50.8397],[-115.5843,50.8416]]],[[[-115.6094,50.8435],[-115.5951,50.8442],[-115.5901,50.8429],[-115.6094,50.8435]]],[[[-115.6172,50.8803],[-115.618,50.8795],[-115.6197,50.8797],[-115.6172,50.8803]]],[[[-115.5976,50.9398],[-115.601,50.9363],[-115.6011,50.9422],[-115.5976,50.9398]]],[[[-115.6289,50.9802],[-115.6299,50.9809],[-115.629,50.9806],[-115.6289,50.9802]]],[[[-115.6432,50.9903],[-115.6584,51.0009],[-115.6503,50.9984],[-115.6432,50.9903]]],[[[-115.7019,51.0241],[-115.6927,51.0235],[-115.706,51.0203],[-115.7019,51.0241]]],[[[-115.7358,51.0293],[-115.7445,51.0309],[-115.7463,51.0323],[-115.7358,51.0293]]],[[[-115.7719,51.0675],[-115.7542,51.0744],[-115.7613,51.0676],[-115.7709,51.0643],[-115.7719,51.0675]]],[[[-115.8179,51.0844],[-115.8139,51.086],[-115.8137,51.0838],[-115.8179,51.0844]]],[[[-115.8696,51.0888],[-115.8683,51.0879],[-115.8709,51.0882],[-115.8696,51.0888]]],[[[-115.9063,51.0881],[-115.9005,51.0934],[-115.8976,51.0872],[-115.9063,51.0881]]],[[[-115.9952,51.1246],[-115.9678,51.1212],[-115.9676,51.1182],[-115.9952,51.1246]]],[[[-116.0102,51.1421],[-116.012,51.1402],[-116.011,51.1464],[-116.0102,51.1421]]],[[[-116.0108,51.1479],[-116.0107,51.1472],[-116.0109,51.147],[-116.0108,51.1479]]],[[[-116.0104,51.1504],[-116.0102,51.1501],[-116.0107,51.1486],[-116.0104,51.1504]]],[[[-116.0084,51.1562],[-116.0097,51.1545],[-116.0107,51.1563],[-116.0084,51.1562]]],[[[-116.0224,51.1599],[-116.0225,51.1607],[-116.0214,51.1596],[-116.0224,51.1599]]],[[[-116.0033,51.1935],[-115.9999,51.1943],[-116.0077,51.19],[-116.0033,51.1935]]],[[[-116.0061,51.2182],[-116.0252,51.2213],[-116.008,51.2217],[-116.0061,51.2182]]],[[[-116.067,51.2489],[-116.0646,51.245],[-116.1148,51.252],[-116.147,51.2647],[-116.067,51.2489]]],[[[-116.162,51.2966],[-116.1622,51.2948],[-116.1646,51.2976],[-116.162,51.2966]]],[[[-116.2869,51.4362],[-116.2874,51.4363],[-116.2872,51.4377],[-116.2869,51.4362]]],[[[-116.3127,51.4645],[-116.2911,51.4618],[-116.2859,51.456],[-116.2954,51.4604],[-116.3101,51.4624],[-116.3127,51.4645]]],[[[-116.4006,51.547],[-116.3947,51.547],[-116.3913,51.5447],[-116.4006,51.547]]],[[[-116.4062,51.5483],[-116.4081,51.549],[-116.4081,51.5491],[-116.4062,51.5483]]],[[[-116.5024,51.6277],[-116.4975,51.6221],[-116.5095,51.6258],[-116.5024,51.6277]]],[[[-116.536,51.6389],[-116.5277,51.6323],[-116.5431,51.6382],[-116.536,51.6389]]],[[[-116.5738,51.6532],[-116.5705,51.6487],[-116.5783,51.6527],[-116.5738,51.6532]]],[[[-116.5893,51.6692],[-116.5894,51.6684],[-116.5912,51.6673],[-116.5893,51.6692]]],[[[-116.5819,51.6967],[-116.5824,51.6966],[-116.581,51.6975],[-116.5819,51.6967]]],[[[-116.5888,51.7156],[-116.5867,51.7091],[-116.5936,51.717],[-116.5888,51.7156]]],[[[-116.6077,51.7251],[-116.5983,51.7232],[-116.5957,51.7183],[-116.6077,51.7251]]],[[[-116.6475,51.7891],[-116.6455,51.7785],[-116.6479,51.776],[-116.6475,51.7891]]],[[[-116.6602,51.8047],[-116.6608,51.8049],[-116.6604,51.8049],[-116.6602,51.8047]]],[[[-116.6698,51.8071],[-116.6863,51.8092],[-116.6809,51.8128],[-116.6698,51.8071]]]]}},{"type":"Feature","properties":{"key":"eastern_continental_ranges","name":"Eastern Continental Ranges","where":"central AB","sort":506,"ecozone":"Montane Cordillera","ab_subregion":"Alpine"},"geometry":{"type":"MultiPolygon","coordinates":[[[[-119.5709,53.3768],[-119.5618,53.386],[-119.5419,53.3697],[-119.5203,53.3728],[-119.5143,53.3687],[-119.5302,53.365],[-119.5709,53.3768]]],[[[-119.6186,53.3673],[-119.6366,53.3644],[-119.6496,53.3683],[-119.6186,53.3673]]],[[[-119.6017,53.3842],[-119.6164,53.3698],[-119.6307,53.3853],[-119.6205,53.4115],[-119.5961,53.4022],[-119.5836,53.3776],[-119.6017,53.3842]]],[[[-119.68,53.3792],[-119.7206,53.3867],[-119.7257,53.3983],[-119.6969,53.4076],[-119.6799,53.4301],[-119.6493,53.4064],[-119.6762,53.3954],[-119.6533,53.368],[-119.677,53.3691],[-119.68,53.3792]]],[[[-119.7338,53.4045],[-119.7478,53.4154],[-119.7511,53.4192],[-119.7234,53.4181],[-119.7338,53.4045]]],[[[-119.7603,53.4356],[-119.7725,53.4578],[-119.7545,53.4688],[-119.7445,53.4642],[-119.7616,53.445],[-119.7216,53.4593],[-119.725,53.4482],[-119.7033,53.4434],[-119.7119,53.431],[-119.7559,53.4291],[-119.752,53.4203],[-119.7603,53.4356]]],[[[-119.7765,53.4611],[-119.7783,53.4626],[-119.7765,53.462],[-119.7765,53.4611]]],[[[-119.7791,53.4633],[-119.779,53.471],[-119.7735,53.4687],[-119.7791,53.4633]]],[[[-119.7851,53.4726],[-119.781,53.5031],[-119.7502,53.509],[-119.7724,53.4866],[-119.7645,53.4821],[-119.7851,53.4726]]],[[[-119.8301,53.5113],[-119.8475,53.5132],[-119.8236,53.5306],[-119.8062,53.5272],[-119.8301,53.5113]]],[[[-119.897,53.5165],[-119.8925,53.5276],[-119.8685,53.5355],[-119.8626,53.5302],[-119.8801,53.5275],[-119.8826,53.5076],[-119.897,53.5165]]],[[[-119.8077,53.5434],[-119.75,53.5439],[-119.8007,53.5353],[-119.8077,53.5434]]],[[[-119.8621,53.5558],[-119.8573,53.5429],[-119.8636,53.5397],[-119.8621,53.5558]]],[[[-119.846,53.5572],[-119.8361,53.5611],[-119.837,53.558],[-119.846,53.5572]]],[[[-119.7734,53.5852],[-119.738,53.5931],[-119.725,53.584],[-119.769,53.5801],[-119.8524,53.603],[-119.7734,53.5852]]],[[[-119.7131,53.6137],[-119.7323,53.6366],[-119.7315,53.6428],[-119.7123,53.6237],[-119.6833,53.6316],[-119.6294,53.6169],[-119.7045,53.6132],[-119.6871,53.597],[-119.6608,53.6004],[-119.7003,53.5911],[-119.7229,53.6037],[-119.7131,53.6137]]],[[[-119.9162,53.6053],[-119.9228,53.6049],[-119.9224,53.6067],[-119.9162,53.6053]]],[[[-119.731,53.6467],[-119.7306,53.6493],[-119.73,53.647],[-119.731,53.6467]]],[[[-119.7386,53.6583],[-119.7331,53.6605],[-119.734,53.6557],[-119.7386,53.6583]]],[[[-119.7473,53.665],[-119.742,53.6667],[-119.7401,53.6641],[-119.7473,53.665]]],[[[-119.7919,53.6991],[-119.798,53.705],[-119.7834,53.7012],[-119.7919,53.6991]]],[[[-119.8423,53.7019],[-119.8424,53.7018],[-119.8425,53.702],[-119.8423,53.7019]]],[[[-119.8222,53.7219],[-119.8087,53.7156],[-119.7998,53.7062],[-119.8161,53.7084],[-119.8222,53.7219]]],[[[-119.7527,53.7611],[-119.7869,53.729],[-119.7724,53.7213],[-119.7928,53.7202],[-119.8074,53.7386],[-119.7803,53.7386],[-119.7884,53.7506],[-119.7527,53.7611]]],[[[-119.9009,53.7183],[-119.8894,53.7109],[-119.9086,53.7133],[-119.9009,53.7183]]],[[[-119.8944,53.7336],[-119.8624,53.7434],[-119.8951,53.7282],[-119.8944,53.7336]]],[[[-119.8835,53.7714],[-119.8848,53.7806],[-119.8793,53.7799],[-119.8835,53.7714]]],[[[-119.7842,53.8152],[-119.7857,53.8044],[-119.7499,53.8111],[-119.7547,53.8027],[-119.7385,53.797],[-119.8412,53.7792],[-119.7913,53.7971],[-119.8052,53.8205],[-119.7842,53.8152]]],[[[-119.8479,53.7799],[-119.8577,53.803],[-119.8468,53.8099],[-119.8479,53.7799]]],[[[-119.9763,53.7905],[-119.9946,53.8043],[-119.9976,53.8114],[-119.9319,53.81],[-119.9391,53.7973],[-119.9682,53.8021],[-119.9763,53.7905]]],[[[-119.9208,53.8594],[-119.9101,53.8561],[-119.8995,53.8539],[-119.9178,53.8561],[-119.9208,53.8594]]],[[[-120.0,53.8845],[-119.952,53.8975],[-119.9382,53.8868],[-119.9726,53.8651],[-120.0,53.8739],[-120.0,53.8845]]],[[[-119.821,53.911],[-119.853,53.8953],[-119.8616,53.9021],[-119.8413,53.9101],[-119.8493,53.9547],[-119.8348,53.9589],[-119.8309,53.9124],[-119.821,53.911]]],[[[-119.9941,53.9091],[-120.0,53.9056],[-120.0,53.9112],[-119.9941,53.9091]]],[[[-119.9455,53.9658],[-119.8977,53.9641],[-119.918,53.9437],[-119.8852,53.9524],[-119.9045,53.9398],[-119.8706,53.9362],[-119.8783,53.9128],[-119.9401,53.9344],[-119.9556,53.9521],[-119.9392,53.9534],[-119.9455,53.9658]]],[[[-120.0,53.9258],[-119.9965,53.9214],[-120.0,53.9188],[-120.0,53.9258]]],[[[-119.8894,53.9919],[-119.882,53.9952],[-119.8814,53.991],[-119.8894,53.9919]]],[[[-119.9639,54.0263],[-119.9273,54.0041],[-119.9124,54.0253],[-119.8473,54.026],[-119.8679,54.0119],[-119.9039,54.0135],[-119.917,54.0021],[-119.8943,53.9992],[-119.9178,53.9888],[-119.959,54.0029],[-119.972,53.9937],[-119.9538,53.9834],[-119.9806,53.9711],[-119.9828,53.999],[-119.9615,54.0087],[-119.9639,54.0263]]],[[[-120.0,54.0773],[-119.9671,54.0775],[-120.0,54.0667],[-120.0,54.0773]]],[[[-118.6664,53.0402],[-118.6958,53.037],[-118.726,53.0612],[-118.7494,53.0573],[-118.7294,53.0723],[-118.7184,53.0594],[-118.6919,53.0696],[-118.6814,53.0468],[-118.6593,53.0759],[-118.6417,53.0159],[-118.6664,53.0402]]],[[[-119.027,53.1607],[-119.0144,53.1499],[-119.0288,53.1346],[-119.1034,53.1627],[-119.0829,53.1643],[-119.0922,53.1968],[-119.0502,53.1862],[-119.0853,53.2133],[-119.0374,53.205],[-119.0515,53.2209],[-119.0224,53.2268],[-119.0086,53.2035],[-119.027,53.1607]]],[[[-119.1519,53.1896],[-119.2536,53.1958],[-119.2252,53.2032],[-119.2461,53.2079],[-119.2647,53.2349],[-119.2391,53.2648],[-119.2252,53.263],[-119.2061,53.2516],[-119.2053,53.2328],[-119.1908,53.2395],[-119.1524,53.2186],[-119.1739,53.1982],[-119.1362,53.212],[-119.1236,53.1948],[-119.1354,53.1736],[-119.1519,53.1896]]],[[[-118.7768,53.1537],[-118.8754,53.2046],[-118.9115,53.2093],[-118.9482,53.2368],[-119.0983,53.229],[-119.2127,53.289],[-119.124,53.2611],[-119.1619,53.2894],[-119.1544,53.2955],[-119.2179,53.3079],[-119.2144,53.3281],[-119.1768,53.3133],[-119.2006,53.3312],[-119.2016,53.3526],[-119.1599,53.333],[-119.1777,53.3577],[-119.162,53.3574],[-119.1799,53.3721],[-119.1518,53.3676],[-119.1715,53.3966],[-119.1139,53.3728],[-119.1074,53.3558],[-119.1189,53.326],[-119.0782,53.286],[-119.057,53.2891],[-119.0785,53.3009],[-119.0816,53.3112],[-119.0602,53.3085],[-119.0872,53.3296],[-119.0665,53.3479],[-119.0539,53.332],[-119.0665,53.3774],[-119.0429,53.371],[-119.0145,53.3297],[-118.9762,53.3227],[-119.0084,53.3442],[-119.003,53.3537],[-119.0217,53.3735],[-119.0602,53.3962],[-119.0443,53.4102],[-119.0897,53.401],[-119.1376,53.4198],[-119.0918,53.4247],[-119.1633,53.4252],[-119.176,53.4469],[-119.1401,53.4413],[-119.1511,53.4513],[-119.1139,53.4657],[-119.0463,53.438],[-118.9963,53.4535],[-118.9598,53.4464],[-118.9303,53.427],[-118.9985,53.4032],[-118.9828,53.3947],[-118.9815,53.3741],[-118.9364,53.4101],[-118.9045,53.4098],[-118.8844,53.4033],[-118.8911,53.3897],[-118.87,53.3949],[-118.9067,53.3492],[-118.8555,53.3776],[-118.7984,53.3639],[-118.8434,53.3107],[-118.8039,53.3244],[-118.7898,53.3494],[-118.7382,53.3442],[-118.7624,53.3324],[-118.7568,53.3231],[-118.7871,53.2969],[-118.8244,53.2791],[-118.8819,53.2961],[-118.8378,53.2699],[-118.8514,53.2636],[-118.9045,53.2763],[-118.9351,53.3088],[-118.9676,53.3088],[-118.9445,53.2877],[-118.9832,53.2935],[-118.9321,53.2662],[-118.9434,53.2531],[-118.9072,53.243],[-118.9199,53.2289],[-118.9124,53.2198],[-118.8522,53.2322],[-118.8418,53.2194],[-118.848,53.2081],[-118.8257,53.2104],[-118.7905,53.1807],[-118.7812,53.1805],[-118.7977,53.2065],[-118.7824,53.2035],[-118.8151,53.2373],[-118.7832,53.2314],[-118.7943,53.2564],[-118.7728,53.247],[-118.7879,53.2616],[-118.7802,53.2685],[-118.7384,53.2697],[-118.7375,53.2899],[-118.7102,53.3033],[-118.6924,53.2869],[-118.695,53.3098],[-118.6841,53.3142],[-118.668,53.2967],[-118.6737,53.3192],[-118.6232,53.3076],[-118.6371,53.2921],[-118.6097,53.2978],[-118.6351,53.2675],[-118.7057,53.2452],[-118.7036,53.2238],[-118.727,53.211],[-118.7154,53.1696],[-118.6874,53.1453],[-118.6908,53.1295],[-118.7476,53.1639],[-118.7559,53.1535],[-118.7458,53.1402],[-118.7751,53.134],[-118.7768,53.1537]]],[[[-119.3319,53.2741],[-119.3511,53.3121],[-119.3315,53.3213],[-119.3087,53.3137],[-119.2787,53.3309],[-119.2829,53.3108],[-119.2585,53.2892],[-119.3213,53.2769],[-119.2763,53.2716],[-119.2982,53.2626],[-119.2927,53.2493],[-119.3319,53.2741]]],[[[-119.4553,53.36],[-119.4865,53.3635],[-119.4951,53.3618],[-119.4869,53.3652],[-119.4553,53.36]]],[[[-119.3461,53.3409],[-119.3933,53.3645],[-119.4332,53.3654],[-119.6425,53.4455],[-119.6921,53.5043],[-119.6313,53.5259],[-119.6402,53.498],[-119.6189,53.4956],[-119.6528,53.4818],[-119.6014,53.4846],[-119.5871,53.4755],[-119.5902,53.4585],[-119.5675,53.4672],[-119.561,53.443],[-119.5406,53.4442],[-119.5436,53.4581],[-119.529,53.4621],[-119.5794,53.5015],[-119.5417,53.5014],[-119.5879,53.5156],[-119.5907,53.5359],[-119.5515,53.5562],[-119.5416,53.5241],[-119.5311,53.5521],[-119.5094,53.54],[-119.5185,53.5657],[-119.4884,53.5803],[-119.4853,53.557],[-119.4625,53.5514],[-119.4687,53.5965],[-119.4464,53.6022],[-119.4557,53.5831],[-119.4282,53.5847],[-119.4209,53.6148],[-119.4002,53.6234],[-119.3872,53.6104],[-119.3986,53.595],[-119.3805,53.6005],[-119.383,53.5892],[-119.4323,53.5658],[-119.3969,53.5667],[-119.4264,53.5348],[-119.4374,53.5379],[-119.4398,53.5188],[-119.4632,53.5211],[-119.4437,53.513],[-119.466,53.5091],[-119.4654,53.4934],[-119.4944,53.489],[-119.4613,53.4827],[-119.4167,53.5182],[-119.4044,53.499],[-119.4049,53.5175],[-119.3552,53.5773],[-119.3316,53.5356],[-119.3832,53.4814],[-119.3621,53.4829],[-119.3521,53.5041],[-119.3154,53.5274],[-119.2945,53.507],[-119.3101,53.4815],[-119.2965,53.4787],[-119.285,53.4978],[-119.2742,53.4636],[-119.39,53.456],[-119.3716,53.444],[-119.3787,53.4337],[-119.4262,53.4532],[-119.4218,53.4233],[-119.3454,53.3956],[-119.3624,53.4139],[-119.3374,53.4204],[-119.3,53.3952],[-119.311,53.4256],[-119.2836,53.428],[-119.2829,53.414],[-119.2623,53.4285],[-119.26,53.3942],[-119.2758,53.3847],[-119.2741,53.3721],[-119.314,53.3762],[-119.2777,53.3546],[-119.3086,53.3473],[-119.3649,53.378],[-119.3461,53.3409]]],[[[-119.1337,53.6388],[-119.1012,53.639],[-119.1341,53.597],[-119.0583,53.64],[-119.0714,53.6191],[-119.0487,53.6164],[-119.0799,53.6009],[-119.0688,53.5992],[-119.0829,53.5895],[-119.0777,53.5736],[-119.0277,53.6104],[-119.0357,53.5815],[-119.0048,53.6066],[-119.0086,53.5788],[-118.9871,53.5994],[-118.9713,53.594],[-118.9726,53.5784],[-118.943,53.5761],[-118.9928,53.5351],[-118.9429,53.5518],[-118.9347,53.5427],[-118.9236,53.5678],[-118.8795,53.5358],[-119.0002,53.5017],[-119.0538,53.5199],[-119.0742,53.5407],[-119.1429,53.5545],[-119.1412,53.5658],[-119.1616,53.5618],[-119.2231,53.59],[-119.221,53.6107],[-119.2045,53.6256],[-119.1913,53.6211],[-119.1973,53.6313],[-119.1612,53.6089],[-119.1811,53.6407],[-119.1635,53.6408],[-119.1617,53.651],[-119.1095,53.647],[-119.1337,53.6388]]],[[[-119.2622,53.7081],[-119.1887,53.6764],[-119.2421,53.6813],[-119.2395,53.6707],[-119.2795,53.6624],[-119.2632,53.6217],[-119.2834,53.6464],[-119.3097,53.6502],[-119.2936,53.6515],[-119.3415,53.6764],[-119.3176,53.6921],[-119.3044,53.6755],[-119.287,53.6755],[-119.2767,53.6904],[-119.2591,53.6856],[-119.2933,53.7061],[-119.2622,53.7081]]],[[[-119.2448,53.7473],[-119.2163,53.7455],[-119.2269,53.7339],[-119.2162,53.7219],[-119.193,53.7378],[-119.1793,53.7285],[-119.1683,53.743],[-119.1846,53.7571],[-119.1479,53.762],[-119.1521,53.7506],[-119.1365,53.7464],[-119.1618,53.7339],[-119.1423,53.7293],[-119.141,53.7054],[-119.1296,53.7224],[-119.1027,53.7161],[-119.1226,53.7324],[-119.0962,53.7359],[-119.1119,53.7486],[-119.0831,53.7472],[-119.1009,53.7674],[-119.0475,53.755],[-119.0693,53.7539],[-119.0564,53.7465],[-119.0729,53.7423],[-119.0491,53.7263],[-119.0901,53.7261],[-119.052,53.7134],[-119.07,53.6928],[-119.0549,53.6943],[-119.07,53.6877],[-119.228,53.7176],[-119.2874,53.7568],[-119.2457,53.7559],[-119.2283,53.7713],[-119.2208,53.7608],[-119.2448,53.7473]]],[[[-119.3465,53.7382],[-119.2929,53.7225],[-119.2685,53.7186],[-119.3083,53.7131],[-119.354,53.7259],[-119.3465,53.7382]]],[[[-119.1238,53.7966],[-119.1482,53.7877],[-119.1547,53.7912],[-119.1238,53.7966]]],[[[-119.6604,53.7786],[-119.5949,53.7823],[-119.6153,53.7575],[-119.5666,53.7803],[-119.5535,53.7738],[-119.5712,53.7563],[-119.5284,53.7669],[-119.4926,53.7436],[-119.542,53.7472],[-119.5627,53.7356],[-119.593,53.7525],[-119.5864,53.7344],[-119.6146,53.7359],[-119.5814,53.7238],[-119.5934,53.7122],[-119.6659,53.7013],[-119.6278,53.6918],[-119.6362,53.679],[-119.6048,53.6824],[-119.6143,53.6685],[-119.5983,53.6635],[-119.5861,53.6762],[-119.5752,53.6711],[-119.5758,53.6901],[-119.5507,53.7128],[-119.5379,53.7185],[-119.543,53.7029],[-119.508,53.7145],[-119.5509,53.6837],[-119.5315,53.6783],[-119.5122,53.6903],[-119.5278,53.6622],[-119.5579,53.6685],[-119.6162,53.6522],[-119.6038,53.6366],[-119.5839,53.6505],[-119.5413,53.6411],[-119.5849,53.6253],[-119.6305,53.644],[-119.6949,53.6503],[-119.7202,53.6725],[-119.7167,53.6874],[-119.6761,53.6594],[-119.6308,53.6649],[-119.6658,53.6811],[-119.6965,53.7162],[-119.6652,53.7101],[-119.6947,53.739],[-119.6899,53.7607],[-119.6722,53.7544],[-119.6798,53.7356],[-119.6564,53.7352],[-119.652,53.7174],[-119.6345,53.717],[-119.6228,53.7322],[-119.6391,53.7528],[-119.624,53.7544],[-119.6536,53.7624],[-119.6604,53.7786]]],[[[-119.4645,53.8009],[-119.4815,53.7998],[-119.5038,53.808],[-119.4645,53.8009]]],[[[-119.5275,53.8115],[-119.5254,53.8226],[-119.518,53.8159],[-119.5275,53.8115]]],[[[-119.5498,53.8255],[-119.5403,53.8259],[-119.5378,53.8197],[-119.5429,53.818],[-119.5498,53.8255]]],[[[-119.3874,53.8907],[-119.3811,53.8839],[-119.3948,53.8706],[-119.2883,53.8853],[-119.2859,53.8551],[-119.2671,53.853],[-119.2596,53.8383],[-119.2817,53.829],[-119.2945,53.8417],[-119.3206,53.825],[-119.312,53.8399],[-119.3227,53.8749],[-119.3473,53.87],[-119.3594,53.8356],[-119.3717,53.8577],[-119.3839,53.8589],[-119.3905,53.8407],[-119.4293,53.8492],[-119.428,53.8324],[-119.3723,53.8103],[-119.4003,53.8074],[-119.4452,53.8298],[-119.5352,53.8308],[-119.5179,53.8461],[-119.5151,53.8365],[-119.4873,53.836],[-119.4986,53.8571],[-119.4869,53.8637],[-119.4632,53.8357],[-119.447,53.8394],[-119.4622,53.8594],[-119.4503,53.8575],[-119.4585,53.8677],[-119.4491,53.8682],[-119.4664,53.8795],[-119.411,53.8961],[-119.4363,53.8746],[-119.4254,53.8688],[-119.3874,53.8907]]],[[[-119.3512,53.9133],[-119.3075,53.9023],[-119.3191,53.8938],[-119.3512,53.9133]]],[[[-119.5712,53.9185],[-119.5735,53.9056],[-119.5525,53.9185],[-119.5393,53.9029],[-119.5127,53.914],[-119.5604,53.8869],[-119.5772,53.8964],[-119.6102,53.8822],[-119.6446,53.8903],[-119.6273,53.9037],[-119.6119,53.8941],[-119.598,53.9146],[-119.5712,53.9185]]],[[[-119.7599,53.8961],[-119.7165,53.891],[-119.6814,53.8854],[-119.6939,53.8748],[-119.7818,53.8792],[-119.7599,53.8961]]],[[[-119.7836,53.8922],[-119.8011,53.8817],[-119.8245,53.8947],[-119.795,53.901],[-119.7963,53.8916],[-119.7836,53.8922]]],[[[-119.794,53.9393],[-119.7634,53.9172],[-119.7178,53.9087],[-119.7386,53.9009],[-119.7875,53.9198],[-119.7786,53.9255],[-119.794,53.9393]]],[[[-119.7211,53.9907],[-119.6474,53.9859],[-119.6506,53.971],[-119.6355,53.9746],[-119.6188,53.9575],[-119.6081,53.9665],[-119.6175,53.9844],[-119.5867,53.9847],[-119.5933,53.9519],[-119.564,53.9744],[-119.5692,53.9478],[-119.5306,53.9709],[-119.4707,53.9461],[-119.4986,53.9361],[-119.5291,53.9543],[-119.5332,53.9359],[-119.6189,53.9454],[-119.6147,53.925],[-119.659,53.9227],[-119.6642,53.9132],[-119.6358,53.9153],[-119.6582,53.9053],[-119.7241,53.9327],[-119.7432,53.957],[-119.791,53.9687],[-119.7834,53.9846],[-119.7594,53.9835],[-119.761,53.9709],[-119.7105,53.9539],[-119.7172,53.9446],[-119.698,53.9277],[-119.6806,53.9514],[-119.6687,53.9446],[-119.6698,53.9275],[-119.6502,53.9299],[-119.6469,53.9577],[-119.7211,53.9907]]],[[[-119.4646,54.0083],[-119.4419,53.9948],[-119.4805,54.002],[-119.4646,54.0083]]],[[[-119.3422,54.0394],[-119.3486,54.034],[-119.3166,54.0186],[-119.3526,54.0328],[-119.3877,54.0226],[-119.4287,54.0341],[-119.3422,54.0394]]],[[[-119.3899,54.0606],[-119.3515,54.0522],[-119.3647,54.048],[-119.3899,54.0606]]],[[[-119.6262,54.0455],[-119.6004,54.0404],[-119.6015,54.024],[-119.6262,54.0455]]],[[[-119.465,54.0929],[-119.3878,54.0688],[-119.4333,54.066],[-119.4292,54.079],[-119.4482,54.0731],[-119.4581,54.0797],[-119.4457,54.0826],[-119.465,54.0929]]],[[[-119.8244,54.0091],[-119.8307,53.9906],[-119.8749,53.9878],[-119.8383,54.0144],[-119.8244,54.0091]]],[[[-119.6025,54.0742],[-119.5979,54.0652],[-119.6226,54.0695],[-119.6025,54.0742]]],[[[-119.8407,54.05],[-119.8058,54.0376],[-119.8502,54.049],[-119.8407,54.05]]],[[[-119.9463,54.0565],[-119.9161,54.0493],[-119.8755,54.0444],[-119.9231,54.0262],[-119.9463,54.0565]]],[[[-119.8265,54.19],[-119.8127,54.1953],[-119.8234,54.1832],[-119.8049,54.1809],[-119.8243,54.1723],[-119.8067,54.1735],[-119.8104,54.1626],[-119.7949,54.1579],[-119.7751,54.1742],[-119.7617,54.1716],[-119.7683,54.1584],[-119.7464,54.1632],[-119.7487,54.153],[-119.7121,54.1612],[-119.7315,54.144],[-119.7168,54.1448],[-119.7165,54.1397],[-119.6933,54.1365],[-119.6872,54.1292],[-119.74,54.1335],[-119.7758,54.1546],[-119.7992,54.1523],[-119.7846,54.1411],[-119.8043,54.1326],[-119.8102,54.151],[-119.8387,54.1429],[-119.9003,54.1652],[-119.8776,54.1593],[-119.8693,54.1719],[-119.8648,54.1559],[-119.8234,54.1532],[-119.8208,54.1624],[-119.8381,54.1686],[-119.8299,54.1816],[-119.8484,54.1895],[-119.8354,54.2003],[-119.8265,54.19]]],[[[-120.0,54.1865],[-119.9937,54.1728],[-119.9667,54.1551],[-120.0,54.1605],[-120.0,54.1865]]],[[[-120.0,54.1879],[-119.981,54.208],[-119.991,54.1952],[-119.9672,54.1999],[-119.9667,54.1903],[-119.9366,54.201],[-119.9562,54.1837],[-120.0,54.1879]]],[[[-119.9454,54.2324],[-119.9175,54.2273],[-119.9022,54.2276],[-119.9322,54.2208],[-119.9454,54.2324]]],[[[-120.0,54.2865],[-119.9891,54.3104],[-119.9789,54.3048],[-119.9866,54.2857],[-119.9555,54.2904],[-119.9032,54.2656],[-119.9508,54.2799],[-119.9847,54.2736],[-120.0,54.2865]]],[[[-119.9955,54.441],[-120.0,54.4333],[-120.0,54.4415],[-119.9955,54.441]]],[[[-119.9996,54.4459],[-120.0,54.4454],[-120.0,54.4468],[-119.9996,54.4459]]],[[[-117.8218,52.2795],[-117.747,52.3148],[-117.7429,52.3291],[-117.7385,52.3137],[-117.7511,52.2932],[-117.7717,52.2926],[-117.7723,52.2591],[-117.7947,52.2486],[-117.7937,52.2341],[-117.8218,52.2627],[-117.8218,52.2795]]],[[[-118.2159,52.3717],[-118.2186,52.3872],[-118.1968,52.3728],[-118.2159,52.3717]]],[[[-118.2312,52.4152],[-118.234,52.4083],[-118.2346,52.4187],[-118.2312,52.4152]]],[[[-117.7202,52.3791],[-117.7625,52.4134],[-117.893,52.4278],[-117.9551,52.4584],[-117.9919,52.5001],[-118.0314,52.4557],[-118.0601,52.4557],[-118.0386,52.424],[-118.0565,52.4021],[-118.1389,52.4061],[-118.1798,52.3854],[-118.2018,52.4073],[-118.1823,52.4066],[-118.1803,52.4299],[-118.13,52.4526],[-118.0837,52.4306],[-118.0761,52.4652],[-118.0909,52.4883],[-118.0604,52.4715],[-118.049,52.4753],[-118.0675,52.4874],[-118.0584,52.493],[-118.0719,52.4964],[-118.0697,52.5062],[-118.0265,52.4903],[-118.0183,52.5015],[-118.0505,52.5167],[-118.0269,52.5359],[-117.975,52.4915],[-117.9381,52.4915],[-117.9396,52.5023],[-117.9641,52.5019],[-117.9541,52.514],[-117.9681,52.5167],[-117.9524,52.5201],[-117.9729,52.5277],[-117.9343,52.5245],[-117.9536,52.5419],[-117.9462,52.5497],[-117.9884,52.5411],[-118.0254,52.5669],[-118.0132,52.5857],[-117.9949,52.5585],[-117.9901,52.6027],[-117.9453,52.6212],[-117.9411,52.6061],[-117.9602,52.572],[-117.9498,52.5603],[-117.9212,52.6062],[-117.8915,52.5854],[-117.8921,52.573],[-117.8675,52.5766],[-117.8657,52.5512],[-117.8465,52.5656],[-117.8389,52.5593],[-117.8603,52.5324],[-117.8785,52.5296],[-117.8938,52.4968],[-117.8489,52.5053],[-117.8511,52.5198],[-117.835,52.5207],[-117.8325,52.5374],[-117.8025,52.5416],[-117.8098,52.5524],[-117.7743,52.5294],[-117.8544,52.4771],[-117.9138,52.4654],[-117.9383,52.4723],[-117.9258,52.4529],[-117.869,52.4597],[-117.8909,52.4428],[-117.8561,52.43],[-117.848,52.4448],[-117.8339,52.4262],[-117.8466,52.4617],[-117.8198,52.4722],[-117.8046,52.4306],[-117.781,52.4191],[-117.8006,52.4777],[-117.7847,52.478],[-117.7783,52.4543],[-117.7596,52.4507],[-117.7761,52.4904],[-117.7297,52.4816],[-117.7678,52.4991],[-117.7292,52.5251],[-117.717,52.5201],[-117.7382,52.5071],[-117.7105,52.5127],[-117.6946,52.485],[-117.7234,52.4637],[-117.6972,52.4686],[-117.6882,52.4441],[-117.7201,52.4327],[-117.6865,52.428],[-117.7101,52.4039],[-117.74,52.4038],[-117.7036,52.3925],[-117.7202,52.3791]]],[[[-118.1922,52.4709],[-118.2199,52.4896],[-118.1628,52.4933],[-118.1462,52.5174],[-118.1283,52.5058],[-118.2156,52.4399],[-118.2384,52.4349],[-118.2449,52.4447],[-118.1922,52.4709]]],[[[-118.1122,52.528],[-118.1177,52.5237],[-118.1362,52.5268],[-118.1122,52.528]]],[[[-118.2454,52.4942],[-118.2786,52.5317],[-118.264,52.5582],[-118.3291,52.5881],[-118.3477,52.616],[-118.3251,52.646],[-118.2914,52.6541],[-118.2852,52.6738],[-118.3367,52.7175],[-118.2601,52.6757],[-118.281,52.6621],[-118.2233,52.629],[-118.2199,52.6571],[-118.1536,52.6302],[-118.1825,52.648],[-118.1541,52.6714],[-118.1228,52.6657],[-118.1401,52.6406],[-118.1089,52.659],[-118.0867,52.6462],[-118.1057,52.6777],[-118.0742,52.6917],[-118.0562,52.6738],[-118.0329,52.6718],[-118.0369,52.6852],[-118.0209,52.6848],[-118.0408,52.7031],[-118.028,52.7147],[-118.0159,52.6941],[-118.0235,52.726],[-117.9836,52.7055],[-117.9889,52.6694],[-118.0254,52.6585],[-118.0124,52.6491],[-118.0215,52.6393],[-118.0565,52.6285],[-118.0387,52.6552],[-118.0709,52.631],[-118.0873,52.6385],[-118.0983,52.6301],[-118.0821,52.621],[-118.114,52.6142],[-118.0966,52.6038],[-118.1484,52.6027],[-118.1978,52.622],[-118.1453,52.5871],[-118.1879,52.5815],[-118.1916,52.5996],[-118.213,52.5915],[-118.2093,52.6032],[-118.2211,52.5909],[-118.2304,52.5992],[-118.2202,52.61],[-118.2382,52.6002],[-118.2403,52.6122],[-118.2542,52.605],[-118.255,52.6186],[-118.2619,52.6077],[-118.2857,52.6226],[-118.3024,52.6116],[-118.2943,52.5952],[-118.312,52.5849],[-118.2623,52.5791],[-118.2523,52.5675],[-118.2617,52.542],[-118.2359,52.5564],[-118.2071,52.541],[-118.2137,52.555],[-118.2026,52.5559],[-118.2154,52.5631],[-118.1679,52.5529],[-118.103,52.5633],[-118.1088,52.5485],[-118.18,52.5375],[-118.1785,52.5268],[-118.1936,52.5286],[-118.1907,52.5157],[-118.2491,52.518],[-118.2454,52.4942]]],[[[-118.3372,52.7412],[-118.322,52.7416],[-118.3105,52.7274],[-118.3258,52.7272],[-118.3372,52.7412]]],[[[-118.2587,52.8368],[-118.1948,52.8352],[-118.193,52.8236],[-118.1784,52.8402],[-118.1159,52.8265],[-118.1576,52.7897],[-118.1209,52.803],[-118.0995,52.7882],[-118.1874,52.7531],[-118.143,52.7581],[-118.1725,52.7288],[-118.1693,52.7163],[-118.1512,52.7333],[-118.1313,52.7212],[-118.142,52.7395],[-118.0845,52.7655],[-118.0759,52.7462],[-118.0962,52.7066],[-118.1494,52.6897],[-118.17,52.6956],[-118.1798,52.6782],[-118.2526,52.7022],[-118.2613,52.7236],[-118.2155,52.7095],[-118.2194,52.719],[-118.2079,52.7202],[-118.2651,52.7356],[-118.2748,52.7506],[-118.2505,52.749],[-118.2719,52.7566],[-118.2811,52.7798],[-118.269,52.7985],[-118.2485,52.7811],[-118.2276,52.7821],[-118.2401,52.7852],[-118.2375,52.7988],[-118.2185,52.8152],[-118.2509,52.8178],[-118.2587,52.8368]]],[[[-118.4169,52.7796],[-118.3842,52.8472],[-118.4005,52.851],[-118.3607,52.854],[-118.3872,52.8378],[-118.3865,52.829],[-118.4107,52.7894],[-118.3754,52.7794],[-118.3811,52.7911],[-118.3683,52.7918],[-118.361,52.8207],[-118.3461,52.8182],[-118.3439,52.8404],[-118.2957,52.8397],[-118.3117,52.8242],[-118.297,52.8096],[-118.3144,52.7927],[-118.3105,52.7733],[-118.3601,52.7681],[-118.3381,52.7552],[-118.35,52.7423],[-118.4169,52.7796]]],[[[-118.0012,53.0064],[-117.9502,53.0013],[-117.9516,52.9881],[-117.9342,52.9957],[-117.9519,52.9686],[-117.935,52.9708],[-117.9386,52.9529],[-117.9203,52.9546],[-117.9147,52.9436],[-117.887,52.9477],[-117.9058,52.9577],[-117.8939,52.9802],[-117.864,52.9563],[-117.8501,52.9723],[-117.8484,52.9481],[-117.8745,52.9295],[-117.843,52.9172],[-117.8575,52.9313],[-117.8377,52.9398],[-117.8344,52.9254],[-117.8171,52.9438],[-117.7897,52.9238],[-117.8106,52.9029],[-117.7921,52.9102],[-117.7936,52.8917],[-117.7427,52.8649],[-117.8276,52.8934],[-117.8439,52.9141],[-117.9793,52.9423],[-117.9877,52.9488],[-117.9499,52.9502],[-117.9824,52.9676],[-117.9694,52.9684],[-117.9793,52.9853],[-118.0042,52.9841],[-117.9815,52.9959],[-118.0216,53.0028],[-118.0361,53.0224],[-118.0121,53.022],[-118.0012,53.0064]]],[[[-118.1382,52.995],[-118.117,52.9792],[-118.144,52.9943],[-118.1382,52.995]]],[[[-117.9599,53.0569],[-117.9316,53.0529],[-117.9479,53.0478],[-117.935,53.0301],[-117.9066,53.046],[-117.921,53.0332],[-117.9169,53.0065],[-117.953,53.0162],[-118.0143,53.0581],[-117.9678,53.0509],[-117.9678,53.0649],[-117.9521,53.0616],[-117.9599,53.0569]]],[[[-118.6106,52.9356],[-118.6483,52.9524],[-118.6655,52.9802],[-118.6359,52.9992],[-118.611,52.9663],[-118.6471,52.9758],[-118.642,52.9578],[-118.6033,52.9473],[-118.5981,52.9308],[-118.572,52.9196],[-118.5989,52.9107],[-118.6029,52.8962],[-118.5592,52.9023],[-118.5666,52.893],[-118.6121,52.8855],[-118.603,52.9041],[-118.6144,52.915],[-118.6106,52.9356]]],[[[-118.4317,53.0861],[-118.4746,53.0567],[-118.4541,53.0365],[-118.4181,53.029],[-118.4334,53.0535],[-118.4153,53.0556],[-118.4223,53.0683],[-118.386,53.1084],[-118.3633,53.0948],[-118.3756,53.0637],[-118.3588,53.0383],[-118.3497,53.0372],[-118.3514,53.0656],[-118.3349,53.0842],[-118.2556,53.0276],[-118.2777,53.0103],[-118.3139,53.0155],[-118.3059,53.0012],[-118.3139,52.9947],[-118.3523,52.9916],[-118.4036,53.0088],[-118.4217,52.994],[-118.3702,52.9765],[-118.3455,52.9544],[-118.3343,52.9771],[-118.3127,52.9706],[-118.2743,52.9922],[-118.2753,52.9469],[-118.2636,52.9439],[-118.2543,52.9716],[-118.2484,52.9501],[-118.2334,52.9679],[-118.2022,52.9361],[-118.2052,52.9613],[-118.2465,52.9957],[-118.2322,53.0145],[-118.1906,53.0078],[-118.1977,52.9937],[-118.179,53.0038],[-118.194,52.9844],[-118.1648,52.9813],[-118.1656,52.9601],[-118.1473,52.9687],[-118.1232,52.9514],[-118.1801,52.9311],[-118.1748,52.918],[-118.1998,52.9161],[-118.3273,52.9374],[-118.3208,52.9528],[-118.3449,52.936],[-118.4024,52.9534],[-118.4134,52.9438],[-118.4349,52.9589],[-118.4193,52.9333],[-118.4746,52.9696],[-118.4766,52.9919],[-118.4556,52.9795],[-118.4689,53.0025],[-118.4571,53.0083],[-118.4803,53.0085],[-118.4733,53.0255],[-118.4936,53.0207],[-118.5029,53.0424],[-118.5321,53.0443],[-118.5052,53.0],[-118.5159,52.9812],[-118.5078,52.9591],[-118.4753,52.9338],[-118.4952,52.9283],[-118.5094,52.9475],[-118.5673,52.954],[-118.5757,52.9865],[-118.533,52.9707],[-118.5544,52.9914],[-118.5501,53.0049],[-118.599,53.0002],[-118.5581,53.017],[-118.555,53.0271],[-118.615,53.0162],[-118.6405,53.0434],[-118.6319,53.0765],[-118.6101,53.0733],[-118.585,53.0395],[-118.5829,53.0681],[-118.5711,53.0685],[-118.5807,53.0809],[-118.556,53.0583],[-118.5264,53.0518],[-118.5534,53.0853],[-118.529,53.0867],[-118.524,53.0729],[-118.5007,53.0676],[-118.5081,53.0899],[-118.4743,53.0815],[-118.4899,53.1017],[-118.4625,53.0982],[-118.4544,53.1106],[-118.4158,53.1142],[-118.4317,53.0861]]],[[[-118.1055,53.1413],[-118.0864,53.1035],[-118.1543,53.151],[-118.1476,53.1576],[-118.1055,53.1413]]],[[[-118.1797,53.1631],[-118.194,53.165],[-118.1997,53.1768],[-118.1783,53.1777],[-118.1797,53.1631]]],[[[-118.391,53.3163],[-118.3726,53.3018],[-118.3753,53.2806],[-118.3553,53.2958],[-118.3224,53.2736],[-118.352,53.2758],[-118.3868,53.2604],[-118.3691,53.2611],[-118.3916,53.2145],[-118.361,53.2275],[-118.3483,53.2513],[-118.337,53.2409],[-118.3078,53.245],[-118.3085,53.2589],[-118.2494,53.2279],[-118.3154,53.234],[-118.2998,53.2175],[-118.3196,53.2029],[-118.3584,53.2037],[-118.3493,53.1978],[-118.3783,53.1921],[-118.3769,53.1758],[-118.3438,53.1602],[-118.333,53.1635],[-118.3493,53.1732],[-118.3319,53.187],[-118.304,53.1779],[-118.3003,53.1934],[-118.2806,53.2017],[-118.2677,53.1883],[-118.2598,53.2066],[-118.2251,53.2125],[-118.1997,53.1925],[-118.2487,53.1963],[-118.3,53.1427],[-118.2505,53.1518],[-118.2579,53.1587],[-118.2289,53.1749],[-118.2096,53.1583],[-118.2167,53.1455],[-118.2599,53.1322],[-118.2681,53.1158],[-118.2226,53.1275],[-118.2126,53.1063],[-118.2014,53.1072],[-118.2056,53.1182],[-118.1937,53.1239],[-118.2056,53.1315],[-118.1697,53.1325],[-118.165,53.1155],[-118.1499,53.1157],[-118.1342,53.0966],[-118.1855,53.0835],[-118.1406,53.0735],[-118.1958,53.0641],[-118.1514,53.0553],[-118.1668,53.0536],[-118.1651,53.0354],[-118.2236,53.052],[-118.2492,53.0739],[-118.236,53.0888],[-118.2627,53.0853],[-118.3364,53.1463],[-118.3853,53.1463],[-118.3889,53.1641],[-118.4161,53.1503],[-118.4346,53.169],[-118.4238,53.1825],[-118.4475,53.1831],[-118.4514,53.166],[-118.5092,53.164],[-118.4961,53.1448],[-118.4424,53.1442],[-118.4687,53.1344],[-118.5216,53.1254],[-118.5567,53.133],[-118.5552,53.1495],[-118.5747,53.1394],[-118.6196,53.1434],[-118.6183,53.132],[-118.5974,53.1356],[-118.5588,53.1176],[-118.6065,53.1074],[-118.6566,53.131],[-118.664,53.1239],[-118.6752,53.1491],[-118.6611,53.1522],[-118.7039,53.1692],[-118.697,53.2088],[-118.6692,53.2044],[-118.6819,53.2213],[-118.6639,53.2154],[-118.669,53.2319],[-118.6449,53.2373],[-118.6306,53.226],[-118.6298,53.1992],[-118.6468,53.1956],[-118.665,53.1833],[-118.5802,53.1783],[-118.6044,53.1997],[-118.5975,53.2241],[-118.5791,53.2098],[-118.6013,53.2401],[-118.5921,53.244],[-118.6113,53.2493],[-118.5943,53.26],[-118.5772,53.2525],[-118.5851,53.2629],[-118.5699,53.2701],[-118.5708,53.2839],[-118.5396,53.2921],[-118.526,53.2868],[-118.5428,53.274],[-118.5263,53.2747],[-118.5271,53.2613],[-118.5587,53.2331],[-118.5567,53.1953],[-118.5339,53.2094],[-118.501,53.195],[-118.5399,53.228],[-118.5125,53.2492],[-118.5025,53.2474],[-118.5082,53.238],[-118.4834,53.2443],[-118.4847,53.2321],[-118.473,53.2339],[-118.4592,53.213],[-118.4128,53.1994],[-118.4374,53.2165],[-118.4326,53.227],[-118.4524,53.2266],[-118.4568,53.243],[-118.4916,53.2611],[-118.4443,53.2491],[-118.4942,53.2698],[-118.4954,53.2887],[-118.4831,53.2967],[-118.4691,53.2786],[-118.4756,53.2955],[-118.448,53.2967],[-118.4506,53.3145],[-118.4361,53.3045],[-118.436,53.3261],[-118.4137,53.3097],[-118.423,53.2914],[-118.3996,53.3028],[-118.4055,53.2839],[-118.3905,53.2965],[-118.4159,53.3325],[-118.3609,53.3122],[-118.391,53.3163]]],[[[-118.7613,53.0785],[-118.7267,53.1139],[-118.7716,53.1306],[-118.6573,53.0982],[-118.7613,53.0785]]],[[[-118.2333,53.3332],[-118.2529,53.3579],[-118.2012,53.3309],[-118.1946,53.3485],[-118.1742,53.3398],[-118.1649,53.3425],[-118.1719,53.3545],[-118.1518,53.3508],[-118.1133,53.3133],[-118.1553,53.333],[-118.1884,53.3258],[-118.1822,53.3156],[-118.1666,53.3193],[-118.1716,53.311],[-118.0891,53.2833],[-118.0792,53.2906],[-118.013,53.2231],[-118.0403,53.2314],[-118.04,53.2129],[-118.0527,53.2222],[-118.0483,53.2368],[-118.0643,53.2299],[-118.0618,53.2189],[-118.0759,53.2207],[-118.1045,53.2503],[-118.0671,53.2471],[-118.0713,53.2621],[-118.1544,53.3011],[-118.1467,53.2846],[-118.1682,53.288],[-118.1681,53.3065],[-118.1869,53.3031],[-118.2155,53.3178],[-118.2106,53.3246],[-118.2351,53.3272],[-118.2798,53.3569],[-118.2333,53.3332]]],[[[-118.2127,53.3491],[-118.224,53.3541],[-118.2318,53.3703],[-118.2123,53.3658],[-118.2127,53.3491]]],[[[-118.2926,53.4182],[-118.2406,53.3895],[-118.2328,53.4023],[-118.1767,53.3652],[-118.2696,53.3919],[-118.2701,53.4051],[-118.2926,53.4182]]],[[[-118.2232,53.4318],[-118.1878,53.4034],[-118.2298,53.4256],[-118.2232,53.4318]]],[[[-118.1878,53.4286],[-118.1792,53.4307],[-118.1767,53.4256],[-118.1878,53.4286]]],[[[-118.4887,53.4922],[-118.4983,53.4721],[-118.463,53.4816],[-118.4757,53.4582],[-118.4524,53.4721],[-118.4307,53.4672],[-118.3993,53.4374],[-118.4393,53.4485],[-118.4538,53.448],[-118.4517,53.4369],[-118.4715,53.4484],[-118.4846,53.4455],[-118.4835,53.4341],[-118.5867,53.4637],[-118.5605,53.4771],[-118.551,53.4667],[-118.5457,53.4806],[-118.502,53.4943],[-118.4887,53.4922]]],[[[-118.3061,53.5049],[-118.3322,53.5011],[-118.3549,53.5104],[-118.3271,53.515],[-118.3061,53.5049]]],[[[-119.1635,53.5398],[-119.1521,53.5233],[-119.136,53.5366],[-119.1226,53.5313],[-119.1173,53.5082],[-119.0999,53.5256],[-118.9988,53.4946],[-118.9468,53.5015],[-118.9263,53.4918],[-118.8764,53.5102],[-118.8639,53.4961],[-118.8929,53.4711],[-118.8502,53.477],[-118.8382,53.4521],[-118.8047,53.4495],[-118.7947,53.4354],[-118.7881,53.4467],[-118.8169,53.4638],[-118.8394,53.51],[-118.8176,53.5383],[-118.8061,53.5204],[-118.7768,53.5171],[-118.7895,53.5088],[-118.7603,53.5071],[-118.7756,53.4953],[-118.7531,53.4978],[-118.7579,53.4851],[-118.7299,53.4754],[-118.7345,53.493],[-118.7185,53.4956],[-118.5377,53.4168],[-118.5431,53.4052],[-118.6127,53.4406],[-118.6432,53.4444],[-118.6365,53.4357],[-118.6987,53.4543],[-118.6958,53.4386],[-118.7504,53.4089],[-118.6755,53.4278],[-118.6127,53.408],[-118.5839,53.3818],[-118.665,53.4005],[-118.6912,53.3949],[-118.5871,53.3716],[-118.5977,53.3623],[-118.5694,53.3447],[-118.5862,53.3413],[-118.5809,53.3292],[-118.6586,53.3557],[-118.6486,53.3661],[-118.6787,53.3597],[-118.7453,53.3777],[-118.8444,53.4273],[-118.8866,53.4299],[-118.9607,53.4605],[-119.0466,53.4508],[-119.0747,53.4586],[-119.0943,53.4837],[-119.1721,53.4682],[-119.1916,53.5187],[-119.2352,53.5646],[-119.1635,53.5398]]],[[[-118.5434,53.6511],[-118.4914,53.6547],[-118.4665,53.6468],[-118.5505,53.6282],[-118.5435,53.604],[-118.5331,53.6168],[-118.4751,53.6254],[-118.5024,53.6131],[-118.4916,53.6094],[-118.4958,53.5935],[-118.519,53.5911],[-118.5139,53.5831],[-118.4831,53.5933],[-118.4918,53.5763],[-118.4703,53.5693],[-118.4622,53.5936],[-118.4422,53.5779],[-118.4023,53.5796],[-118.4187,53.56],[-118.397,53.5659],[-118.3848,53.5555],[-118.3611,53.5583],[-118.3785,53.5704],[-118.3537,53.5682],[-118.3726,53.5809],[-118.3581,53.5782],[-118.3584,53.5877],[-118.3342,53.5904],[-118.3365,53.5786],[-118.3135,53.5709],[-118.305,53.5773],[-118.3136,53.5867],[-118.2832,53.5784],[-118.2985,53.5664],[-118.2475,53.554],[-118.2059,53.5273],[-118.1963,53.5127],[-118.2086,53.5065],[-118.2305,53.5383],[-118.2513,53.5279],[-118.2562,53.5546],[-118.2679,53.5567],[-118.2752,53.5403],[-118.3207,53.5651],[-118.3603,53.5535],[-118.3382,53.5459],[-118.3415,53.5372],[-118.3219,53.5419],[-118.3157,53.5189],[-118.3634,53.522],[-118.3589,53.5337],[-118.3936,53.548],[-118.3838,53.5261],[-118.4043,53.529],[-118.3933,53.5121],[-118.4019,53.508],[-118.4122,53.5265],[-118.4357,53.5225],[-118.4173,53.545],[-118.4244,53.5511],[-118.4434,53.5363],[-118.4507,53.5618],[-118.4644,53.5472],[-118.4571,53.5232],[-118.4791,53.5239],[-118.4754,53.5497],[-118.492,53.5463],[-118.4981,53.5615],[-118.5064,53.5382],[-118.539,53.5368],[-118.5139,53.519],[-118.6374,53.5656],[-118.613,53.5879],[-118.6055,53.5681],[-118.5334,53.5444],[-118.5387,53.5628],[-118.5602,53.5608],[-118.5472,53.5769],[-118.5693,53.5685],[-118.5653,53.584],[-118.5802,53.5806],[-118.5626,53.6014],[-118.5818,53.5907],[-118.6024,53.607],[-118.5729,53.606],[-118.5665,53.6173],[-118.6043,53.6328],[-118.5618,53.6311],[-118.5641,53.6433],[-118.5377,53.6413],[-118.5434,53.6511]]],[[[-118.4407,53.627],[-118.4314,53.5996],[-118.4196,53.5994],[-118.4183,53.6156],[-118.3757,53.5925],[-118.4361,53.5843],[-118.4631,53.604],[-118.4437,53.6036],[-118.4598,53.6234],[-118.4407,53.627]]],[[[-118.7235,53.6747],[-118.7101,53.6541],[-118.7269,53.6573],[-118.7177,53.6421],[-118.7622,53.6494],[-118.7631,53.6351],[-118.7441,53.6387],[-118.7301,53.6282],[-118.7493,53.6305],[-118.751,53.6185],[-118.8194,53.623],[-118.8083,53.6127],[-118.8172,53.5962],[-118.7748,53.5939],[-118.7689,53.6025],[-118.7543,53.6054],[-118.7392,53.6001],[-118.7398,53.5801],[-118.7041,53.5937],[-118.719,53.611],[-118.6921,53.6057],[-118.703,53.618],[-118.6275,53.6013],[-118.6634,53.6031],[-118.6462,53.5866],[-118.6573,53.5778],[-118.6867,53.5848],[-118.7326,53.555],[-118.6991,53.5709],[-118.6745,53.5672],[-118.6809,53.5331],[-118.6682,53.5506],[-118.6454,53.5532],[-118.5603,53.5099],[-118.5713,53.5052],[-118.5496,53.4906],[-118.5827,53.4746],[-118.6032,53.4823],[-118.598,53.4699],[-118.6209,53.4938],[-118.6351,53.4836],[-118.6423,53.4993],[-118.6533,53.4892],[-118.7226,53.5192],[-118.7785,53.5263],[-118.7844,53.5407],[-118.8319,53.5594],[-118.8218,53.5696],[-118.8534,53.5716],[-118.9689,53.6358],[-118.9566,53.643],[-118.8904,53.622],[-118.8453,53.648],[-118.8555,53.6165],[-118.8029,53.6602],[-118.7921,53.6427],[-118.7769,53.6614],[-118.7634,53.6534],[-118.7692,53.6712],[-118.7315,53.6656],[-118.7235,53.6747]]],[[[-118.5579,53.6547],[-118.5529,53.6608],[-118.5486,53.6575],[-118.5579,53.6547]]],[[[-118.6446,53.6572],[-118.6511,53.6463],[-118.6193,53.6418],[-118.6647,53.6391],[-118.6307,53.622],[-118.6532,53.6199],[-118.6407,53.6127],[-118.6925,53.6299],[-118.673,53.6366],[-118.6894,53.6438],[-118.673,53.6441],[-118.6817,53.6657],[-118.6646,53.6491],[-118.6446,53.6572]]],[[[-118.5879,53.6485],[-118.5848,53.6654],[-118.5792,53.6477],[-118.5879,53.6485]]],[[[-118.6987,53.7167],[-118.6079,53.6859],[-118.6686,53.6887],[-118.6948,53.7093],[-118.6927,53.6983],[-118.7147,53.704],[-118.6987,53.7167]]],[[[-118.982,53.6427],[-118.9812,53.6513],[-118.9746,53.6502],[-118.982,53.6427]]],[[[-118.7778,53.7052],[-118.7606,53.701],[-118.759,53.6979],[-118.7718,53.6926],[-118.7778,53.7052]]],[[[-118.6183,53.7339],[-118.587,53.7285],[-118.5868,53.7389],[-118.5524,53.72],[-118.6606,53.7392],[-118.6307,53.7397],[-118.6349,53.7518],[-118.6066,53.7431],[-118.6183,53.7339]]],[[[-118.9976,53.7141],[-118.9263,53.698],[-118.9185,53.6837],[-118.8972,53.6967],[-118.8496,53.6658],[-118.8612,53.6576],[-118.9239,53.6684],[-118.8825,53.6546],[-118.8986,53.6368],[-118.9919,53.6613],[-119.0019,53.6827],[-118.95,53.6672],[-118.9843,53.7062],[-119.0011,53.7042],[-118.9976,53.7141]]],[[[-118.7232,53.7117],[-118.7592,53.7321],[-118.7591,53.7346],[-118.7273,53.7271],[-118.7232,53.7117]]],[[[-115.5888,50.8426],[-115.6333,50.8477],[-115.6404,50.8747],[-115.5615,50.893],[-115.5697,50.9106],[-115.5917,50.9191],[-115.5622,50.9164],[-115.5392,50.8974],[-115.6327,50.8662],[-115.6298,50.8516],[-115.5972,50.8565],[-115.5888,50.8426]]],[[[-115.7493,51.064],[-115.8215,51.0846],[-115.7898,51.1013],[-115.7801,51.0773],[-115.7632,51.079],[-115.7656,51.101],[-115.7415,51.1085],[-115.7256,51.0862],[-115.7197,51.115],[-115.6978,51.0976],[-115.702,51.0809],[-115.75,51.05],[-115.7389,51.0311],[-115.7619,51.0441],[-115.7493,51.064]]],[[[-115.8908,51.0869],[-115.9229,51.092],[-115.9825,51.1246],[-115.9287,51.1101],[-115.9475,51.136],[-115.9264,51.1512],[-115.9033,51.1005],[-115.9199,51.0938],[-115.897,51.0945],[-115.8908,51.0869]]],[[[-115.8701,51.0887],[-115.891,51.1583],[-115.8826,51.174],[-115.8657,51.1657],[-115.8431,51.1262],[-115.8363,51.1417],[-115.86,51.1813],[-115.8428,51.1783],[-115.8302,51.1984],[-115.8031,51.1744],[-115.7899,51.1881],[-115.7962,51.1635],[-115.7705,51.167],[-115.791,51.1556],[-115.7915,51.1319],[-115.7519,51.1538],[-115.7395,51.139],[-115.7224,51.14],[-115.7694,51.1174],[-115.8107,51.1165],[-115.804,51.1103],[-115.8443,51.0866],[-115.8701,51.0887]]],[[[-115.9914,51.1261],[-116.0222,51.1786],[-115.9999,51.1943],[-116.0031,51.217],[-116.028,51.2271],[-115.9825,51.2227],[-115.9841,51.1964],[-115.9692,51.1863],[-115.9697,51.204],[-115.9543,51.2028],[-115.9538,51.2164],[-115.8531,51.2164],[-115.8985,51.1928],[-115.9216,51.2007],[-115.9323,51.1822],[-115.9758,51.1653],[-116.0103,51.1691],[-115.9854,51.1544],[-115.9891,51.1452],[-115.9718,51.1484],[-115.9942,51.1369],[-115.9914,51.1261]]],[[[-116.0534,51.2452],[-116.1042,51.2518],[-116.147,51.2647],[-116.1658,51.299],[-116.2575,51.3144],[-116.2747,51.3337],[-116.2766,51.3604],[-116.2999,51.3792],[-116.2816,51.4089],[-116.2907,51.4289],[-116.256,51.4293],[-116.2386,51.4162],[-116.2781,51.3786],[-116.2276,51.4035],[-116.2025,51.3924],[-116.2605,51.354],[-116.2534,51.3466],[-116.1903,51.3798],[-116.1683,51.3632],[-116.2145,51.3072],[-116.1808,51.3116],[-116.1712,51.3266],[-116.1452,51.2986],[-116.1566,51.3394],[-116.124,51.3393],[-116.0847,51.3035],[-116.1014,51.2947],[-116.041,51.2686],[-116.117,51.2667],[-116.0534,51.2452]]],[[[-116.3772,51.5326],[-116.4609,51.5687],[-116.466,51.599],[-116.5016,51.6275],[-116.5874,51.6575],[-116.5853,51.7134],[-116.6461,51.7585],[-116.6471,51.7969],[-116.6809,51.8128],[-116.7222,51.8015],[-116.7445,51.8141],[-116.7268,51.8218],[-116.7572,51.8326],[-116.7977,51.9009],[-116.7568,51.9249],[-116.7431,51.9034],[-116.7496,51.8908],[-116.7322,51.8848],[-116.7331,51.8697],[-116.7221,51.8745],[-116.7133,51.8502],[-116.7052,51.861],[-116.6651,51.8374],[-116.6807,51.8208],[-116.6546,51.8092],[-116.6423,51.8196],[-116.6401,51.7928],[-116.6162,51.8009],[-116.61,51.7599],[-116.5872,51.7757],[-116.5592,51.759],[-116.547,51.7428],[-116.5597,51.722],[-116.5339,51.7233],[-116.5466,51.6912],[-116.5116,51.7147],[-116.48,51.6909],[-116.5014,51.6604],[-116.4924,51.6485],[-116.4783,51.667],[-116.4609,51.6657],[-116.4325,51.64],[-116.3551,51.6296],[-116.3451,51.5987],[-116.4003,51.6044],[-116.4399,51.5821],[-116.4027,51.5875],[-116.3876,51.5831],[-116.3896,51.5701],[-116.3537,51.5655],[-116.3595,51.5572],[-116.3419,51.5514],[-116.2983,51.4863],[-116.3342,51.4893],[-116.3322,51.5174],[-116.3581,51.5315],[-116.3476,51.5122],[-116.3746,51.4969],[-116.3471,51.4775],[-116.3163,51.4703],[-116.3082,51.4628],[-116.366,51.481],[-116.3911,51.503],[-116.3772,51.5326]]],[[[-115.8117,51.9995],[-115.8332,51.9971],[-115.8434,51.9799],[-115.7992,51.9829],[-115.8199,51.9653],[-115.7874,51.9523],[-115.7825,51.9791],[-115.7652,51.9661],[-115.7732,51.9465],[-115.7374,51.9458],[-115.7476,51.9419],[-115.7423,51.9285],[-115.7201,51.9148],[-115.7549,51.9191],[-115.7752,51.9374],[-115.7986,51.9295],[-115.8026,51.9435],[-115.8189,51.925],[-115.7796,51.903],[-115.7348,51.8967],[-115.8136,51.8976],[-115.8084,51.8887],[-115.8279,51.8852],[-115.8269,51.9026],[-115.8427,51.8939],[-115.8485,51.9161],[-115.8659,51.9171],[-115.8678,51.9065],[-115.9126,51.9046],[-115.8659,51.8962],[-115.8503,51.8789],[-115.8943,51.8891],[-115.9177,51.8645],[-115.9486,51.8744],[-115.9518,51.8603],[-115.9897,51.8753],[-115.9902,51.8622],[-116.0084,51.8552],[-116.0357,51.8648],[-116.0343,51.8764],[-116.0758,51.8837],[-116.0221,51.8489],[-116.1143,51.8588],[-116.0812,51.8406],[-116.0973,51.815],[-116.1492,51.7978],[-116.2152,51.8103],[-116.2431,51.8053],[-116.2638,51.7915],[-116.2178,51.8007],[-116.1881,51.7908],[-116.1899,51.7824],[-116.1552,51.7852],[-116.2021,51.7271],[-116.2055,51.7],[-116.184,51.7242],[-116.1748,51.7192],[-116.1742,51.744],[-116.137,51.7771],[-116.1078,51.7602],[-116.0993,51.7057],[-116.0845,51.7308],[-116.1038,51.779],[-116.0902,51.7984],[-116.0553,51.8078],[-116.0338,51.7717],[-116.0373,51.8087],[-115.954,51.8366],[-115.9786,51.7958],[-115.961,51.7755],[-115.9593,51.8133],[-115.9105,51.8068],[-115.9306,51.8214],[-115.9304,51.8419],[-115.9074,51.8431],[-115.9031,51.8285],[-115.8872,51.8477],[-115.8011,51.8414],[-115.8853,51.787],[-115.8635,51.7838],[-115.8656,51.7728],[-115.8212,51.8155],[-115.7894,51.8213],[-115.782,51.8019],[-115.7644,51.8036],[-115.7217,51.8283],[-115.6989,51.8113],[-115.7697,51.7684],[-115.7026,51.7916],[-115.6722,51.7883],[-115.6312,51.7553],[-115.648,51.7448],[-115.7155,51.7661],[-115.7249,51.7499],[-115.7069,51.7516],[-115.6964,51.7359],[-115.7144,51.7429],[-115.7177,51.7189],[-115.7354,51.7199],[-115.7256,51.7062],[-115.7353,51.6938],[-115.7617,51.6874],[-115.7775,51.6871],[-115.7663,51.6964],[-115.8048,51.7115],[-115.8262,51.7366],[-115.8085,51.6877],[-115.847,51.6811],[-115.897,51.7225],[-115.8836,51.7061],[-115.8894,51.6926],[-115.985,51.6914],[-116.0184,51.6691],[-115.9495,51.677],[-115.9363,51.6634],[-115.954,51.6474],[-115.9607,51.6133],[-116.0064,51.6179],[-115.9616,51.6012],[-115.995,51.5627],[-116.0309,51.5692],[-116.0071,51.5497],[-116.0366,51.5432],[-116.077,51.5507],[-116.1207,51.5784],[-116.1201,51.6167],[-116.089,51.6178],[-116.1328,51.6282],[-116.1458,51.6587],[-116.2133,51.6751],[-116.1685,51.6454],[-116.1473,51.6062],[-116.1602,51.5861],[-116.2424,51.6168],[-116.2164,51.5787],[-116.1749,51.5744],[-116.1811,51.554],[-116.202,51.5461],[-116.1909,51.5413],[-116.1952,51.5261],[-116.2343,51.4982],[-116.2909,51.5591],[-116.3139,51.6194],[-116.3017,51.6292],[-116.3238,51.6386],[-116.3127,51.6588],[-116.2849,51.6621],[-116.322,51.6829],[-116.3156,51.6696],[-116.3394,51.6464],[-116.4381,51.674],[-116.5584,51.7881],[-116.5195,51.8036],[-116.5661,51.8046],[-116.603,51.8374],[-116.56,51.8425],[-116.5809,51.8554],[-116.633,51.855],[-116.6417,51.8663],[-116.6303,51.8814],[-116.6657,51.8778],[-116.703,51.9256],[-116.68,51.9517],[-116.6595,51.9546],[-116.6422,51.9228],[-116.628,51.9207],[-116.6323,51.9826],[-116.5917,51.9751],[-116.591,51.9323],[-116.5766,51.9677],[-116.5342,51.9625],[-116.5766,51.8972],[-116.5671,51.8848],[-116.5451,51.9287],[-116.5021,51.9447],[-116.4971,51.961],[-116.4178,51.9668],[-116.4366,51.9423],[-116.3966,51.9541],[-116.3775,51.9253],[-116.4076,51.8996],[-116.4693,51.8876],[-116.526,51.8568],[-116.5065,51.8538],[-116.4982,51.8301],[-116.4737,51.8721],[-116.4203,51.8789],[-116.428,51.8225],[-116.4632,51.8072],[-116.4313,51.8116],[-116.455,51.7852],[-116.4397,51.7797],[-116.4526,51.7713],[-116.4404,51.7712],[-116.435,51.7395],[-116.4019,51.7228],[-116.4209,51.768],[-116.4052,51.8007],[-116.3627,51.7532],[-116.3294,51.7379],[-116.3955,51.8238],[-116.3461,51.809],[-116.3953,51.8356],[-116.3812,51.862],[-116.3624,51.8518],[-116.3802,51.8795],[-116.3641,51.8989],[-116.3331,51.9158],[-116.318,51.908],[-116.3268,51.8931],[-116.3029,51.899],[-116.3086,51.8709],[-116.2924,51.8887],[-116.2755,51.8759],[-116.2844,51.8437],[-116.2633,51.8814],[-116.2421,51.8763],[-116.2863,51.9042],[-116.2839,51.916],[-116.3208,51.9309],[-116.2994,51.9443],[-116.3239,51.9483],[-116.3392,51.9868],[-116.2734,51.9689],[-116.2883,51.9918],[-116.3336,52.0092],[-116.3173,52.0219],[-116.3466,52.0247],[-116.3408,52.0369],[-116.3519,52.0468],[-116.2218,51.983],[-116.2407,51.9679],[-116.2366,51.958],[-116.2031,51.975],[-116.1547,51.9593],[-116.2614,52.0254],[-116.2671,52.0429],[-116.2752,52.033],[-116.3025,52.0504],[-116.2763,52.065],[-116.2548,52.0537],[-116.2877,52.0938],[-116.273,52.1073],[-116.2586,52.1007],[-116.2575,52.116],[-116.2293,52.1066],[-116.2159,52.0813],[-116.1826,52.0945],[-116.1215,52.0814],[-116.1167,52.0727],[-116.1349,52.0607],[-116.177,52.0813],[-116.2011,52.0743],[-116.181,52.0747],[-116.1575,52.0542],[-116.1843,52.0251],[-116.1247,52.0422],[-116.1271,52.0543],[-116.1061,52.0623],[-116.0771,52.0552],[-116.0668,52.0693],[-116.0293,52.0661],[-116.0552,52.0626],[-116.0515,52.0522],[-116.0992,52.0268],[-116.1147,52.0373],[-116.1126,52.0217],[-116.0886,52.0111],[-116.15,51.9882],[-116.1232,51.985],[-116.1448,51.9512],[-116.1867,51.9269],[-116.1365,51.9386],[-116.1578,51.9094],[-116.152,51.9026],[-116.1171,51.9329],[-116.1092,51.9783],[-116.0898,51.9866],[-116.055,51.9839],[-116.0503,51.9687],[-116.0256,51.9867],[-116.0241,51.9591],[-115.9794,51.9604],[-115.9815,51.9701],[-115.967,51.9684],[-115.9719,51.9785],[-115.9471,51.9807],[-115.9377,51.97],[-115.961,51.9646],[-115.9783,51.9427],[-116.0205,51.9432],[-116.0514,51.9328],[-115.9844,51.9371],[-116.0063,51.907],[-115.9653,51.9252],[-115.9686,51.9355],[-115.9439,51.9395],[-115.9388,51.9272],[-115.9302,51.9407],[-115.9144,51.9292],[-115.9044,51.9572],[-115.8659,51.9362],[-115.8715,51.9579],[-115.8363,51.952],[-115.8569,51.9653],[-115.8477,51.9747],[-115.898,51.9679],[-115.8766,51.9783],[-115.8862,51.9834],[-115.8491,51.9916],[-115.8886,51.9972],[-115.8631,52.0061],[-115.8769,52.0211],[-115.8991,52.0107],[-115.8932,52.0256],[-115.9061,52.021],[-115.908,52.0421],[-115.9361,52.0488],[-115.928,52.0598],[-115.8457,52.0139],[-115.8541,52.0007],[-115.8314,52.0104],[-115.8117,51.9995]]],[[[-116.8181,51.739],[-116.8076,51.7277],[-116.8227,51.713],[-116.9164,51.7095],[-116.9562,51.7471],[-116.9804,51.8349],[-117.0262,51.8542],[-117.0122,51.8902],[-117.1119,51.965],[-117.1989,51.9963],[-117.2201,52.0156],[-117.2186,52.0326],[-117.2408,52.0402],[-117.224,52.0439],[-117.1492,52.0105],[-117.2004,52.0055],[-117.1704,51.991],[-117.1346,51.9846],[-117.1274,52.0009],[-117.1038,52.0069],[-117.106,51.9891],[-117.088,51.9758],[-117.0824,52.0132],[-117.075,52.0179],[-117.0486,51.9895],[-117.0589,52.0271],[-117.0217,52.0496],[-117.0114,52.0155],[-116.997,52.0479],[-116.9652,52.0542],[-116.9269,52.047],[-116.9497,52.0176],[-116.9241,52.023],[-116.9178,52.0361],[-116.8906,52.0228],[-116.8771,52.0084],[-116.9723,51.9895],[-116.9879,51.9826],[-116.9796,51.9714],[-117.0014,51.9715],[-117.0413,51.9454],[-116.9703,51.9439],[-116.9341,51.975],[-116.8876,51.9897],[-116.859,51.9768],[-116.8723,51.97],[-116.8544,51.9726],[-116.8758,51.9495],[-116.832,51.9624],[-116.8647,51.932],[-116.9709,51.9152],[-117.0016,51.9265],[-117.0154,51.9107],[-116.9797,51.8825],[-116.8577,51.9059],[-116.854,51.8641],[-116.8204,51.8588],[-116.8106,51.8288],[-116.8795,51.833],[-116.8984,51.8449],[-116.9517,51.8332],[-116.9625,51.808],[-116.9587,51.8006],[-116.9107,51.8218],[-116.8734,51.8152],[-116.8691,51.8056],[-116.9121,51.7767],[-116.9103,51.7628],[-116.8568,51.7904],[-116.7856,51.7986],[-116.7893,51.7783],[-116.78,51.7786],[-116.8181,51.739]]],[[[-116.328,52.1632],[-116.3056,52.1521],[-116.3173,52.1386],[-116.2981,52.1439],[-116.2611,52.1274],[-116.2908,52.1258],[-116.2947,52.103],[-116.3285,52.1124],[-116.3242,52.0962],[-116.3021,52.0957],[-116.3034,52.0615],[-116.3345,52.076],[-116.3318,52.0872],[-116.3457,52.0897],[-116.3701,52.1297],[-116.3356,52.1199],[-116.3412,52.147],[-116.355,52.1438],[-116.3679,52.1586],[-116.328,52.1632]]],[[[-116.7756,52.1498],[-116.7246,52.1484],[-116.7254,52.1356],[-116.7448,52.1102],[-116.7782,52.0986],[-116.7505,52.1023],[-116.747,52.0755],[-116.7316,52.076],[-116.7365,52.0858],[-116.7022,52.1355],[-116.6816,52.1177],[-116.68,52.1293],[-116.6044,52.1286],[-116.5974,52.1238],[-116.6726,52.0863],[-116.5942,52.1103],[-116.628,52.0814],[-116.6009,52.0899],[-116.5863,52.0796],[-116.5784,52.0968],[-116.5369,52.0539],[-116.5641,52.1133],[-116.5425,52.1258],[-116.5029,52.1004],[-116.4876,52.1195],[-116.504,52.1418],[-116.48,52.1336],[-116.4768,52.1448],[-116.4591,52.1203],[-116.4712,52.1064],[-116.4474,52.0905],[-116.4727,52.0962],[-116.4874,52.0857],[-116.4559,52.0568],[-116.4703,52.0521],[-116.4774,52.0227],[-116.4939,52.0327],[-116.5248,52.0215],[-116.5237,52.0311],[-116.5592,52.036],[-116.5707,52.0524],[-116.6312,52.0376],[-116.6567,52.0448],[-116.6511,52.033],[-116.6718,52.0343],[-116.6733,52.0176],[-116.7269,52.0293],[-116.7435,52.0129],[-116.7123,52.0068],[-116.7155,51.9993],[-116.7964,51.9943],[-116.8414,52.0373],[-116.8235,52.0629],[-116.8632,52.0515],[-116.887,52.0762],[-116.833,52.1105],[-116.8297,52.132],[-116.798,52.1418],[-116.7856,52.1321],[-116.7756,52.1498]]],[[[-116.2323,52.1935],[-116.2173,52.1766],[-116.25,52.1711],[-116.2551,52.1882],[-116.2804,52.1717],[-116.3023,52.1882],[-116.2383,52.1967],[-116.2633,52.2162],[-116.2175,52.1939],[-116.2323,52.1935]]],[[[-116.4005,52.2139],[-116.3474,52.1975],[-116.3163,52.2011],[-116.3472,52.1903],[-116.3626,52.1962],[-116.3659,52.1825],[-116.3842,52.1948],[-116.3878,52.1807],[-116.4084,52.1981],[-116.4005,52.2139]]],[[[-116.5539,52.234],[-116.5079,52.1804],[-116.5681,52.2241],[-116.5539,52.234]]],[[[-116.3739,52.4827],[-116.3478,52.4439],[-116.328,52.4558],[-116.3066,52.4337],[-116.337,52.4396],[-116.3414,52.4243],[-116.3517,52.4234],[-116.361,52.4285],[-116.3454,52.4379],[-116.3688,52.4452],[-116.3667,52.4605],[-116.386,52.4583],[-116.3797,52.4772],[-116.3946,52.4747],[-116.3739,52.4827]]],[[[-117.294,52.0915],[-117.2991,52.1478],[-117.3171,52.1874],[-117.3522,52.1452],[-117.4625,52.1427],[-117.5084,52.1579],[-117.5798,52.1325],[-117.6028,52.1397],[-117.623,52.1725],[-117.6623,52.1982],[-117.7388,52.1967],[-117.793,52.2334],[-117.7594,52.2281],[-117.7484,52.2573],[-117.7296,52.2617],[-117.7382,52.2791],[-117.7291,52.2818],[-117.7049,52.259],[-117.7092,52.2479],[-117.6879,52.2452],[-117.6992,52.2133],[-117.6669,52.2186],[-117.6617,52.2426],[-117.6446,52.2417],[-117.6756,52.2721],[-117.6578,52.2849],[-117.6832,52.2801],[-117.6991,52.3009],[-117.6717,52.3475],[-117.6406,52.3374],[-117.6544,52.3531],[-117.6442,52.3692],[-117.6047,52.3456],[-117.5993,52.3197],[-117.6359,52.2985],[-117.6115,52.2947],[-117.581,52.3105],[-117.5682,52.2878],[-117.6005,52.2436],[-117.5576,52.246],[-117.5509,52.2649],[-117.5346,52.2327],[-117.5427,52.221],[-117.5289,52.2081],[-117.554,52.1902],[-117.6167,52.1853],[-117.6156,52.1748],[-117.5637,52.1688],[-117.5495,52.1498],[-117.5109,52.1773],[-117.4784,52.1643],[-117.4853,52.1561],[-117.4757,52.1499],[-117.4495,52.1657],[-117.4031,52.1519],[-117.3736,52.1605],[-117.4107,52.1942],[-117.4378,52.1835],[-117.4736,52.2009],[-117.4841,52.2513],[-117.444,52.2377],[-117.4193,52.2576],[-117.4969,52.2657],[-117.5231,52.3014],[-117.4715,52.3001],[-117.4775,52.3085],[-117.4532,52.316],[-117.4864,52.3169],[-117.4902,52.33],[-117.5253,52.316],[-117.5799,52.379],[-117.5153,52.3679],[-117.5059,52.3792],[-117.6075,52.4038],[-117.6057,52.4265],[-117.5704,52.4088],[-117.6036,52.4574],[-117.6037,52.4709],[-117.5892,52.4688],[-117.608,52.4823],[-117.609,52.4995],[-117.5541,52.4752],[-117.554,52.4524],[-117.5336,52.4639],[-117.5228,52.4388],[-117.5121,52.4509],[-117.4839,52.4365],[-117.4989,52.4096],[-117.4758,52.4011],[-117.4634,52.4336],[-117.4294,52.4094],[-117.4432,52.3822],[-117.4132,52.4018],[-117.4018,52.3651],[-117.4462,52.3465],[-117.3878,52.3523],[-117.3815,52.3374],[-117.3974,52.3202],[-117.3644,52.3336],[-117.3575,52.3214],[-117.3656,52.3012],[-117.3903,52.2889],[-117.352,52.2922],[-117.3381,52.2691],[-117.3786,52.2269],[-117.3652,52.2208],[-117.3084,52.2563],[-117.304,52.2405],[-117.2905,52.2518],[-117.2692,52.2405],[-117.2602,52.2115],[-117.2386,52.1995],[-117.1749,52.2064],[-117.1386,52.1855],[-117.0945,52.1884],[-117.0707,52.1727],[-117.1134,52.1744],[-117.188,52.1507],[-117.1533,52.141],[-117.1331,52.1555],[-117.0874,52.1561],[-117.0905,52.135],[-117.0658,52.1584],[-117.0329,52.1548],[-117.0146,52.1215],[-117.0375,52.0932],[-117.0077,52.101],[-116.9867,52.0874],[-117.0689,52.0737],[-117.1389,52.091],[-117.1264,52.0688],[-117.0811,52.0582],[-117.1192,52.0457],[-117.1116,52.0384],[-117.1251,52.0296],[-117.2094,52.0703],[-117.2075,52.0858],[-117.2272,52.0739],[-117.2663,52.0758],[-117.2425,52.0612],[-117.2641,52.045],[-117.294,52.0915]]],[[[-116.5192,52.5795],[-116.5066,52.5585],[-116.5222,52.5586],[-116.5188,52.5474],[-116.535,52.5345],[-116.5009,52.5292],[-116.5082,52.5413],[-116.4803,52.546],[-116.4486,52.5266],[-116.4323,52.4894],[-116.4645,52.4997],[-116.4809,52.5219],[-116.4983,52.5194],[-116.487,52.4948],[-116.5111,52.5193],[-116.5236,52.5151],[-116.5541,52.5414],[-116.5626,52.5369],[-116.5597,52.5471],[-116.574,52.5487],[-116.5486,52.5482],[-116.5557,52.5566],[-116.5469,52.5581],[-116.5661,52.5636],[-116.5373,52.5742],[-116.5726,52.5738],[-116.5591,52.5836],[-116.576,52.5828],[-116.5698,52.595],[-116.5798,52.5984],[-116.5192,52.5795]]],[[[-116.6497,52.6623],[-116.6481,52.6481],[-116.621,52.6492],[-116.6207,52.6299],[-116.5922,52.6168],[-116.6211,52.6116],[-116.6424,52.6362],[-116.6615,52.6366],[-116.6681,52.6594],[-116.6497,52.6623]]],[[[-117.7276,52.9006],[-117.6368,52.8566],[-117.621,52.8623],[-117.6286,52.8792],[-117.6092,52.8746],[-117.6145,52.8882],[-117.5767,52.8965],[-117.5838,52.8776],[-117.5668,52.895],[-117.5405,52.8894],[-117.5842,52.8613],[-117.6164,52.8589],[-117.6218,52.8426],[-117.6011,52.8353],[-117.5765,52.8496],[-117.5831,52.8349],[-117.5616,52.8503],[-117.5462,52.8386],[-117.5683,52.8353],[-117.5602,52.8283],[-117.5716,52.8143],[-117.6062,52.8107],[-117.5754,52.8033],[-117.5787,52.7859],[-117.5623,52.7835],[-117.5506,52.7979],[-117.5574,52.8067],[-117.5258,52.8313],[-117.5257,52.7896],[-117.5425,52.7854],[-117.5508,52.7645],[-117.5322,52.7634],[-117.5336,52.7778],[-117.5125,52.7794],[-117.5019,52.8027],[-117.484,52.7851],[-117.4817,52.7972],[-117.4593,52.7969],[-117.543,52.8596],[-117.5187,52.8655],[-117.5174,52.8492],[-117.4569,52.8166],[-117.4592,52.8357],[-117.4948,52.8572],[-117.4282,52.8352],[-117.412,52.8125],[-117.4382,52.8121],[-117.4224,52.8037],[-117.4334,52.7907],[-117.4537,52.7925],[-117.4499,52.7821],[-117.5101,52.76],[-117.5207,52.7429],[-117.4765,52.7554],[-117.4827,52.7151],[-117.4322,52.6921],[-117.4125,52.695],[-117.4526,52.7311],[-117.4272,52.7299],[-117.4435,52.7353],[-117.4251,52.7495],[-117.4146,52.7324],[-117.417,52.7449],[-117.4061,52.7448],[-117.4202,52.7642],[-117.3973,52.7606],[-117.3952,52.75],[-117.3891,52.7617],[-117.4099,52.7743],[-117.3996,52.7834],[-117.375,52.7687],[-117.3904,52.7306],[-117.3801,52.6951],[-117.354,52.6945],[-117.3727,52.7155],[-117.3568,52.7121],[-117.3678,52.7264],[-117.3502,52.7507],[-117.3408,52.7268],[-117.3248,52.7236],[-117.3299,52.7064],[-117.3054,52.7133],[-117.2878,52.6699],[-117.2606,52.6761],[-117.2773,52.682],[-117.2631,52.6899],[-117.2765,52.7005],[-117.2555,52.702],[-117.2769,52.7059],[-117.3496,52.7761],[-117.3092,52.7775],[-117.3662,52.7854],[-117.3764,52.7957],[-117.3662,52.8163],[-117.3487,52.8172],[-117.345,52.802],[-117.3215,52.8114],[-117.3248,52.7944],[-117.3019,52.8068],[-117.2974,52.7912],[-117.2671,52.7827],[-117.276,52.7737],[-117.2396,52.7676],[-117.2636,52.7479],[-117.2201,52.7585],[-117.2097,52.7486],[-117.2278,52.7302],[-117.1873,52.7463],[-117.1537,52.7283],[-117.2053,52.7823],[-117.2221,52.7829],[-117.2124,52.791],[-117.2355,52.7907],[-117.2062,52.7941],[-117.2031,52.804],[-117.2426,52.7968],[-117.2459,52.807],[-117.2259,52.8133],[-117.2576,52.8099],[-117.2623,52.8285],[-117.2865,52.8347],[-117.2844,52.8484],[-117.2633,52.853],[-117.2611,52.8421],[-117.2333,52.8663],[-117.22,52.8526],[-117.2304,52.827],[-117.2148,52.8383],[-117.2077,52.8194],[-117.1894,52.8396],[-117.1417,52.8265],[-117.1608,52.8148],[-117.1267,52.8048],[-117.1701,52.7852],[-117.1271,52.7499],[-117.1365,52.7766],[-117.1257,52.791],[-117.0999,52.7929],[-117.0952,52.7747],[-117.0224,52.7986],[-117.0192,52.7815],[-117.0392,52.7783],[-117.0402,52.7755],[-117.0356,52.7711],[-117.0362,52.7686],[-117.0546,52.7625],[-117.0756,52.7268],[-117.0541,52.7247],[-117.0506,52.7462],[-117.0318,52.7567],[-117.0124,52.7455],[-117.0233,52.7332],[-117.0115,52.7245],[-116.9941,52.7447],[-116.9797,52.7366],[-116.9883,52.7595],[-116.9583,52.7538],[-116.9574,52.7332],[-116.9396,52.7311],[-116.9606,52.7227],[-116.9436,52.708],[-116.9542,52.6951],[-116.9172,52.6627],[-116.9592,52.6671],[-116.9567,52.6797],[-116.9805,52.6693],[-116.971,52.6829],[-117.0057,52.6724],[-117.0041,52.6905],[-117.021,52.6968],[-117.0308,52.6958],[-117.0179,52.6812],[-117.0337,52.672],[-117.0674,52.6977],[-117.1193,52.709],[-117.1293,52.6987],[-117.084,52.6916],[-117.0555,52.674],[-117.0562,52.6601],[-116.9932,52.6554],[-117.0001,52.6461],[-117.0416,52.6503],[-117.0839,52.6261],[-117.2117,52.6735],[-117.1907,52.654],[-117.2993,52.6463],[-117.301,52.63],[-117.2497,52.6234],[-117.1648,52.632],[-117.2113,52.6023],[-117.208,52.5747],[-117.185,52.6064],[-117.1572,52.617],[-117.1355,52.6158],[-117.14,52.6046],[-117.1038,52.6088],[-117.126,52.5627],[-117.1616,52.5503],[-117.1448,52.5504],[-117.1491,52.5253],[-117.0857,52.5862],[-117.0757,52.5817],[-117.0654,52.5948],[-117.0776,52.5955],[-117.0747,52.6062],[-117.0563,52.6108],[-117.0434,52.5912],[-117.0471,52.6154],[-117.0065,52.6254],[-116.9898,52.6097],[-116.9629,52.6391],[-116.9298,52.6327],[-116.9235,52.6153],[-116.8957,52.6299],[-116.904,52.6126],[-116.868,52.628],[-116.9032,52.5842],[-116.9371,52.5882],[-116.9275,52.5736],[-116.9627,52.5978],[-116.9592,52.5795],[-116.9793,52.5688],[-117.0312,52.5783],[-117.0319,52.5607],[-117.0163,52.5711],[-116.999,52.552],[-117.0534,52.5105],[-117.0677,52.517],[-117.0705,52.4987],[-117.1111,52.4901],[-117.0659,52.4859],[-117.0585,52.4691],[-117.0492,52.4917],[-117.0234,52.4924],[-117.039,52.5011],[-117.0174,52.5178],[-116.9964,52.528],[-116.9793,52.5186],[-116.9871,52.531],[-116.9757,52.5564],[-116.9552,52.5569],[-116.9699,52.5393],[-116.9588,52.514],[-116.9391,52.4993],[-116.9555,52.5346],[-116.9462,52.5406],[-116.9109,52.4961],[-116.9506,52.4561],[-116.9865,52.4557],[-116.9589,52.4459],[-116.9887,52.4024],[-117.0441,52.4074],[-117.1227,52.4594],[-117.1563,52.4644],[-117.1966,52.4951],[-117.245,52.5102],[-117.1991,52.4752],[-117.2001,52.4564],[-117.1441,52.4404],[-117.0895,52.4026],[-117.136,52.3689],[-117.0829,52.3886],[-117.0531,52.3826],[-117.0585,52.3654],[-117.0335,52.3729],[-117.0417,52.3271],[-117.0758,52.2908],[-117.0951,52.2896],[-117.0941,52.2766],[-117.1307,52.2636],[-117.1074,52.2608],[-117.1054,52.2425],[-117.0972,52.2577],[-117.0449,52.269],[-117.0025,52.3417],[-117.0077,52.3692],[-116.9882,52.3626],[-116.9665,52.3771],[-116.9579,52.3685],[-116.9476,52.399],[-116.9297,52.3935],[-116.9282,52.4121],[-116.9039,52.4177],[-116.9092,52.4373],[-116.8748,52.4522],[-116.8638,52.4754],[-116.841,52.4717],[-116.8429,52.4504],[-116.8311,52.4417],[-116.8391,52.4259],[-116.8195,52.4313],[-116.8159,52.4186],[-116.857,52.3589],[-116.8,52.4078],[-116.7857,52.3957],[-116.7874,52.3469],[-116.7766,52.3507],[-116.7623,52.3684],[-116.774,52.4072],[-116.7613,52.4081],[-116.8161,52.4513],[-116.8083,52.4671],[-116.7671,52.4694],[-116.7416,52.4335],[-116.7338,52.4516],[-116.6945,52.4557],[-116.7392,52.4626],[-116.7715,52.4854],[-116.8126,52.4873],[-116.8572,52.5144],[-116.8755,52.5411],[-116.8407,52.5379],[-116.8559,52.5595],[-116.8186,52.5667],[-116.8147,52.5858],[-116.7892,52.5928],[-116.78,52.5789],[-116.801,52.5221],[-116.7834,52.5263],[-116.7876,52.5422],[-116.7647,52.5655],[-116.7252,52.5684],[-116.7092,52.5511],[-116.7354,52.536],[-116.6914,52.5165],[-116.7062,52.507],[-116.6696,52.5079],[-116.6832,52.4969],[-116.6453,52.4888],[-116.6588,52.4805],[-116.6426,52.4759],[-116.6485,52.4689],[-116.5873,52.4527],[-116.6186,52.4354],[-116.57,52.4385],[-116.5578,52.4344],[-116.5651,52.4248],[-116.5004,52.4173],[-116.5021,52.409],[-116.5421,52.4206],[-116.5588,52.3985],[-116.5773,52.4081],[-116.6242,52.4006],[-116.5673,52.3869],[-116.5991,52.3788],[-116.6103,52.3634],[-116.6396,52.3776],[-116.6222,52.3556],[-116.6386,52.3429],[-116.6674,52.3442],[-116.6651,52.3324],[-116.6359,52.3361],[-116.6326,52.3174],[-116.6239,52.3414],[-116.6039,52.3411],[-116.606,52.3513],[-116.5821,52.3594],[-116.5807,52.3494],[-116.5426,52.3788],[-116.5275,52.3702],[-116.5256,52.3547],[-116.5377,52.35],[-116.5245,52.3421],[-116.5483,52.3176],[-116.5487,52.2949],[-116.5747,52.2947],[-116.5489,52.2826],[-116.5198,52.2891],[-116.5321,52.3009],[-116.527,52.3121],[-116.5008,52.3049],[-116.5182,52.3189],[-116.4913,52.3369],[-116.4719,52.3193],[-116.4798,52.3079],[-116.45,52.3122],[-116.437,52.2997],[-116.4389,52.2885],[-116.4762,52.2808],[-116.4331,52.2748],[-116.4288,52.2651],[-116.4513,52.2751],[-116.4534,52.253],[-116.4686,52.2592],[-116.4695,52.2483],[-116.5042,52.2675],[-116.5183,52.2623],[-116.4905,52.2309],[-116.5735,52.2642],[-116.5633,52.2489],[-116.5816,52.2301],[-116.6124,52.2507],[-116.5987,52.2648],[-116.6184,52.2568],[-116.6343,52.2812],[-116.6504,52.2786],[-116.7103,52.3205],[-116.748,52.3138],[-116.7545,52.301],[-116.7217,52.3105],[-116.6906,52.2907],[-116.7098,52.2725],[-116.6824,52.2822],[-116.6673,52.2719],[-116.6609,52.2629],[-116.6746,52.2527],[-116.6458,52.2598],[-116.6594,52.2451],[-116.6451,52.2506],[-116.6299,52.2243],[-116.6081,52.2187],[-116.6141,52.2081],[-116.5968,52.208],[-116.6041,52.1968],[-116.5804,52.1945],[-116.5557,52.1711],[-116.5923,52.1916],[-116.6249,52.1655],[-116.6319,52.185],[-116.6646,52.1967],[-116.6454,52.167],[-116.6746,52.1701],[-116.7076,52.1928],[-116.7119,52.1827],[-116.7485,52.2143],[-116.7432,52.2328],[-116.7658,52.2241],[-116.8499,52.2809],[-116.9018,52.2774],[-116.9286,52.2583],[-116.8833,52.2723],[-116.8418,52.2639],[-116.8839,52.2224],[-116.8397,52.2507],[-116.8278,52.2455],[-116.844,52.2131],[-116.822,52.2376],[-116.7645,52.1897],[-116.8161,52.1674],[-116.8498,52.1681],[-116.8379,52.1585],[-116.8588,52.156],[-116.9809,52.2047],[-116.8743,52.1491],[-116.9356,52.1444],[-116.936,52.1343],[-116.8894,52.1343],[-116.8806,52.1142],[-116.9189,52.0913],[-116.9773,52.1268],[-117.0104,52.178],[-117.0833,52.1996],[-117.0933,52.2329],[-117.1089,52.2327],[-117.1006,52.2067],[-117.1164,52.195],[-117.1689,52.2168],[-117.2301,52.2223],[-117.2675,52.2553],[-117.265,52.2842],[-117.2846,52.2735],[-117.3205,52.3011],[-117.2989,52.3134],[-117.2662,52.307],[-117.2721,52.3162],[-117.2591,52.3148],[-117.2731,52.3234],[-117.2581,52.3355],[-117.3043,52.3243],[-117.2971,52.3376],[-117.3247,52.3541],[-117.3099,52.3593],[-117.336,52.3654],[-117.33,52.377],[-117.3523,52.3795],[-117.3407,52.3887],[-117.356,52.3859],[-117.3664,52.4042],[-117.2548,52.3678],[-117.24,52.3723],[-117.3633,52.4149],[-117.3987,52.4413],[-117.3767,52.4512],[-117.3446,52.4326],[-117.3632,52.4454],[-117.3541,52.4536],[-117.2164,52.3941],[-117.24,52.4091],[-117.243,52.4258],[-117.2943,52.446],[-117.2807,52.4563],[-117.3378,52.4715],[-117.3215,52.4961],[-117.3635,52.4752],[-117.4052,52.5054],[-117.3973,52.4895],[-117.4123,52.4875],[-117.3841,52.474],[-117.4336,52.4646],[-117.5168,52.5],[-117.4922,52.507],[-117.5208,52.5068],[-117.531,52.5102],[-117.5227,52.5172],[-117.5357,52.5127],[-117.6266,52.5492],[-117.5992,52.5548],[-117.6317,52.5583],[-117.6257,52.5662],[-117.6419,52.5739],[-117.6112,52.5749],[-117.6932,52.5892],[-117.6762,52.6206],[-117.7137,52.5961],[-117.7645,52.609],[-117.762,52.6198],[-117.784,52.6102],[-117.7958,52.6227],[-117.8052,52.6171],[-117.8012,52.6271],[-117.8146,52.6217],[-117.8164,52.6352],[-117.8322,52.6304],[-117.8416,52.6481],[-117.82,52.664],[-117.7593,52.6246],[-117.715,52.6217],[-117.733,52.6343],[-117.7317,52.6479],[-117.7542,52.64],[-117.8186,52.6822],[-117.7785,52.6828],[-117.8099,52.6927],[-117.8386,52.6848],[-117.8246,52.7108],[-117.7674,52.7023],[-117.7824,52.7097],[-117.7732,52.7183],[-117.7985,52.7133],[-117.8158,52.7421],[-117.8456,52.7448],[-117.8379,52.7544],[-117.8529,52.7511],[-117.8664,52.7668],[-117.8374,52.7694],[-117.8807,52.7733],[-117.831,52.7801],[-117.897,52.7853],[-117.8963,52.7959],[-117.9247,52.7994],[-117.9207,52.8085],[-117.9585,52.8368],[-117.951,52.8485],[-117.9861,52.8653],[-117.9303,52.8633],[-117.9205,52.8366],[-117.9043,52.8632],[-117.8676,52.8573],[-117.8596,52.8471],[-117.8681,52.8173],[-117.8427,52.8482],[-117.8343,52.837],[-117.8169,52.8424],[-117.8242,52.7974],[-117.7972,52.8334],[-117.7847,52.8292],[-117.7898,52.8175],[-117.7612,52.8236],[-117.7906,52.7833],[-117.7752,52.7831],[-117.7476,52.8106],[-117.7333,52.7829],[-117.8091,52.7556],[-117.7794,52.7434],[-117.7282,52.77],[-117.7441,52.7536],[-117.7229,52.7521],[-117.7255,52.7387],[-117.7457,52.7197],[-117.7182,52.714],[-117.7395,52.6778],[-117.7116,52.6649],[-117.7185,52.6846],[-117.6935,52.6885],[-117.6974,52.714],[-117.6826,52.7154],[-117.6576,52.6898],[-117.6896,52.6343],[-117.6752,52.6301],[-117.6533,52.645],[-117.6396,52.6711],[-117.631,52.6519],[-117.6538,52.6182],[-117.6189,52.646],[-117.6174,52.6258],[-117.6505,52.593],[-117.6021,52.6046],[-117.5914,52.5837],[-117.6014,52.5712],[-117.5687,52.5725],[-117.5696,52.5535],[-117.5475,52.5392],[-117.5344,52.538],[-117.5437,52.5552],[-117.526,52.5578],[-117.4653,52.5306],[-117.491,52.5589],[-117.5528,52.5888],[-117.5494,52.6007],[-117.5632,52.5965],[-117.5651,52.6122],[-117.553,52.6157],[-117.5719,52.6204],[-117.5698,52.6534],[-117.5027,52.633],[-117.4876,52.6031],[-117.4649,52.5893],[-117.467,52.5721],[-117.4341,52.5822],[-117.4182,52.5463],[-117.3908,52.53],[-117.412,52.563],[-117.4048,52.5867],[-117.3738,52.5943],[-117.3181,52.5781],[-117.3724,52.6083],[-117.3623,52.6212],[-117.3846,52.6131],[-117.3798,52.6345],[-117.4033,52.6112],[-117.4435,52.6144],[-117.4363,52.6206],[-117.4775,52.6555],[-117.4361,52.6558],[-117.4493,52.6643],[-117.4405,52.6705],[-117.4667,52.6763],[-117.476,52.6666],[-117.4756,52.6846],[-117.4961,52.6611],[-117.5598,52.6895],[-117.5034,52.6891],[-117.5217,52.6959],[-117.5158,52.7129],[-117.5585,52.6999],[-117.5859,52.7089],[-117.5708,52.718],[-117.6044,52.7304],[-117.6165,52.7457],[-117.6044,52.7473],[-117.6467,52.7605],[-117.6712,52.7863],[-117.6601,52.7935],[-117.6349,52.7719],[-117.6397,52.791],[-117.5812,52.7488],[-117.572,52.7658],[-117.6214,52.8081],[-117.6616,52.8111],[-117.6917,52.8278],[-117.7031,52.8377],[-117.6906,52.8381],[-117.6941,52.8477],[-117.6546,52.817],[-117.6179,52.8148],[-117.6763,52.8633],[-117.7623,52.9044],[-117.7276,52.9006]]],[[[-116.7182,52.7037],[-116.6777,52.6745],[-116.6797,52.6698],[-116.7118,52.6728],[-116.7182,52.7037]]],[[[-117.1916,52.9062],[-117.2311,52.9033],[-117.2597,52.9016],[-117.2352,52.9074],[-117.22,52.9046],[-117.2073,52.9087],[-117.1916,52.9062]]],[[[-117.132,52.9508],[-117.0513,52.9109],[-117.1239,52.9315],[-117.132,52.9508]]],[[[-117.2176,52.9715],[-117.213,52.9778],[-117.2002,52.9724],[-117.2176,52.9715]]],[[[-117.2723,52.9894],[-117.2781,52.982],[-117.2482,52.983],[-117.2606,52.9761],[-117.2487,52.9626],[-117.2176,52.965],[-117.2138,52.9548],[-117.2444,52.9522],[-117.2637,52.971],[-117.3122,52.9867],[-117.2883,52.9894],[-117.2903,52.9984],[-117.2723,52.9894]]],[[[-117.6736,52.9451],[-117.6697,52.9197],[-117.6231,52.9235],[-117.6199,52.9052],[-117.5935,52.9212],[-117.5816,52.915],[-117.6567,52.8826],[-117.6704,52.8907],[-117.6644,52.9038],[-117.7136,52.9333],[-117.7059,52.9441],[-117.6837,52.9399],[-117.6877,52.9535],[-117.6736,52.9451]]],[[[-117.9271,53.1703],[-117.8905,53.1387],[-117.7982,53.1149],[-117.7956,53.0928],[-117.7627,53.1035],[-117.7486,53.0904],[-117.7569,53.0793],[-117.7424,53.0818],[-117.7439,53.0702],[-117.7247,53.0595],[-117.7141,53.0674],[-117.7199,53.0807],[-117.6829,53.076],[-117.6949,53.0552],[-117.6715,53.065],[-117.6625,53.052],[-117.6726,53.0408],[-117.6575,53.0447],[-117.6506,53.0302],[-117.6342,53.027],[-117.6513,53.0492],[-117.6421,53.0613],[-117.6101,53.0449],[-117.6006,53.0509],[-117.5943,53.0372],[-117.6153,53.0258],[-117.6177,53.0119],[-117.5752,53.0403],[-117.5591,53.0274],[-117.5655,53.0064],[-117.5279,53.0346],[-117.643,53.0753],[-117.6187,53.0832],[-117.6908,53.1318],[-117.6442,53.1235],[-117.6453,53.1072],[-117.6306,53.1025],[-117.6139,53.1205],[-117.6235,53.0973],[-117.5857,53.0645],[-117.562,53.0851],[-117.5637,53.0707],[-117.5515,53.0757],[-117.5515,53.0594],[-117.539,53.0582],[-117.5149,53.0869],[-117.5014,53.0779],[-117.5135,53.0561],[-117.4747,53.0687],[-117.4894,53.0534],[-117.4698,53.0531],[-117.4817,53.0361],[-117.4593,53.0391],[-117.4619,53.0488],[-117.4371,53.0464],[-117.4153,53.0267],[-117.3724,53.0274],[-117.353,53.0073],[-117.3558,52.9943],[-117.3878,53.0091],[-117.387,52.9959],[-117.4126,52.9975],[-117.4271,53.0144],[-117.4479,53.0042],[-117.4568,53.0205],[-117.4625,52.9993],[-117.4935,53.0111],[-117.4906,52.9949],[-117.5255,52.9925],[-117.5311,52.9679],[-117.4683,52.986],[-117.5038,52.9684],[-117.4761,52.9676],[-117.4871,52.9614],[-117.4675,52.9537],[-117.4553,52.9587],[-117.4564,52.9745],[-117.4076,52.9772],[-117.4445,52.9549],[-117.4374,52.9423],[-117.4045,52.9566],[-117.416,52.9344],[-117.4003,52.9419],[-117.4078,52.922],[-117.3908,52.9332],[-117.3317,52.9074],[-117.324,52.9158],[-117.2829,52.8865],[-117.2787,52.8703],[-117.3813,52.898],[-117.2936,52.8591],[-117.2956,52.8306],[-117.3431,52.8377],[-117.3357,52.8503],[-117.3486,52.8566],[-117.3328,52.8667],[-117.3794,52.8723],[-117.3614,52.861],[-117.3687,52.8443],[-117.4286,52.8756],[-117.4022,52.8884],[-117.4625,52.8906],[-117.4377,52.8994],[-117.4573,52.9045],[-117.4255,52.9109],[-117.4377,52.9177],[-117.4826,52.901],[-117.4752,52.915],[-117.4855,52.9206],[-117.4671,52.9195],[-117.475,52.927],[-117.4289,52.9282],[-117.4893,52.9474],[-117.4989,52.9447],[-117.4919,52.9342],[-117.5197,52.9341],[-117.52,52.9521],[-117.5407,52.9478],[-117.5382,52.9595],[-117.5572,52.9603],[-117.5459,52.9679],[-117.577,52.9662],[-117.5561,52.9749],[-117.5693,52.9966],[-117.6051,52.9795],[-117.6006,52.993],[-117.6258,52.9882],[-117.6227,53.0001],[-117.6407,53.0005],[-117.6375,53.0121],[-117.6837,53.0174],[-117.6761,53.0277],[-117.765,53.0615],[-117.7807,53.0721],[-117.7757,53.0813],[-117.8158,53.0824],[-117.8314,53.0968],[-117.8208,53.1059],[-117.8476,53.1069],[-117.8337,53.1146],[-117.8424,53.1239],[-117.8541,53.128],[-117.8602,53.1165],[-117.8872,53.1273],[-117.9271,53.1703]]],[[[-117.763,52.9781],[-117.7421,52.9792],[-117.742,52.97],[-117.7133,52.9658],[-117.7621,52.9447],[-117.7829,52.9949],[-117.763,52.9781]]],[[[-117.8444,53.013],[-117.8025,53.0014],[-117.8211,52.9833],[-117.8135,52.9687],[-117.8798,53.0051],[-117.8397,52.9915],[-117.8444,53.013]]],[[[-117.7851,53.0425],[-117.7817,53.046],[-117.7776,53.0374],[-117.7851,53.0425]]],[[[-117.7565,53.1869],[-117.7474,53.1669],[-117.7776,53.1698],[-117.7545,53.1762],[-117.7565,53.1869]]],[[[-117.6896,53.2025],[-117.7144,53.2048],[-117.7138,53.2124],[-117.7059,53.2136],[-117.6896,53.2025]]],[[[-117.8092,53.2157],[-117.7663,53.1889],[-117.7972,53.1975],[-117.8092,53.2157]]],[[[-117.9106,53.2835],[-117.899,53.2803],[-117.8968,53.2739],[-117.9009,53.2725],[-117.9106,53.2835]]],[[[-117.9336,53.2887],[-117.9318,53.2732],[-117.9146,53.2567],[-117.9475,53.2833],[-117.9375,53.2902],[-117.9446,53.2955],[-117.9159,53.2987],[-117.9336,53.2887]]],[[[-118.0453,53.3754],[-117.9643,53.3395],[-117.9344,53.3078],[-117.9623,53.3073],[-117.9704,53.3248],[-117.9915,53.3366],[-118.0048,53.3285],[-117.9977,53.3406],[-118.0525,53.3561],[-118.0565,53.3675],[-118.0438,53.3609],[-118.0453,53.3754]]],[[[-118.1039,53.3738],[-118.0793,53.3747],[-118.085,53.3836],[-118.0719,53.3929],[-118.0569,53.385],[-118.0746,53.3706],[-118.0626,53.3519],[-118.1426,53.382],[-118.1254,53.3785],[-118.1125,53.394],[-118.1039,53.3738]]],[[[-118.0211,53.3919],[-118.0235,53.4],[-118.0125,53.3919],[-118.0211,53.3919]]],[[[-118.0986,53.3923],[-118.1194,53.4133],[-118.1211,53.4204],[-118.0856,53.4011],[-118.0986,53.3923]]],[[[-118.1038,53.4201],[-118.1083,53.4305],[-118.0941,53.4194],[-118.1038,53.4201]]],[[[-115.2381,50.6612],[-115.2697,50.6982],[-115.2461,50.6345],[-115.2862,50.6277],[-115.2754,50.6161],[-115.2611,50.6247],[-115.2459,50.6039],[-115.2477,50.6217],[-115.2274,50.621],[-115.2073,50.5448],[-115.224,50.5552],[-115.23,50.5884],[-115.2742,50.6065],[-115.3011,50.6342],[-115.2722,50.6526],[-115.3091,50.7224],[-115.3574,50.7329],[-115.3825,50.7183],[-115.3674,50.741],[-115.3993,50.767],[-115.4016,50.7805],[-115.3886,50.7875],[-115.4155,50.8018],[-115.4053,50.8081],[-115.4257,50.8116],[-115.429,50.8242],[-115.4162,50.8186],[-115.4235,50.833],[-115.3816,50.8158],[-115.3884,50.8346],[-115.3756,50.8366],[-115.3588,50.8144],[-115.3814,50.7945],[-115.3335,50.7971],[-115.3741,50.7657],[-115.3602,50.7697],[-115.3387,50.7501],[-115.3397,50.7709],[-115.3148,50.7811],[-115.3219,50.7499],[-115.2999,50.7727],[-115.2857,50.7702],[-115.2664,50.7461],[-115.2829,50.7393],[-115.257,50.7384],[-115.2564,50.7224],[-115.2314,50.7166],[-115.2381,50.6612]]],[[[-115.4032,50.7224],[-115.4035,50.7229],[-115.4029,50.7222],[-115.4032,50.7224]]],[[[-115.4121,50.744],[-115.4024,50.7352],[-115.4043,50.7246],[-115.4121,50.744]]],[[[-115.4644,50.7605],[-115.472,50.7877],[-115.4537,50.7938],[-115.4361,50.768],[-115.4454,50.762],[-115.4313,50.7586],[-115.4644,50.7605]]],[[[-115.5382,50.8003],[-115.509,50.8066],[-115.4691,50.8086],[-115.4954,50.7884],[-115.528,50.7925],[-115.5382,50.8003]]],[[[-115.211,50.9872],[-115.1983,50.9471],[-115.18,50.9384],[-115.2234,50.948],[-115.2263,50.9369],[-115.2427,50.9378],[-115.2516,50.925],[-115.2138,50.9169],[-115.2567,50.8861],[-115.2087,50.8872],[-115.1858,50.9152],[-115.2043,50.8737],[-115.254,50.8706],[-115.2718,50.8498],[-115.2275,50.8437],[-115.2367,50.8347],[-115.2244,50.8343],[-115.2264,50.7971],[-115.2025,50.7493],[-115.2042,50.7327],[-115.2325,50.7618],[-115.2437,50.7582],[-115.227,50.7817],[-115.2559,50.7736],[-115.2494,50.7975],[-115.267,50.79],[-115.2798,50.8096],[-115.3078,50.818],[-115.2961,50.8313],[-115.3195,50.841],[-115.3085,50.8495],[-115.3238,50.8509],[-115.3336,50.8711],[-115.303,50.8712],[-115.3087,50.8824],[-115.2973,50.8904],[-115.339,50.8876],[-115.305,50.9099],[-115.2922,50.9053],[-115.2944,50.9245],[-115.277,50.9226],[-115.294,50.9505],[-115.2699,50.95],[-115.2929,50.9607],[-115.2815,50.9664],[-115.2959,50.976],[-115.2918,50.9909],[-115.2557,50.9939],[-115.2646,50.9806],[-115.2427,50.9906],[-115.2507,50.975],[-115.2426,50.9617],[-115.211,50.9872]]],[[[-115.5456,50.8364],[-115.5193,50.8345],[-115.5215,50.8589],[-115.5007,50.8734],[-115.462,50.8471],[-115.4848,50.8212],[-115.5497,50.8079],[-115.5456,50.8364]]],[[[-115.5691,50.8606],[-115.5609,50.8565],[-115.559,50.8695],[-115.5402,50.8731],[-115.5673,50.8377],[-115.5691,50.8606]]],[[[-115.4549,50.9707],[-115.4253,50.9257],[-115.4105,50.8889],[-115.4729,50.9277],[-115.4798,50.9683],[-115.4729,50.9605],[-115.4665,50.9744],[-115.4549,50.9707]]],[[[-115.3678,50.9659],[-115.3621,50.9534],[-115.3516,50.9578],[-115.3482,50.9376],[-115.3703,50.9111],[-115.4105,50.9691],[-115.4084,50.99],[-115.3814,50.9743],[-115.3798,50.9554],[-115.3678,50.9659]]],[[[-115.3761,51.0503],[-115.3648,51.0195],[-115.3297,51.0299],[-115.3366,51.0105],[-115.31,51.0069],[-115.3077,50.9903],[-115.3619,50.9995],[-115.4031,51.0652],[-115.3761,51.0503]]],[[[-115.5987,50.9289],[-115.6252,50.9776],[-115.6931,51.0282],[-115.7381,51.0271],[-115.7125,51.0628],[-115.675,51.0727],[-115.675,51.053],[-115.6972,51.0353],[-115.6702,51.044],[-115.6749,51.0176],[-115.6652,51.0083],[-115.6553,51.0084],[-115.6537,51.0289],[-115.645,51.0239],[-115.65,51.0598],[-115.6064,51.0272],[-115.6209,50.9973],[-115.5881,51.0119],[-115.6015,50.9741],[-115.5826,50.9744],[-115.5691,50.993],[-115.5624,50.9789],[-115.5463,50.9878],[-115.5837,51.0449],[-115.6441,51.0937],[-115.6514,51.1095],[-115.6407,51.1146],[-115.6593,51.1242],[-115.6583,51.1357],[-115.6191,51.1268],[-115.6161,51.1067],[-115.5974,51.1045],[-115.6128,51.0899],[-115.5852,51.0918],[-115.5877,51.0698],[-115.5768,51.0732],[-115.5754,51.0602],[-115.5479,51.067],[-115.5425,51.046],[-115.5528,51.0291],[-115.5402,51.034],[-115.5427,51.0195],[-115.5255,51.0255],[-115.5241,50.9877],[-115.5077,50.9961],[-115.4972,50.9858],[-115.5148,50.969],[-115.4846,50.9388],[-115.4949,50.9288],[-115.4358,50.8803],[-115.4557,50.876],[-115.5332,50.9209],[-115.5289,50.9329],[-115.5444,50.9329],[-115.5398,50.9556],[-115.565,50.9572],[-115.5653,50.9347],[-115.5987,50.9289]]],[[[-115.4546,51.0476],[-115.4324,51.0151],[-115.4185,51.0149],[-115.4307,50.9955],[-115.4611,51.0098],[-115.502,51.0717],[-115.4546,51.0476]]],[[[-115.4778,51.1425],[-115.4291,51.1007],[-115.42,51.0744],[-115.443,51.079],[-115.4572,51.1009],[-115.4683,51.0969],[-115.5236,51.1541],[-115.4778,51.1425]]],[[[-115.1722,51.2636],[-115.1455,51.2507],[-115.1549,51.2361],[-115.1847,51.2393],[-115.1839,51.2276],[-115.2113,51.2367],[-115.2141,51.2257],[-115.1935,51.2156],[-115.2358,51.2185],[-115.2291,51.1987],[-115.2549,51.2161],[-115.2675,51.2011],[-115.2584,51.1954],[-115.2811,51.1829],[-115.2515,51.189],[-115.2579,51.1711],[-115.2468,51.1671],[-115.229,51.188],[-115.2299,51.1609],[-115.2116,51.1573],[-115.2075,51.1895],[-115.1963,51.1742],[-115.1936,51.1938],[-115.1689,51.1988],[-115.1759,51.1819],[-115.1524,51.1752],[-115.1225,51.199],[-115.1228,51.1783],[-115.1438,51.1677],[-115.1747,51.1764],[-115.1903,51.1594],[-115.1825,51.1422],[-115.148,51.1465],[-115.1656,51.1366],[-115.1463,51.1152],[-115.1318,51.1181],[-115.1376,51.1008],[-115.1538,51.1032],[-115.148,51.1091],[-115.1761,51.1331],[-115.1909,51.1321],[-115.199,51.1503],[-115.2285,51.1562],[-115.2338,51.1242],[-115.2155,51.1131],[-115.2345,51.1103],[-115.216,51.0862],[-115.2295,51.0871],[-115.2381,51.1052],[-115.2531,51.0919],[-115.2728,51.1041],[-115.248,51.1165],[-115.2775,51.12],[-115.248,51.1243],[-115.2472,51.1468],[-115.2752,51.155],[-115.2821,51.1391],[-115.3014,51.1531],[-115.2913,51.1312],[-115.3092,51.135],[-115.3091,51.1136],[-115.3259,51.1331],[-115.344,51.1345],[-115.3347,51.1405],[-115.3479,51.1539],[-115.3736,51.1604],[-115.3472,51.1803],[-115.3398,51.1626],[-115.323,51.173],[-115.2941,51.1663],[-115.3051,51.1889],[-115.2893,51.1911],[-115.2921,51.2062],[-115.3105,51.2177],[-115.3023,51.2255],[-115.264,51.223],[-115.2485,51.2328],[-115.2504,51.2467],[-115.2343,51.2368],[-115.2206,51.2595],[-115.2181,51.2466],[-115.1971,51.2421],[-115.1722,51.2636]]],[[[-115.528,51.0927],[-115.5458,51.1097],[-115.5801,51.1446],[-115.528,51.0927]]],[[[-115.4183,51.2057],[-115.3928,51.2109],[-115.4108,51.2219],[-115.436,51.2133],[-115.4276,51.2302],[-115.4588,51.2312],[-115.4218,51.255],[-115.4038,51.2421],[-115.4002,51.2524],[-115.3557,51.2054],[-115.3928,51.1788],[-115.4054,51.1909],[-115.3984,51.1974],[-115.4183,51.2057]]],[[[-115.651,51.2139],[-115.6158,51.1947],[-115.638,51.1889],[-115.651,51.2139]]],[[[-115.6071,51.3145],[-115.5436,51.2332],[-115.5575,51.2157],[-115.5949,51.2237],[-115.598,51.2511],[-115.6337,51.2951],[-115.6071,51.3145]]],[[[-115.6272,51.3138],[-115.631,51.3326],[-115.6095,51.3282],[-115.6272,51.3138]]],[[[-115.4579,51.5906],[-115.4713,51.566],[-115.5058,51.5565],[-115.4846,51.5502],[-115.5133,51.538],[-115.5184,51.5258],[-115.4931,51.5363],[-115.4827,51.5189],[-115.4827,51.5368],[-115.4692,51.525],[-115.4599,51.5428],[-115.4152,51.5489],[-115.4141,51.5605],[-115.3959,51.5404],[-115.4605,51.5277],[-115.4619,51.5186],[-115.452,51.5252],[-115.4259,51.5129],[-115.4642,51.5067],[-115.4544,51.4882],[-115.4795,51.4813],[-115.4773,51.4741],[-115.4408,51.4832],[-115.47,51.463],[-115.4653,51.4498],[-115.4428,51.4672],[-115.4423,51.4326],[-115.4131,51.481],[-115.3841,51.4732],[-115.4189,51.4658],[-115.406,51.4419],[-115.3591,51.428],[-115.3274,51.4423],[-115.3385,51.4169],[-115.2964,51.4371],[-115.2941,51.4498],[-115.2574,51.4447],[-115.2289,51.4127],[-115.2612,51.4207],[-115.2629,51.4344],[-115.289,51.4264],[-115.2548,51.4008],[-115.3051,51.411],[-115.3398,51.3905],[-115.2595,51.3947],[-115.2521,51.3837],[-115.2809,51.3745],[-115.2439,51.3782],[-115.239,51.369],[-115.2729,51.3628],[-115.2727,51.3555],[-115.2375,51.3592],[-115.2088,51.328],[-115.2381,51.3255],[-115.2538,51.3435],[-115.2522,51.3282],[-115.2755,51.3374],[-115.2815,51.3272],[-115.2859,51.3536],[-115.2961,51.3562],[-115.2981,51.3441],[-115.32,51.3527],[-115.2978,51.3238],[-115.3449,51.3347],[-115.3449,51.3215],[-115.3739,51.3233],[-115.3734,51.3473],[-115.3873,51.343],[-115.3821,51.3523],[-115.397,51.3512],[-115.405,51.3694],[-115.3943,51.3781],[-115.414,51.3769],[-115.3797,51.4142],[-115.4157,51.3883],[-115.4574,51.3991],[-115.4224,51.3564],[-115.4591,51.352],[-115.4589,51.3389],[-115.4158,51.3433],[-115.4218,51.327],[-115.408,51.332],[-115.4075,51.3184],[-115.3386,51.2751],[-115.3286,51.3021],[-115.3086,51.2921],[-115.3185,51.3142],[-115.2939,51.3043],[-115.2797,51.3154],[-115.2767,51.2922],[-115.2341,51.3099],[-115.242,51.2961],[-115.2055,51.3042],[-115.1844,51.2893],[-115.2265,51.2898],[-115.2269,51.2781],[-115.2504,51.2879],[-115.2473,51.2728],[-115.2824,51.2668],[-115.2971,51.2764],[-115.3063,51.2662],[-115.2986,51.255],[-115.3212,51.2639],[-115.3185,51.2506],[-115.401,51.2982],[-115.4335,51.301],[-115.4279,51.2919],[-115.4526,51.3036],[-115.4468,51.2837],[-115.4851,51.2659],[-115.4714,51.2858],[-115.4944,51.2792],[-115.5122,51.2952],[-115.5011,51.3056],[-115.5289,51.2994],[-115.532,51.3191],[-115.5522,51.3233],[-115.5409,51.3347],[-115.5684,51.3387],[-115.572,51.356],[-115.5537,51.3569],[-115.5444,51.3785],[-115.5118,51.3746],[-115.5325,51.391],[-115.5734,51.3697],[-115.5893,51.405],[-115.5522,51.4191],[-115.5943,51.4127],[-115.6163,51.4227],[-115.5901,51.3614],[-115.6417,51.4024],[-115.6556,51.3957],[-115.6641,51.4069],[-115.6522,51.4127],[-115.6881,51.4552],[-115.6816,51.4682],[-115.72,51.5154],[-115.707,51.5194],[-115.7188,51.5344],[-115.7074,51.56],[-115.6726,51.567],[-115.6617,51.5532],[-115.6467,51.5714],[-115.601,51.578],[-115.6331,51.5526],[-115.6007,51.5487],[-115.5946,51.539],[-115.61,51.5284],[-115.5991,51.526],[-115.6513,51.4993],[-115.6468,51.4916],[-115.6066,51.5079],[-115.5914,51.4951],[-115.5944,51.5233],[-115.5827,51.5248],[-115.5613,51.4748],[-115.5728,51.4646],[-115.5497,51.4719],[-115.536,51.4561],[-115.5476,51.4913],[-115.5286,51.4929],[-115.5529,51.4957],[-115.5601,51.516],[-115.5511,51.5211],[-115.564,51.5256],[-115.5542,51.5335],[-115.5722,51.5379],[-115.558,51.5494],[-115.5733,51.5561],[-115.5566,51.5726],[-115.5361,51.5491],[-115.525,51.5725],[-115.5007,51.5688],[-115.4722,51.603],[-115.4579,51.5906]]],[[[-115.587,51.7075],[-115.5138,51.6749],[-115.5054,51.6533],[-115.5264,51.6559],[-115.5626,51.6885],[-115.5626,51.6739],[-115.5865,51.6773],[-115.5596,51.6527],[-115.5767,51.6521],[-115.598,51.6269],[-115.6074,51.6409],[-115.6071,51.6168],[-115.6331,51.6241],[-115.6401,51.6388],[-115.6537,51.6168],[-115.7277,51.6286],[-115.6769,51.6113],[-115.6203,51.6118],[-115.6874,51.5963],[-115.6891,51.5849],[-115.716,51.5988],[-115.7154,51.5668],[-115.7441,51.5643],[-115.7215,51.5567],[-115.7288,51.5466],[-115.7842,51.5822],[-115.7774,51.5551],[-115.7576,51.5383],[-115.8233,51.5235],[-115.8138,51.4948],[-115.8062,51.518],[-115.7383,51.5268],[-115.751,51.5121],[-115.7347,51.5115],[-115.7301,51.4969],[-115.7504,51.4863],[-115.7082,51.486],[-115.7067,51.4584],[-115.7353,51.4597],[-115.701,51.4347],[-115.7328,51.437],[-115.7681,51.415],[-115.7989,51.4592],[-115.8124,51.4602],[-115.7991,51.4325],[-115.8295,51.4247],[-115.7956,51.4246],[-115.7878,51.4114],[-115.8846,51.3827],[-115.8408,51.385],[-115.8208,51.3741],[-115.8011,51.393],[-115.7672,51.3942],[-115.7916,51.3569],[-115.7601,51.379],[-115.7774,51.3421],[-115.74,51.3682],[-115.7527,51.3959],[-115.7323,51.4088],[-115.691,51.3883],[-115.6965,51.3708],[-115.6811,51.3783],[-115.6782,51.3608],[-115.6514,51.3768],[-115.6243,51.3615],[-115.6174,51.3449],[-115.6569,51.3628],[-115.6843,51.3384],[-115.6578,51.3401],[-115.6688,51.3191],[-115.64,51.2949],[-115.64,51.2306],[-115.6545,51.2264],[-115.6839,51.2492],[-115.7007,51.2951],[-115.7306,51.3316],[-115.739,51.3158],[-115.7254,51.2953],[-115.7596,51.2755],[-115.7214,51.2835],[-115.7018,51.2488],[-115.7041,51.2298],[-115.6635,51.2126],[-115.6555,51.1945],[-115.6717,51.1991],[-115.6676,51.1876],[-115.6876,51.1774],[-115.7173,51.1957],[-115.7053,51.2092],[-115.7337,51.21],[-115.7357,51.2271],[-115.7548,51.2318],[-115.7402,51.2539],[-115.7688,51.2427],[-115.7896,51.259],[-115.8074,51.2935],[-115.7738,51.304],[-115.8075,51.3068],[-115.821,51.3362],[-115.8223,51.3064],[-115.9557,51.3958],[-115.9178,51.348],[-115.937,51.3357],[-115.8829,51.3251],[-115.8453,51.2962],[-115.8426,51.2755],[-115.9097,51.2988],[-115.9131,51.2886],[-115.9497,51.299],[-115.9808,51.3167],[-115.9868,51.3379],[-116.0206,51.3493],[-116.0132,51.3559],[-116.0421,51.3719],[-116.0448,51.41],[-116.0385,51.424],[-116.01,51.4074],[-116.018,51.435],[-116.0064,51.4445],[-115.9879,51.4344],[-115.9841,51.4447],[-116.0089,51.4634],[-115.9936,51.4767],[-116.0182,51.4777],[-116.0292,51.4487],[-116.0428,51.4524],[-116.0802,51.4034],[-116.1233,51.4323],[-116.1063,51.4609],[-116.1328,51.4415],[-116.1844,51.486],[-116.1271,51.56],[-116.0912,51.5328],[-116.0769,51.5455],[-116.0063,51.5305],[-115.9668,51.5504],[-115.9329,51.5048],[-115.9315,51.4701],[-115.9192,51.4694],[-115.9094,51.4801],[-115.9379,51.5628],[-115.9171,51.5586],[-115.9271,51.5683],[-115.9102,51.5983],[-115.8641,51.587],[-115.9102,51.6096],[-115.9115,51.647],[-115.8543,51.646],[-115.8357,51.6299],[-115.8372,51.6516],[-115.7916,51.6529],[-115.7998,51.633],[-115.7833,51.6235],[-115.7829,51.6406],[-115.743,51.6399],[-115.7347,51.666],[-115.7062,51.667],[-115.6987,51.6789],[-115.6812,51.6625],[-115.6628,51.6717],[-115.6898,51.6882],[-115.6827,51.7],[-115.6441,51.701],[-115.6505,51.688],[-115.6271,51.695],[-115.6234,51.6825],[-115.6126,51.6933],[-115.6192,51.6731],[-115.587,51.7075]]],[[[-115.3778,51.517],[-115.403,51.4986],[-115.4009,51.4883],[-115.4112,51.4886],[-115.402,51.5112],[-115.3778,51.517]]],[[[-115.5478,51.6116],[-115.5798,51.5766],[-115.6022,51.5902],[-115.6002,51.6025],[-115.5831,51.6012],[-115.5894,51.6133],[-115.5777,51.6236],[-115.5478,51.6116]]],[[[-115.4431,51.6481],[-115.4455,51.6599],[-115.4363,51.6536],[-115.4431,51.6481]]],[[[-115.4041,51.6765],[-115.4237,51.6939],[-115.4126,51.6926],[-115.4041,51.6765]]],[[[-115.4275,51.72],[-115.4384,51.7097],[-115.4586,51.7196],[-115.4275,51.72]]],[[[-115.5462,51.8628],[-115.4385,51.7669],[-115.4396,51.7369],[-115.4672,51.7382],[-115.4471,51.758],[-115.4532,51.7644],[-115.4899,51.7558],[-115.4923,51.769],[-115.4666,51.781],[-115.4885,51.781],[-115.4841,51.79],[-115.5056,51.7807],[-115.4969,51.798],[-115.5177,51.7915],[-115.5236,51.8097],[-115.5051,51.8142],[-115.5302,51.8168],[-115.5142,51.8297],[-115.5269,51.845],[-115.5485,51.8161],[-115.5797,51.8049],[-115.5622,51.7962],[-115.5737,51.7847],[-115.5588,51.7729],[-115.575,51.7703],[-115.6035,51.7785],[-115.6047,51.8029],[-115.6139,51.7924],[-115.6374,51.7989],[-115.6448,51.8173],[-115.6835,51.827],[-115.6883,51.8478],[-115.6769,51.8565],[-115.7008,51.8553],[-115.6913,51.8683],[-115.7094,51.8765],[-115.6894,51.8715],[-115.6824,51.8887],[-115.6633,51.885],[-115.6715,51.875],[-115.6522,51.8775],[-115.6589,51.8672],[-115.6311,51.8675],[-115.6463,51.8446],[-115.6191,51.8595],[-115.5985,51.8388],[-115.6069,51.8284],[-115.5801,51.8221],[-115.5654,51.834],[-115.5869,51.8516],[-115.5445,51.8472],[-115.5897,51.8897],[-115.6091,51.8734],[-115.628,51.8806],[-115.6152,51.888],[-115.6189,51.8984],[-115.597,51.8958],[-115.5462,51.8628]]],[[[-115.6363,51.9164],[-115.6558,51.8987],[-115.6732,51.9241],[-115.6363,51.9164]]],[[[-116.0405,52.0313],[-116.0442,52.0238],[-116.0248,52.021],[-116.0186,52.0311],[-115.9666,52.0114],[-116.021,52.0115],[-116.0389,52.0],[-116.0775,52.0073],[-116.093,52.0224],[-116.0405,52.0313]]],[[[-115.9821,52.039],[-116.0058,52.0373],[-116.0037,52.0424],[-115.9821,52.039]],[[-115.9986,52.04],[-116.0015,52.0393],[-115.9981,52.0395],[-115.9986,52.04]]],[[[-115.9336,52.0945],[-115.954,52.0811],[-115.967,52.0924],[-115.9806,52.084],[-115.9778,52.1059],[-116.0059,52.1002],[-115.9798,52.1196],[-115.9658,52.1173],[-115.9336,52.0945]]],[[[-116.0726,52.1627],[-116.024,52.1336],[-115.9933,52.1239],[-116.0267,52.1065],[-116.0118,52.122],[-116.027,52.1294],[-116.0339,52.1178],[-116.0527,52.1239],[-116.0439,52.1409],[-116.0764,52.132],[-116.0664,52.1436],[-116.0742,52.1493],[-116.0949,52.1453],[-116.0726,52.1627]]],[[[-116.1151,52.1787],[-116.0931,52.1701],[-116.1032,52.1513],[-116.1227,52.1541],[-116.1214,52.1663],[-116.1497,52.1661],[-116.1151,52.1787]]],[[[-116.1582,52.1978],[-116.1691,52.1766],[-116.1809,52.1766],[-116.1726,52.1882],[-116.1807,52.1977],[-116.1947,52.1884],[-116.198,52.2072],[-116.2587,52.2274],[-116.1582,52.1978]]]]}},{"type":"Feature","properties":{"key":"eastern_continental_ranges","name":"Eastern Continental Ranges","where":"central AB","sort":506,"ecozone":"Montane Cordillera","ab_subregion":""},"geometry":{"type":"MultiPolygon","coordinates":[[[[-117.6344,53.2998],[-117.6285,53.2944],[-117.6447,53.2953],[-117.6344,53.2998]]],[[[-117.815,53.45],[-117.7521,53.4007],[-117.7834,53.3953],[-117.7983,53.374],[-117.8288,53.3636],[-117.8577,53.3766],[-117.8099,53.4032],[-117.8401,53.4091],[-117.8444,53.4249],[-117.815,53.45]],[[-117.8063,53.413],[-117.7858,53.4102],[-117.8081,53.4209],[-117.8063,53.413]],[[-117.8162,53.3863],[-117.846,53.3803],[-117.8343,53.3704],[-117.8162,53.3863]]],[[[-118.6962,54.1215],[-118.7063,54.1106],[-118.7174,54.1097],[-118.7163,54.119],[-118.6962,54.1215]]],[[[-119.4098,54.2386],[-119.5138,54.25],[-119.5483,54.2305],[-119.5292,54.253],[-119.4887,54.262],[-119.3867,54.2493],[-119.4098,54.2386]]],[[[-119.8183,54.4055],[-119.8555,54.3921],[-119.8445,54.3723],[-119.8634,54.3884],[-119.895,54.3821],[-119.8341,54.4171],[-119.8183,54.4055]]]]}},{"type":"Feature","properties":{"key":"eastern_continental_ranges","name":"Eastern Continental Ranges","where":"central AB","sort":506,"ecozone":"Montane Cordillera","ab_subregion":"Montane"},"geometry":{"type":"MultiPolygon","coordinates":[[[[-115.2108,50.8614],[-115.2105,50.866],[-115.2086,50.8658],[-115.2108,50.8614]]],[[[-115.4643,51.1453],[-115.3407,51.048],[-115.2381,51.0228],[-115.2238,51.0021],[-115.3017,50.9936],[-115.2684,51.0217],[-115.2957,51.0298],[-115.3139,51.0201],[-115.3152,51.035],[-115.3516,51.0347],[-115.3548,51.0514],[-115.41,51.0677],[-115.4052,51.0908],[-115.4643,51.1453]]],[[[-115.3869,51.1732],[-115.376,51.1752],[-115.3802,51.1668],[-115.3869,51.1732]]],[[[-115.5692,51.2075],[-115.6082,51.2017],[-115.6163,51.2155],[-115.6427,51.2178],[-115.6201,51.2299],[-115.5692,51.2075]]],[[[-115.5376,51.1556],[-115.4956,51.1038],[-115.432,51.0625],[-115.4288,51.0476],[-115.5026,51.0835],[-115.5182,51.0729],[-115.4964,51.0236],[-115.5072,51.0191],[-115.5458,51.0829],[-115.5229,51.0889],[-115.531,51.1103],[-115.5702,51.1525],[-115.6025,51.1613],[-115.577,51.1145],[-115.6323,51.1446],[-115.6677,51.1473],[-115.6796,51.1354],[-115.627,51.0657],[-115.657,51.0713],[-115.6685,51.0878],[-115.6868,51.0806],[-115.6796,51.0912],[-115.693,51.117],[-115.7252,51.1275],[-115.7001,51.1476],[-115.7469,51.1621],[-115.7918,51.203],[-115.8462,51.2065],[-115.8354,51.2202],[-115.8911,51.2498],[-115.9954,51.2472],[-115.9702,51.2544],[-115.974,51.2677],[-116.0129,51.285],[-116.1052,51.3672],[-116.009,51.3043],[-115.897,51.2689],[-115.8257,51.266],[-115.8263,51.2477],[-115.7852,51.245],[-115.7008,51.1717],[-115.6138,51.1834],[-115.5967,51.1971],[-115.5851,51.1928],[-115.5853,51.1722],[-115.5376,51.1556]]],[[[-115.1753,51.2691],[-115.2174,51.2666],[-115.3306,51.2288],[-115.3914,51.264],[-115.413,51.2644],[-115.4959,51.2303],[-115.5103,51.2133],[-115.5474,51.2134],[-115.5331,51.2565],[-115.6052,51.3343],[-115.5044,51.2815],[-115.4803,51.2552],[-115.4101,51.2817],[-115.3182,51.2462],[-115.1782,51.2861],[-115.1753,51.2691]]],[[[-116.4111,52.2236],[-116.4221,52.2107],[-116.4215,52.17],[-116.3986,52.1524],[-116.4009,52.1392],[-116.3492,52.0628],[-116.3319,52.0551],[-116.3566,52.0595],[-116.3733,52.0466],[-116.3565,52.0103],[-116.3649,51.9967],[-116.3754,52.0124],[-116.373,52.004],[-116.4207,51.9791],[-116.4958,51.9751],[-116.5817,51.982],[-116.6016,51.9948],[-116.6618,51.9875],[-116.7227,51.9384],[-116.7719,51.9439],[-116.8085,51.9136],[-116.8084,51.8867],[-116.7831,51.8525],[-116.7963,51.8359],[-116.8014,51.8521],[-116.7917,51.8567],[-116.8189,51.8638],[-116.8367,51.9195],[-116.9249,51.9048],[-116.9837,51.906],[-116.8146,51.9274],[-116.7898,51.9607],[-116.8921,52.0479],[-116.9769,52.0715],[-116.9486,52.0773],[-116.9446,52.0917],[-116.8509,52.0381],[-116.8104,51.9919],[-116.7772,51.9805],[-116.7193,51.9863],[-116.6293,52.0293],[-116.5289,52.0083],[-116.4773,52.008],[-116.4404,52.0275],[-116.4386,52.0762],[-116.4301,52.0759],[-116.4629,52.1457],[-116.4788,52.156],[-116.5399,52.1557],[-116.4953,52.1727],[-116.5014,52.2194],[-116.483,52.2195],[-116.4746,52.2346],[-116.4221,52.2574],[-116.4111,52.2236]]],[[[-117.835,53.2178],[-117.771,53.2345],[-117.7468,53.2042],[-117.7931,53.2226],[-117.8248,53.2111],[-117.8157,53.1923],[-117.8468,53.1928],[-117.769,53.1512],[-117.7787,53.1441],[-117.7699,53.1268],[-117.7946,53.1472],[-117.8591,53.1571],[-117.9065,53.183],[-117.9595,53.1678],[-117.8728,53.1108],[-117.8754,53.0992],[-117.834,53.0851],[-117.8285,53.0765],[-117.8665,53.0776],[-117.8588,53.0586],[-117.7991,53.0224],[-117.8855,53.0421],[-117.9159,53.0667],[-117.954,53.0763],[-118.0391,53.065],[-117.998,53.0341],[-118.0488,53.0498],[-118.0768,53.0322],[-118.0235,52.9928],[-117.9941,52.933],[-117.9062,52.8989],[-117.9928,52.9014],[-118.0279,52.8628],[-117.9506,52.7897],[-117.8932,52.7626],[-117.8588,52.7281],[-117.8405,52.6716],[-117.853,52.6477],[-117.8385,52.6248],[-117.7888,52.5988],[-117.6821,52.574],[-117.6638,52.5598],[-117.6787,52.5524],[-117.6477,52.5386],[-117.6546,52.5334],[-117.6323,52.5328],[-117.6362,52.4888],[-117.6445,52.4944],[-117.6491,52.4801],[-117.6651,52.4817],[-117.6722,52.5044],[-117.7221,52.5489],[-117.7664,52.5625],[-117.7827,52.5587],[-117.7793,52.5474],[-117.8561,52.5795],[-117.921,52.6429],[-118.0578,52.5972],[-117.968,52.6538],[-117.9479,52.6929],[-117.9642,52.7217],[-118.0289,52.7622],[-118.0538,52.7478],[-118.0545,52.7882],[-118.0687,52.7876],[-118.0617,52.7969],[-118.1067,52.8476],[-118.2522,52.8567],[-118.2764,52.8426],[-118.2923,52.8623],[-118.4533,52.8712],[-118.4552,52.8914],[-118.5028,52.9134],[-118.3214,52.8842],[-118.3006,52.8861],[-118.3001,52.9002],[-118.1856,52.8818],[-118.206,52.8929],[-118.1718,52.886],[-118.186,52.8967],[-118.1421,52.904],[-118.1371,52.9302],[-118.0951,52.9481],[-118.0873,52.9608],[-118.1207,53.0],[-118.1818,53.023],[-118.1446,53.0345],[-118.1406,53.0629],[-118.1253,53.0703],[-118.1324,53.0844],[-118.1139,53.0783],[-118.1148,53.1077],[-118.0763,53.0889],[-118.0609,53.1225],[-118.1365,53.1879],[-118.152,53.1879],[-118.1576,53.1735],[-118.1669,53.189],[-118.1867,53.1886],[-118.2047,53.2236],[-118.1983,53.2503],[-118.1718,53.2482],[-118.1747,53.2355],[-118.1507,53.2252],[-118.1624,53.2217],[-118.1573,53.2121],[-118.1107,53.2246],[-118.0897,53.202],[-118.0542,53.1923],[-118.0397,53.2008],[-118.0275,53.178],[-118.0134,53.1804],[-118.0188,53.213],[-118.0043,53.2104],[-117.9939,53.2415],[-118.0861,53.3062],[-118.102,53.332],[-118.0227,53.2907],[-117.9964,53.2892],[-117.9968,53.2739],[-117.9775,53.2731],[-117.9365,53.2416],[-117.8912,53.2349],[-117.8982,53.2581],[-117.8866,53.2642],[-117.8814,53.235],[-117.835,53.2178]]],[[[-117.6585,53.2864],[-117.6314,53.2616],[-117.6818,53.2725],[-117.6585,53.2864]]],[[[-117.7304,53.3903],[-117.8683,53.3213],[-117.8858,53.2728],[-117.8857,53.2959],[-117.9,53.304],[-117.891,53.3139],[-117.9177,53.3113],[-117.8958,53.3232],[-117.9029,53.334],[-117.9352,53.3321],[-117.9006,53.357],[-117.9155,53.3628],[-117.9093,53.3725],[-117.9351,53.4001],[-117.8954,53.3956],[-117.812,53.4116],[-117.8195,53.393],[-117.8577,53.3766],[-117.8288,53.3636],[-117.7696,53.4001],[-117.7304,53.3903]]],[[[-118.7681,54.1177],[-118.8594,54.0152],[-118.876,54.0192],[-118.8725,54.0282],[-118.9164,54.0213],[-118.93,54.0308],[-118.895,54.0415],[-118.9328,54.0481],[-118.9418,54.0381],[-118.9946,54.0455],[-119.0184,54.0276],[-119.0045,54.0181],[-119.009,54.0083],[-118.9647,54.0014],[-118.9578,53.9696],[-118.9081,53.9659],[-118.9019,53.9465],[-118.835,53.9332],[-118.8427,53.919],[-118.9049,53.929],[-118.9062,53.9148],[-118.9627,53.9194],[-118.9574,53.9091],[-119.0591,53.8885],[-119.0496,53.8354],[-119.0837,53.8448],[-119.1074,53.8375],[-119.1082,53.8195],[-119.1695,53.8245],[-119.2045,53.7947],[-119.3168,53.7747],[-119.3332,53.7589],[-119.3702,53.7712],[-119.3202,53.8007],[-119.2173,53.8276],[-119.2012,53.8561],[-119.2054,53.8782],[-119.192,53.8898],[-119.2465,53.884],[-119.2004,53.9021],[-119.206,53.9119],[-119.2583,53.9048],[-119.2229,53.9178],[-119.2348,53.9442],[-119.1926,53.9397],[-119.1835,53.9611],[-119.171,53.9611],[-119.1649,53.9924],[-119.0826,54.0283],[-119.1093,54.0361],[-119.1411,54.0186],[-119.1744,54.0227],[-119.155,54.0369],[-119.1677,54.0659],[-119.0988,54.0617],[-119.1017,54.0762],[-119.0806,54.0758],[-119.0666,54.0938],[-119.0318,54.0888],[-119.0427,54.1028],[-119.0131,54.0949],[-119.0188,54.11],[-119.009,54.1154],[-118.8912,54.0936],[-118.8427,54.1065],[-118.8247,54.1357],[-118.7681,54.1177]],[[-119.0543,54.0054],[-119.1101,53.9834],[-119.0984,53.9608],[-119.1403,53.9476],[-119.1378,53.9295],[-119.1489,53.9257],[-119.135,53.9087],[-119.0947,53.9115],[-119.0713,53.9344],[-118.9987,53.9548],[-119.0328,53.9785],[-119.056,53.977],[-119.0655,53.9877],[-119.0543,54.0054]]],[[[-115.1758,50.9323],[-115.1946,50.9159],[-115.2096,50.9025],[-115.201,50.9241],[-115.2089,50.9317],[-115.1758,50.9323]]],[[[-115.1627,51.0871],[-115.1714,51.1089],[-115.1514,51.0886],[-115.1627,51.0871]]],[[[-115.1041,51.1091],[-115.1371,51.0926],[-115.1339,51.1085],[-115.1061,51.1241],[-115.1041,51.1091]]],[[[-115.1742,51.0857],[-115.2119,51.1004],[-115.1967,51.112],[-115.1742,51.0857]]],[[[-115.2938,51.1089],[-115.2894,51.105],[-115.2956,51.1077],[-115.2938,51.1089]]],[[[-115.1124,51.1329],[-115.1415,51.1312],[-115.1169,51.1407],[-115.1168,51.1516],[-115.1625,51.1566],[-115.0975,51.1735],[-115.1124,51.1329]]],[[[-115.0876,51.1942],[-115.0949,51.1744],[-115.1111,51.1872],[-115.1049,51.2053],[-115.1373,51.2125],[-115.1536,51.1958],[-115.1822,51.208],[-115.136,51.2292],[-115.1407,51.2503],[-115.0876,51.1942]]],[[[-115.1507,51.2545],[-115.1545,51.257],[-115.1472,51.2538],[-115.1507,51.2545]]],[[[-115.1814,51.2962],[-115.205,51.3155],[-115.2632,51.318],[-115.2005,51.3264],[-115.1782,51.3104],[-115.1814,51.2962]]],[[[-115.5296,51.7528],[-115.4894,51.7344],[-115.4932,51.7134],[-115.5496,51.7309],[-115.6377,51.7198],[-115.5698,51.7526],[-115.5296,51.7528]]]]}},{"type":"Feature","properties":{"key":"eastern_continental_ranges","name":"Eastern Continental Ranges","where":"central AB","sort":506,"ecozone":"Montane Cordillera","ab_subregion":"Subalpine"},"geometry":{"type":"MultiPolygon","coordinates":[[[[-117.7502,53.2424],[-117.6917,53.2256],[-117.6972,53.2364],[-117.6765,53.2309],[-117.7042,53.2614],[-117.6641,53.2659],[-117.664,53.2559],[-117.6143,53.2493],[-117.6172,53.2621],[-117.5944,53.2631],[-117.6371,53.2874],[-117.5957,53.2836],[-117.5397,53.2574],[-117.5632,53.2558],[-117.5473,53.2437],[-117.5567,53.237],[-117.5317,53.2409],[-117.5096,53.2197],[-117.524,53.2046],[-117.5619,53.2238],[-117.5727,53.2108],[-117.5836,53.2246],[-117.6182,53.2238],[-117.5693,53.1766],[-117.5436,53.1687],[-117.5681,53.163],[-117.5617,53.153],[-117.5838,53.1607],[-117.569,53.146],[-117.5896,53.1375],[-117.5824,53.1336],[-117.5613,53.1379],[-117.5548,53.1263],[-117.5546,53.144],[-117.5231,53.1254],[-117.5014,53.1327],[-117.4791,53.1141],[-117.4858,53.1371],[-117.4303,53.1198],[-117.4134,53.1267],[-117.4152,53.1023],[-117.369,53.1212],[-117.3737,53.1318],[-117.3516,53.1214],[-117.3693,53.112],[-117.3694,53.0985],[-117.3321,53.1177],[-117.3524,53.0989],[-117.308,53.0845],[-117.3237,53.1082],[-117.2631,53.1181],[-117.2755,53.1059],[-117.2698,53.0954],[-117.2539,53.1093],[-117.2221,53.101],[-117.2156,53.0873],[-117.3124,53.0587],[-117.2485,53.0663],[-117.2363,53.0515],[-117.1928,53.0471],[-117.1792,53.0331],[-117.1913,53.0213],[-117.1712,53.0257],[-117.1696,53.049],[-117.1387,53.0679],[-117.1314,53.0622],[-117.1475,53.0493],[-117.1375,53.0391],[-117.0529,53.0347],[-117.0345,53.0246],[-117.0483,53.0189],[-117.0424,53.0093],[-116.9988,53.0152],[-117.0016,53.036],[-116.9845,53.0296],[-116.9793,53.022],[-116.9931,53.0172],[-116.9757,53.0013],[-116.9296,52.9925],[-116.9753,52.9891],[-116.9729,52.9685],[-116.9597,52.9764],[-116.9404,52.9644],[-116.912,52.9699],[-116.9113,52.9555],[-116.89,52.9623],[-116.836,52.9343],[-116.858,52.9099],[-116.824,52.9278],[-116.7746,52.8957],[-116.819,52.8797],[-116.8913,52.8815],[-116.8922,52.8729],[-116.7333,52.855],[-116.8338,52.8287],[-116.8413,52.8049],[-116.8757,52.799],[-116.8608,52.79],[-116.8678,52.7739],[-116.8481,52.7651],[-116.8411,52.725],[-116.8565,52.6988],[-116.845,52.6868],[-116.8329,52.681],[-116.8396,52.7028],[-116.8239,52.7067],[-116.8003,52.6685],[-116.7971,52.7403],[-116.7779,52.7553],[-116.7881,52.7747],[-116.774,52.795],[-116.7568,52.7944],[-116.6899,52.7511],[-116.7002,52.7382],[-116.6576,52.7423],[-116.6564,52.725],[-116.5961,52.7182],[-116.5741,52.6913],[-116.6211,52.7016],[-116.616,52.6921],[-116.6291,52.6799],[-116.5652,52.6778],[-116.5686,52.658],[-116.545,52.6648],[-116.5494,52.676],[-116.5265,52.6675],[-116.5144,52.6499],[-116.5246,52.6532],[-116.5199,52.6439],[-116.5479,52.6225],[-116.5163,52.6345],[-116.5116,52.618],[-116.449,52.5944],[-116.4693,52.5738],[-116.4393,52.5838],[-116.4305,52.5742],[-116.4058,52.5147],[-116.4215,52.4949],[-116.409,52.4757],[-116.4119,52.4941],[-116.396,52.4991],[-116.3769,52.4841],[-116.3252,52.4849],[-116.2684,52.4524],[-116.2674,52.4422],[-116.3003,52.4557],[-116.2953,52.4227],[-116.2715,52.425],[-116.2881,52.4082],[-116.3423,52.399],[-116.4033,52.406],[-116.4066,52.3885],[-116.4351,52.405],[-116.4347,52.4515],[-116.4589,52.4251],[-116.4593,52.3936],[-116.5165,52.3869],[-116.4855,52.3691],[-116.4057,52.3727],[-116.3872,52.3409],[-116.4221,52.2574],[-116.4746,52.2346],[-116.483,52.2195],[-116.5007,52.2202],[-116.4953,52.1727],[-116.5399,52.1557],[-116.4788,52.156],[-116.4629,52.1457],[-116.4301,52.0759],[-116.4388,52.0754],[-116.4383,52.0286],[-116.4773,52.008],[-116.6293,52.0293],[-116.7193,51.9863],[-116.7772,51.9805],[-116.8104,51.9919],[-116.8509,52.0381],[-116.9446,52.0917],[-116.9486,52.0773],[-116.9769,52.0715],[-116.8921,52.0479],[-116.7898,51.9607],[-116.8146,51.9274],[-116.9822,51.9045],[-116.8367,51.9195],[-116.8189,51.8638],[-116.7917,51.8567],[-116.8014,51.8521],[-116.7963,51.8359],[-116.7831,51.8525],[-116.8084,51.8867],[-116.8085,51.9136],[-116.7719,51.9439],[-116.7227,51.9384],[-116.6618,51.9875],[-116.6016,51.9948],[-116.5817,51.982],[-116.4958,51.9751],[-116.4207,51.9791],[-116.373,52.004],[-116.3754,52.0124],[-116.3649,51.9967],[-116.3565,52.0103],[-116.3733,52.0466],[-116.3566,52.0595],[-116.3319,52.0551],[-116.3492,52.0628],[-116.4009,52.1392],[-116.3986,52.1524],[-116.4215,52.17],[-116.4141,52.2234],[-116.3888,52.2149],[-116.4092,52.2069],[-116.3878,52.1807],[-116.3842,52.1948],[-116.3659,52.1825],[-116.3626,52.1962],[-116.3472,52.1903],[-116.3163,52.2011],[-116.3474,52.1975],[-116.3601,52.2062],[-116.3199,52.204],[-116.2768,52.226],[-116.248,52.2258],[-116.198,52.2072],[-116.1947,52.1884],[-116.1807,52.1977],[-116.1726,52.1882],[-116.1809,52.1766],[-116.1523,52.1971],[-115.9742,52.1254],[-115.9474,52.105],[-115.9798,52.1196],[-116.0049,52.0974],[-115.9778,52.1059],[-115.9806,52.084],[-115.967,52.0924],[-115.954,52.0811],[-115.9407,52.0986],[-115.9187,52.082],[-115.9639,52.0742],[-115.9526,52.0572],[-115.9118,52.076],[-115.8234,52.0077],[-115.8541,52.0007],[-115.8457,52.0139],[-115.9206,52.0593],[-115.9367,52.051],[-115.902,52.036],[-115.9127,52.0287],[-115.8932,52.0256],[-115.8991,52.0107],[-115.8685,52.0157],[-115.8769,52.0097],[-115.8631,52.0061],[-115.8886,51.9972],[-115.8491,51.9916],[-115.8862,51.9834],[-115.8766,51.9783],[-115.898,51.9679],[-115.8477,51.9747],[-115.8569,51.9653],[-115.8363,51.952],[-115.8715,51.9579],[-115.8659,51.9362],[-115.9044,51.9572],[-115.9144,51.9292],[-115.9302,51.9407],[-115.9388,51.9272],[-115.9439,51.9395],[-115.9686,51.9355],[-115.9653,51.9252],[-116.0063,51.907],[-115.9844,51.9371],[-116.0514,51.9328],[-115.9783,51.9427],[-115.961,51.9646],[-115.9377,51.97],[-115.9471,51.9807],[-115.9719,51.9785],[-115.967,51.9684],[-115.9815,51.9701],[-115.9794,51.9604],[-116.0241,51.9591],[-116.0256,51.9867],[-116.0503,51.9687],[-116.055,51.9839],[-116.0898,51.9866],[-116.1092,51.9783],[-116.1171,51.9329],[-116.152,51.9026],[-116.1578,51.9094],[-116.1365,51.9386],[-116.1867,51.9269],[-116.1448,51.9512],[-116.1232,51.985],[-116.15,51.9882],[-116.0886,52.0111],[-116.1126,52.0217],[-116.1147,52.0373],[-116.0992,52.0268],[-116.0515,52.0522],[-116.0552,52.0626],[-116.0293,52.0661],[-116.0668,52.0693],[-116.0771,52.0552],[-116.1061,52.0623],[-116.1271,52.0543],[-116.1247,52.0422],[-116.1843,52.0251],[-116.1575,52.0542],[-116.181,52.0747],[-116.2011,52.0743],[-116.177,52.0813],[-116.1349,52.0607],[-116.1167,52.0727],[-116.1226,52.0827],[-116.1842,52.0945],[-116.2159,52.0813],[-116.2327,52.1088],[-116.255,52.1164],[-116.2586,52.1007],[-116.2754,52.1054],[-116.2853,52.0846],[-116.2548,52.0537],[-116.2763,52.065],[-116.3025,52.0504],[-116.2752,52.033],[-116.2671,52.0429],[-116.2614,52.0254],[-116.1549,51.961],[-116.1642,51.956],[-116.2031,51.975],[-116.2366,51.958],[-116.2407,51.9679],[-116.2218,51.983],[-116.3519,52.0468],[-116.3408,52.0369],[-116.3466,52.0247],[-116.3173,52.0219],[-116.3336,52.0092],[-116.2883,51.9918],[-116.2734,51.9689],[-116.3392,51.9868],[-116.3239,51.9483],[-116.2994,51.9443],[-116.3208,51.9309],[-116.2839,51.916],[-116.2863,51.9042],[-116.242,51.8778],[-116.2633,51.8814],[-116.2844,51.8437],[-116.2755,51.8759],[-116.2924,51.8887],[-116.3086,51.8709],[-116.2994,51.8963],[-116.3268,51.8931],[-116.318,51.908],[-116.3331,51.9158],[-116.3802,51.8795],[-116.3624,51.8518],[-116.3812,51.862],[-116.3953,51.8356],[-116.3461,51.809],[-116.3955,51.8238],[-116.3317,51.7359],[-116.3627,51.7532],[-116.4006,51.8009],[-116.421,51.7814],[-116.419,51.7464],[-116.4008,51.7244],[-116.435,51.7395],[-116.4404,51.7712],[-116.4526,51.7713],[-116.4397,51.7797],[-116.455,51.7852],[-116.4313,51.8116],[-116.4632,51.8084],[-116.428,51.8225],[-116.4203,51.8789],[-116.4737,51.8721],[-116.4982,51.8301],[-116.5065,51.8538],[-116.526,51.8568],[-116.4693,51.8876],[-116.4076,51.8996],[-116.3775,51.9253],[-116.404,51.9587],[-116.4383,51.9431],[-116.4178,51.9668],[-116.4986,51.9601],[-116.5021,51.9447],[-116.5451,51.9287],[-116.5671,51.8848],[-116.5766,51.8972],[-116.5342,51.9625],[-116.5766,51.9677],[-116.591,51.9323],[-116.5917,51.9751],[-116.6323,51.9826],[-116.628,51.9207],[-116.6422,51.9228],[-116.6595,51.9546],[-116.68,51.9517],[-116.703,51.9256],[-116.6657,51.8778],[-116.6303,51.8814],[-116.6417,51.8663],[-116.633,51.855],[-116.5809,51.8554],[-116.56,51.8425],[-116.603,51.8374],[-116.5661,51.8046],[-116.5195,51.8036],[-116.5584,51.7881],[-116.4381,51.674],[-116.3394,51.6464],[-116.3156,51.6696],[-116.322,51.6829],[-116.2849,51.6621],[-116.3127,51.6588],[-116.3238,51.6386],[-116.3017,51.6292],[-116.3139,51.6194],[-116.2909,51.5591],[-116.2343,51.4982],[-116.1952,51.5261],[-116.1909,51.5413],[-116.202,51.5461],[-116.1811,51.554],[-116.1749,51.5744],[-116.2164,51.5787],[-116.2424,51.6168],[-116.1602,51.5861],[-116.1473,51.6062],[-116.1685,51.6454],[-116.2133,51.6751],[-116.1458,51.6587],[-116.1328,51.6282],[-116.089,51.6178],[-116.1201,51.6167],[-116.1207,51.5784],[-116.077,51.5507],[-116.0366,51.5432],[-116.0071,51.5497],[-116.0309,51.5692],[-115.995,51.5627],[-115.9616,51.6012],[-116.0064,51.6179],[-115.9607,51.6133],[-115.954,51.6474],[-115.9363,51.6634],[-115.9495,51.677],[-116.0184,51.6691],[-115.985,51.6914],[-115.8894,51.6926],[-115.8836,51.7061],[-115.897,51.7225],[-115.847,51.6811],[-115.8085,51.6877],[-115.8262,51.7366],[-115.8048,51.7115],[-115.7663,51.6964],[-115.7775,51.6871],[-115.7617,51.6874],[-115.7353,51.6938],[-115.7256,51.7062],[-115.7354,51.7199],[-115.7177,51.7189],[-115.7144,51.7429],[-115.6964,51.7359],[-115.7069,51.7516],[-115.7249,51.7499],[-115.7155,51.7661],[-115.648,51.7448],[-115.6312,51.7553],[-115.6722,51.7883],[-115.7026,51.7916],[-115.7697,51.7684],[-115.6989,51.8113],[-115.7217,51.8283],[-115.7644,51.8036],[-115.782,51.8019],[-115.7894,51.8213],[-115.8212,51.8155],[-115.8656,51.7728],[-115.8635,51.7838],[-115.8853,51.787],[-115.8011,51.8414],[-115.8872,51.8477],[-115.9031,51.8285],[-115.9074,51.8431],[-115.9304,51.8419],[-115.9306,51.8214],[-115.9105,51.8068],[-115.9593,51.8133],[-115.961,51.7755],[-115.9786,51.7958],[-115.954,51.8366],[-116.0373,51.8087],[-116.0338,51.7717],[-116.0553,51.8078],[-116.0902,51.7984],[-116.1038,51.779],[-116.0845,51.7308],[-116.0993,51.7057],[-116.1078,51.7602],[-116.137,51.7771],[-116.1742,51.744],[-116.1748,51.7192],[-116.184,51.7242],[-116.2055,51.7],[-116.2021,51.7271],[-116.1552,51.7852],[-116.1899,51.7824],[-116.1881,51.7908],[-116.2178,51.8007],[-116.2617,51.7902],[-116.2589,51.7982],[-116.2152,51.8103],[-116.1492,51.7978],[-116.0973,51.815],[-116.0812,51.8406],[-116.1143,51.8588],[-116.0221,51.8489],[-116.0542,51.8606],[-116.0451,51.8716],[-116.0677,51.8723],[-116.0758,51.8837],[-116.0343,51.8764],[-116.0357,51.8648],[-116.0084,51.8552],[-115.9902,51.8622],[-115.9897,51.8753],[-115.9518,51.8603],[-115.9486,51.8744],[-115.9177,51.8645],[-115.8943,51.8891],[-115.8503,51.8789],[-115.8659,51.8962],[-115.9126,51.9046],[-115.8678,51.9065],[-115.8659,51.9171],[-115.8485,51.9161],[-115.8427,51.8939],[-115.8269,51.9026],[-115.8279,51.8852],[-115.8084,51.8887],[-115.8136,51.8976],[-115.7348,51.8967],[-115.8178,51.9239],[-115.8026,51.9435],[-115.7986,51.9295],[-115.7752,51.9374],[-115.7549,51.9191],[-115.7201,51.9148],[-115.7423,51.9285],[-115.7476,51.9419],[-115.7374,51.9458],[-115.7732,51.9465],[-115.7652,51.9661],[-115.7825,51.9791],[-115.7874,51.9523],[-115.8199,51.9653],[-115.7992,51.9829],[-115.8434,51.9799],[-115.8317,51.9981],[-115.8082,51.9971],[-115.7089,51.9313],[-115.7085,51.9102],[-115.735,51.8912],[-115.8203,51.8621],[-115.8664,51.8585],[-115.7923,51.8587],[-115.7403,51.8763],[-115.7263,51.8601],[-115.7189,51.88],[-115.6783,51.8984],[-115.6851,51.9134],[-115.6686,51.9302],[-115.6386,51.9175],[-115.6732,51.9241],[-115.6558,51.8987],[-115.6363,51.9164],[-115.597,51.8958],[-115.6189,51.8984],[-115.6269,51.8798],[-115.6091,51.8734],[-115.5897,51.8897],[-115.5445,51.8472],[-115.5869,51.8516],[-115.5654,51.834],[-115.5801,51.8221],[-115.6069,51.8284],[-115.5985,51.8388],[-115.6191,51.8595],[-115.6463,51.8446],[-115.6311,51.8675],[-115.6589,51.8672],[-115.6522,51.8775],[-115.6715,51.875],[-115.6633,51.885],[-115.6824,51.8887],[-115.6894,51.8715],[-115.7094,51.8765],[-115.6913,51.8683],[-115.7008,51.8553],[-115.6769,51.8565],[-115.6883,51.8478],[-115.6835,51.827],[-115.6448,51.8173],[-115.6374,51.7989],[-115.6139,51.7924],[-115.6047,51.8029],[-115.6035,51.7785],[-115.5588,51.7729],[-115.5737,51.7847],[-115.5622,51.7962],[-115.5797,51.8049],[-115.5485,51.8161],[-115.5338,51.8456],[-115.5239,51.8432],[-115.5142,51.8297],[-115.5302,51.8168],[-115.5103,51.8218],[-115.5048,51.8122],[-115.5221,51.8117],[-115.5254,51.8006],[-115.5177,51.7915],[-115.4969,51.798],[-115.5056,51.7807],[-115.4675,51.783],[-115.4944,51.7619],[-115.4479,51.7592],[-115.4671,51.7378],[-115.4322,51.7432],[-115.4527,51.7293],[-115.4255,51.7242],[-115.4126,51.7048],[-115.4052,51.6886],[-115.398,51.6647],[-115.4384,51.6815],[-115.4383,51.6981],[-115.4851,51.7237],[-115.4763,51.7248],[-115.4691,51.7224],[-115.4622,51.7225],[-115.4822,51.7451],[-115.5245,51.769],[-115.5931,51.7534],[-115.6295,51.7281],[-115.6881,51.727],[-115.7219,51.6894],[-115.8747,51.6643],[-115.7823,51.6588],[-115.708,51.6744],[-115.6931,51.7077],[-115.607,51.7092],[-115.5607,51.7226],[-115.4934,51.7119],[-115.4618,51.6854],[-115.502,51.6986],[-115.4854,51.6801],[-115.4017,51.6478],[-115.428,51.6115],[-115.4828,51.617],[-115.4439,51.5924],[-115.4172,51.6013],[-115.4121,51.5721],[-115.3989,51.5837],[-115.4039,51.6001],[-115.3526,51.5455],[-115.3485,51.5381],[-115.3688,51.5368],[-115.3459,51.5332],[-115.3082,51.4636],[-115.2519,51.4539],[-115.2147,51.427],[-115.2196,51.3763],[-115.1782,51.3104],[-115.2005,51.3264],[-115.2115,51.3181],[-115.2568,51.3226],[-115.2632,51.318],[-115.2023,51.3147],[-115.1782,51.2861],[-115.3056,51.2457],[-115.3265,51.2476],[-115.3971,51.2817],[-115.4803,51.2552],[-115.5044,51.2815],[-115.6038,51.335],[-115.5351,51.2604],[-115.5423,51.2183],[-115.585,51.2088],[-115.6201,51.2299],[-115.6427,51.217],[-115.5796,51.2004],[-115.5851,51.1928],[-115.6938,51.1708],[-115.7852,51.245],[-115.8263,51.2477],[-115.8257,51.266],[-115.897,51.2689],[-116.009,51.3043],[-116.0889,51.3649],[-116.1058,51.3635],[-116.0129,51.285],[-115.974,51.2677],[-115.9702,51.2544],[-115.9954,51.2472],[-115.8911,51.2498],[-115.8354,51.2202],[-115.8462,51.2065],[-115.7918,51.203],[-115.7469,51.1621],[-115.7001,51.1476],[-115.7252,51.1275],[-115.693,51.117],[-115.6796,51.0912],[-115.6868,51.0806],[-115.6685,51.0878],[-115.657,51.0713],[-115.628,51.0648],[-115.6796,51.1354],[-115.6677,51.1473],[-115.6323,51.1446],[-115.577,51.1145],[-115.6097,51.16],[-115.5806,51.1577],[-115.531,51.1103],[-115.524,51.0961],[-115.5229,51.0889],[-115.5458,51.0829],[-115.5326,51.046],[-115.4994,51.018],[-115.5183,51.0701],[-115.5077,51.0815],[-115.4274,51.0524],[-115.4956,51.1038],[-115.5376,51.1556],[-115.4692,51.1089],[-115.4683,51.0969],[-115.4572,51.1009],[-115.443,51.079],[-115.4211,51.0735],[-115.417,51.0821],[-115.479,51.1384],[-115.474,51.1487],[-115.4052,51.0908],[-115.41,51.0677],[-115.3798,51.0641],[-115.3548,51.0514],[-115.3516,51.0347],[-115.3152,51.035],[-115.3139,51.0201],[-115.2957,51.0298],[-115.2684,51.0217],[-115.3017,50.9936],[-115.2238,51.0021],[-115.2147,50.9741],[-115.2226,50.9859],[-115.2426,50.9617],[-115.2507,50.975],[-115.2427,50.9906],[-115.2646,50.9806],[-115.2557,50.9939],[-115.2939,50.9897],[-115.2959,50.976],[-115.2815,50.9664],[-115.2929,50.9607],[-115.2699,50.95],[-115.294,50.9505],[-115.277,50.9226],[-115.2944,50.9245],[-115.2922,50.9053],[-115.305,50.9099],[-115.339,50.8876],[-115.2973,50.8904],[-115.3087,50.8824],[-115.303,50.8712],[-115.3336,50.8711],[-115.3238,50.8509],[-115.3085,50.8495],[-115.3195,50.841],[-115.2961,50.8313],[-115.3078,50.818],[-115.2798,50.8096],[-115.267,50.79],[-115.2494,50.7975],[-115.2559,50.7736],[-115.227,50.7817],[-115.2437,50.7582],[-115.2325,50.7618],[-115.2042,50.7327],[-115.2283,50.6868],[-115.2393,50.7033],[-115.2314,50.7166],[-115.2564,50.7224],[-115.257,50.7384],[-115.2643,50.7336],[-115.2836,50.7401],[-115.2664,50.7461],[-115.2857,50.7702],[-115.2999,50.7727],[-115.3219,50.7499],[-115.3148,50.7811],[-115.3397,50.7709],[-115.3387,50.7501],[-115.3602,50.7697],[-115.3741,50.7657],[-115.3326,50.7925],[-115.3386,50.8024],[-115.3814,50.7945],[-115.3588,50.8144],[-115.3756,50.8366],[-115.3884,50.8346],[-115.3816,50.8158],[-115.4182,50.8337],[-115.4171,50.8176],[-115.43,50.8233],[-115.39,50.7904],[-115.3993,50.767],[-115.3674,50.741],[-115.3913,50.7164],[-115.4191,50.7542],[-115.4454,50.762],[-115.4361,50.768],[-115.4412,50.7866],[-115.4701,50.7903],[-115.4673,50.7634],[-115.4954,50.7884],[-115.4691,50.8086],[-115.509,50.8066],[-115.5217,50.7934],[-115.5511,50.8099],[-115.4757,50.8266],[-115.462,50.8471],[-115.4916,50.8707],[-115.5215,50.8589],[-115.5222,50.8333],[-115.5673,50.8377],[-115.5414,50.8747],[-115.5691,50.8606],[-115.5754,50.8395],[-115.5972,50.8565],[-115.6298,50.8516],[-115.631,50.8677],[-115.5392,50.8974],[-115.5622,50.9164],[-115.5974,50.9231],[-115.5859,50.9387],[-115.5593,50.9378],[-115.565,50.9572],[-115.5398,50.9556],[-115.5444,50.9329],[-115.5289,50.9329],[-115.5356,50.9235],[-115.5087,50.9047],[-115.4557,50.876],[-115.4358,50.8803],[-115.4949,50.9288],[-115.4846,50.9388],[-115.5148,50.969],[-115.4972,50.9858],[-115.5077,50.9961],[-115.5241,50.9877],[-115.5255,51.0255],[-115.5427,51.0195],[-115.5402,51.034],[-115.5528,51.0291],[-115.5425,51.046],[-115.5479,51.067],[-115.5754,51.0602],[-115.5768,51.0732],[-115.5877,51.0698],[-115.5852,51.0918],[-115.6128,51.0899],[-115.5974,51.1045],[-115.6161,51.1067],[-115.6111,51.1187],[-115.6302,51.1364],[-115.6468,51.1278],[-115.6583,51.1357],[-115.6599,51.1253],[-115.6407,51.1146],[-115.6513,51.1081],[-115.6355,51.0833],[-115.5584,51.0116],[-115.5463,50.9878],[-115.5624,50.9789],[-115.5691,50.993],[-115.585,50.9732],[-115.6037,50.9758],[-115.5836,51.0009],[-115.5881,51.0119],[-115.6209,50.9973],[-115.6064,51.0272],[-115.6484,51.0592],[-115.6445,51.0262],[-115.6551,51.0275],[-115.6578,51.007],[-115.6749,51.0176],[-115.6702,51.044],[-115.6963,51.0339],[-115.675,51.053],[-115.6736,51.0724],[-115.7125,51.0628],[-115.7389,51.0311],[-115.75,51.049],[-115.7373,51.0533],[-115.7411,51.0642],[-115.6956,51.0897],[-115.717,51.1144],[-115.7256,51.0862],[-115.7415,51.1085],[-115.7656,51.101],[-115.7632,51.079],[-115.7801,51.0773],[-115.7898,51.1013],[-115.8215,51.0846],[-115.8484,51.086],[-115.804,51.1103],[-115.8107,51.1165],[-115.7694,51.1174],[-115.7224,51.14],[-115.7395,51.139],[-115.7519,51.1538],[-115.7922,51.1323],[-115.791,51.1556],[-115.7703,51.1657],[-115.7769,51.1735],[-115.7976,51.1644],[-115.7918,51.1891],[-115.8031,51.1744],[-115.8302,51.1984],[-115.8428,51.1783],[-115.8595,51.1822],[-115.8363,51.1417],[-115.8448,51.1255],[-115.8543,51.1547],[-115.8852,51.1716],[-115.8931,51.1472],[-115.877,51.089],[-115.9199,51.0938],[-115.9033,51.1005],[-115.9264,51.1512],[-115.9475,51.136],[-115.9287,51.1101],[-115.9606,51.1266],[-115.9914,51.1261],[-115.9942,51.1369],[-115.9718,51.1484],[-115.9891,51.1452],[-115.9854,51.1544],[-116.0103,51.1691],[-115.9758,51.1653],[-115.9323,51.1822],[-115.9216,51.2007],[-115.8985,51.1928],[-115.8538,51.2179],[-115.9538,51.2164],[-115.9543,51.2028],[-115.9697,51.204],[-115.9692,51.1863],[-115.9841,51.1964],[-115.9825,51.2227],[-116.0321,51.2238],[-116.0543,51.2488],[-116.1115,51.2597],[-116.117,51.2667],[-116.0404,51.2669],[-116.1014,51.2947],[-116.0847,51.3035],[-116.124,51.3393],[-116.1566,51.3394],[-116.1452,51.2986],[-116.1712,51.3266],[-116.1808,51.3116],[-116.2145,51.3072],[-116.1725,51.3696],[-116.1954,51.3786],[-116.2112,51.3599],[-116.2534,51.3466],[-116.2605,51.354],[-116.2222,51.3706],[-116.2034,51.394],[-116.2276,51.4035],[-116.2807,51.3803],[-116.2386,51.4162],[-116.2737,51.4333],[-116.288,51.4254],[-116.2911,51.4618],[-116.3746,51.4969],[-116.3476,51.5122],[-116.3581,51.5315],[-116.3322,51.5174],[-116.3342,51.4893],[-116.2996,51.4825],[-116.3419,51.5514],[-116.3675,51.5739],[-116.3958,51.5735],[-116.3876,51.5831],[-116.4399,51.5821],[-116.4003,51.6044],[-116.3451,51.5987],[-116.3551,51.6296],[-116.4325,51.64],[-116.4609,51.6657],[-116.4783,51.667],[-116.4924,51.6485],[-116.5014,51.6604],[-116.48,51.6909],[-116.5116,51.7147],[-116.5466,51.6912],[-116.5339,51.7233],[-116.5597,51.722],[-116.547,51.7428],[-116.5592,51.759],[-116.5872,51.7757],[-116.61,51.7599],[-116.6162,51.8009],[-116.6401,51.7928],[-116.6423,51.8196],[-116.6546,51.8092],[-116.6807,51.8208],[-116.6651,51.8374],[-116.7052,51.861],[-116.7133,51.8502],[-116.7221,51.8745],[-116.7331,51.8697],[-116.7322,51.8848],[-116.7496,51.8908],[-116.7431,51.9034],[-116.7568,51.9249],[-116.798,51.8973],[-116.7572,51.8326],[-116.7268,51.8218],[-116.7445,51.8141],[-116.7212,51.8078],[-116.7483,51.8055],[-116.7836,51.7777],[-116.7856,51.7986],[-116.8324,51.7956],[-116.9154,51.7653],[-116.8685,51.8092],[-116.9107,51.8218],[-116.9587,51.8006],[-116.9537,51.832],[-116.8961,51.8448],[-116.8795,51.833],[-116.8118,51.8279],[-116.8201,51.8584],[-116.854,51.8641],[-116.862,51.9072],[-116.9797,51.8825],[-117.0149,51.9124],[-117.0016,51.9265],[-116.9709,51.9152],[-116.8647,51.932],[-116.8307,51.961],[-116.8758,51.9495],[-116.8544,51.9726],[-116.8723,51.97],[-116.859,51.9768],[-116.8876,51.9897],[-116.9341,51.975],[-116.9703,51.9439],[-117.0396,51.9433],[-117.0014,51.9715],[-116.9796,51.9714],[-116.9879,51.9826],[-116.9723,51.9895],[-116.8771,52.0084],[-116.9142,52.036],[-116.9497,52.0176],[-116.9307,52.0487],[-116.997,52.0479],[-117.0114,52.0155],[-117.0161,52.0495],[-117.032,52.046],[-117.0592,52.0262],[-117.0486,51.9895],[-117.0753,52.0181],[-117.088,51.9758],[-117.106,51.9891],[-117.1038,52.0069],[-117.1274,52.0009],[-117.1346,51.9846],[-117.1704,51.991],[-117.2004,52.0055],[-117.1492,52.0105],[-117.224,52.0439],[-117.2636,52.0439],[-117.2425,52.0612],[-117.2663,52.0758],[-117.2272,52.0739],[-117.2075,52.0858],[-117.2094,52.0703],[-117.1251,52.0296],[-117.1116,52.0384],[-117.1192,52.0457],[-117.0811,52.0582],[-117.1264,52.0688],[-117.1389,52.091],[-117.0689,52.0737],[-116.9867,52.0874],[-117.0077,52.101],[-117.0375,52.0932],[-117.0146,52.1215],[-117.0329,52.1548],[-117.0658,52.1584],[-117.0905,52.135],[-117.0874,52.1561],[-117.1331,52.1555],[-117.1533,52.141],[-117.188,52.1507],[-117.1134,52.1744],[-117.0707,52.1727],[-117.0945,52.1884],[-117.1386,52.1855],[-117.1749,52.2064],[-117.2386,52.1995],[-117.2602,52.2115],[-117.2692,52.2405],[-117.2905,52.2518],[-117.304,52.2405],[-117.3084,52.2563],[-117.3652,52.2208],[-117.3786,52.2269],[-117.3388,52.2616],[-117.352,52.2922],[-117.3903,52.2889],[-117.3656,52.3012],[-117.3576,52.3228],[-117.3644,52.3336],[-117.3974,52.3202],[-117.3815,52.3374],[-117.3878,52.3523],[-117.428,52.3418],[-117.4462,52.3465],[-117.4166,52.352],[-117.4006,52.3694],[-117.4159,52.4041],[-117.4432,52.3822],[-117.4294,52.4094],[-117.4614,52.4327],[-117.4807,52.4015],[-117.5001,52.4105],[-117.4839,52.4365],[-117.5121,52.4509],[-117.5228,52.4388],[-117.5336,52.4639],[-117.554,52.4524],[-117.5541,52.4752],[-117.6108,52.498],[-117.608,52.4823],[-117.5905,52.4763],[-117.6036,52.4574],[-117.5704,52.4088],[-117.6057,52.4265],[-117.6075,52.4038],[-117.5059,52.3792],[-117.5153,52.3679],[-117.5799,52.379],[-117.5253,52.316],[-117.4902,52.33],[-117.4864,52.3169],[-117.4532,52.316],[-117.4775,52.3085],[-117.4715,52.3001],[-117.5231,52.3014],[-117.4969,52.2657],[-117.4193,52.2576],[-117.444,52.2377],[-117.4841,52.2513],[-117.4736,52.2009],[-117.4378,52.1835],[-117.4107,52.1942],[-117.3734,52.1626],[-117.3824,52.1534],[-117.4495,52.1657],[-117.4757,52.1499],[-117.4853,52.1561],[-117.4784,52.1643],[-117.5109,52.1773],[-117.5495,52.1498],[-117.5637,52.1688],[-117.6156,52.1748],[-117.6167,52.1853],[-117.554,52.1902],[-117.5289,52.2081],[-117.5427,52.221],[-117.5346,52.2327],[-117.5509,52.2649],[-117.5576,52.246],[-117.6005,52.2436],[-117.5682,52.2878],[-117.581,52.3105],[-117.6115,52.2947],[-117.6359,52.2985],[-117.5993,52.3197],[-117.6047,52.3456],[-117.6442,52.3692],[-117.6544,52.3531],[-117.6406,52.3374],[-117.6717,52.3475],[-117.6991,52.3009],[-117.6832,52.2801],[-117.6578,52.2849],[-117.6756,52.2721],[-117.6446,52.2417],[-117.6617,52.2426],[-117.6669,52.2186],[-117.6992,52.2133],[-117.6879,52.2452],[-117.7092,52.2479],[-117.7049,52.259],[-117.7291,52.2818],[-117.7382,52.2791],[-117.7296,52.2617],[-117.7484,52.2573],[-117.7594,52.2281],[-117.793,52.2334],[-117.7947,52.2486],[-117.7723,52.2591],[-117.7717,52.2926],[-117.7511,52.2932],[-117.735,52.3416],[-117.7064,52.3517],[-117.7207,52.3771],[-117.7036,52.3925],[-117.74,52.4038],[-117.7101,52.4039],[-117.6865,52.428],[-117.7201,52.4327],[-117.6882,52.4413],[-117.6972,52.4686],[-117.7234,52.4637],[-117.6946,52.485],[-117.6987,52.504],[-117.7382,52.5071],[-117.717,52.5201],[-117.734,52.5255],[-117.7678,52.4991],[-117.7297,52.4816],[-117.7753,52.4915],[-117.7596,52.4507],[-117.7783,52.4543],[-117.7847,52.478],[-117.8006,52.4777],[-117.781,52.4191],[-117.8046,52.4306],[-117.8198,52.4722],[-117.8466,52.4617],[-117.8339,52.4262],[-117.848,52.4448],[-117.8561,52.43],[-117.8909,52.4428],[-117.869,52.4597],[-117.9245,52.4522],[-117.9383,52.4723],[-117.9138,52.4654],[-117.8544,52.4771],[-117.7743,52.5294],[-117.8098,52.5524],[-117.8025,52.5416],[-117.8325,52.5374],[-117.835,52.5207],[-117.8511,52.5198],[-117.8489,52.5053],[-117.8938,52.4968],[-117.8785,52.5296],[-117.8603,52.5324],[-117.8389,52.5593],[-117.8465,52.5656],[-117.8657,52.5512],[-117.8675,52.5766],[-117.8921,52.573],[-117.8915,52.5854],[-117.9212,52.6062],[-117.9498,52.5603],[-117.9602,52.572],[-117.9418,52.6209],[-117.9901,52.6027],[-117.9949,52.5585],[-118.0132,52.5857],[-118.0254,52.5669],[-117.9884,52.5411],[-117.9462,52.5497],[-117.9536,52.5419],[-117.9343,52.5245],[-117.9729,52.5277],[-117.9524,52.5201],[-117.9681,52.5167],[-117.9541,52.514],[-117.9641,52.5019],[-117.9396,52.5023],[-117.9381,52.4915],[-117.975,52.4915],[-118.0269,52.5359],[-118.0505,52.5167],[-118.0183,52.5015],[-118.0265,52.4903],[-118.0697,52.5062],[-118.0719,52.4964],[-118.0584,52.493],[-118.0675,52.4874],[-118.049,52.4753],[-118.0604,52.4715],[-118.0909,52.4883],[-118.0761,52.4652],[-118.0837,52.4306],[-118.13,52.4526],[-118.1803,52.4299],[-118.1823,52.4066],[-118.2012,52.409],[-118.1849,52.3793],[-118.1968,52.3728],[-118.2186,52.3872],[-118.2384,52.4349],[-118.2156,52.4399],[-118.1283,52.5058],[-118.1462,52.5174],[-118.1628,52.4933],[-118.2269,52.4898],[-118.2454,52.4942],[-118.2547,52.5147],[-118.2305,52.5107],[-118.2295,52.5243],[-118.1907,52.5157],[-118.1936,52.5286],[-118.1785,52.5268],[-118.18,52.5375],[-118.1088,52.5485],[-118.103,52.5633],[-118.1679,52.5529],[-118.2154,52.5631],[-118.2026,52.5559],[-118.2137,52.555],[-118.2071,52.541],[-118.2359,52.5564],[-118.2617,52.542],[-118.2523,52.5675],[-118.2623,52.5791],[-118.312,52.5849],[-118.2943,52.5952],[-118.3024,52.6116],[-118.2857,52.6226],[-118.2619,52.6077],[-118.255,52.6186],[-118.2542,52.605],[-118.2403,52.6122],[-118.2382,52.6002],[-118.2202,52.61],[-118.2304,52.5992],[-118.2211,52.5909],[-118.2093,52.6032],[-118.213,52.5915],[-118.1916,52.5996],[-118.1879,52.5815],[-118.1453,52.5871],[-118.1978,52.622],[-118.1484,52.6027],[-118.0966,52.6038],[-118.114,52.6112],[-118.0809,52.6221],[-118.0973,52.6324],[-118.0709,52.631],[-118.0387,52.6552],[-118.0574,52.6294],[-118.0241,52.6376],[-118.0123,52.6481],[-118.0254,52.6585],[-117.9889,52.6694],[-117.9817,52.7024],[-118.0235,52.726],[-118.0159,52.6941],[-118.028,52.7147],[-118.0408,52.7031],[-118.0209,52.6848],[-118.0369,52.6852],[-118.0329,52.6718],[-118.0562,52.6738],[-118.0723,52.6917],[-118.1046,52.6792],[-118.0867,52.6462],[-118.1089,52.659],[-118.1401,52.6406],[-118.1211,52.6616],[-118.1303,52.6739],[-118.1603,52.6695],[-118.1591,52.6574],[-118.1824,52.6491],[-118.1536,52.6302],[-118.2199,52.6571],[-118.2199,52.6415],[-118.2291,52.6425],[-118.2211,52.6299],[-118.2342,52.6308],[-118.2539,52.6546],[-118.281,52.6621],[-118.2601,52.6757],[-118.3367,52.7175],[-118.3337,52.7315],[-118.3108,52.7313],[-118.35,52.7423],[-118.3381,52.7552],[-118.3598,52.7672],[-118.3105,52.7733],[-118.3144,52.7927],[-118.297,52.8096],[-118.3117,52.8242],[-118.2961,52.8407],[-118.3439,52.8404],[-118.3461,52.8182],[-118.361,52.8207],[-118.3683,52.7918],[-118.3811,52.7911],[-118.3754,52.7794],[-118.4083,52.7831],[-118.3872,52.8378],[-118.3607,52.854],[-118.4362,52.8502],[-118.4541,52.8559],[-118.4533,52.8712],[-118.2923,52.8623],[-118.2764,52.8426],[-118.2522,52.8567],[-118.1067,52.8476],[-118.0617,52.7969],[-118.0687,52.7876],[-118.0545,52.7882],[-118.0538,52.7478],[-118.0289,52.7622],[-117.9642,52.7217],[-117.9479,52.6929],[-117.968,52.6538],[-118.0578,52.5972],[-117.921,52.6429],[-117.8561,52.5795],[-117.7793,52.5474],[-117.7827,52.5587],[-117.7664,52.5625],[-117.7221,52.5489],[-117.6722,52.5044],[-117.6651,52.4817],[-117.6362,52.4888],[-117.6403,52.5275],[-117.6263,52.526],[-117.6787,52.5524],[-117.6638,52.5598],[-117.6821,52.574],[-117.7888,52.5988],[-117.8385,52.6248],[-117.853,52.6477],[-117.8405,52.6716],[-117.8588,52.7281],[-117.8932,52.7626],[-117.9506,52.7897],[-118.0288,52.864],[-117.9928,52.9014],[-117.9062,52.8989],[-117.9941,52.933],[-118.0235,52.9928],[-118.0768,53.0322],[-118.0488,53.0498],[-117.998,53.0341],[-118.0391,53.065],[-117.954,53.0763],[-117.9159,53.0667],[-117.8855,53.0421],[-117.7991,53.0224],[-117.8588,53.0586],[-117.8665,53.0776],[-117.8285,53.0765],[-117.834,53.0851],[-117.8754,53.0992],[-117.8728,53.1108],[-117.9595,53.1688],[-117.9065,53.183],[-117.8591,53.1571],[-117.7946,53.1472],[-117.7699,53.1268],[-117.7787,53.1441],[-117.769,53.1512],[-117.8468,53.1928],[-117.8157,53.1923],[-117.8248,53.2111],[-117.7931,53.2226],[-117.7471,53.2023],[-117.771,53.2345],[-117.7502,53.2424]],[[-117.7144,53.2048],[-117.6883,53.2029],[-117.7138,53.2124],[-117.7144,53.2048]],[[-117.7663,53.1889],[-117.8092,53.2157],[-117.7972,53.1975],[-117.7663,53.1889]],[[-117.7565,53.1869],[-117.7776,53.1698],[-117.7474,53.1669],[-117.7413,53.179],[-117.7565,53.1869]],[[-117.6861,53.126],[-117.6187,53.0832],[-117.643,53.0753],[-117.5279,53.0346],[-117.5655,53.0064],[-117.5591,53.0274],[-117.5752,53.0403],[-117.6177,53.0119],[-117.5943,53.0372],[-117.6006,53.0509],[-117.6101,53.0449],[-117.6421,53.0613],[-117.6513,53.0492],[-117.6342,53.027],[-117.6506,53.0302],[-117.6575,53.0447],[-117.6726,53.0408],[-117.6625,53.052],[-117.6715,53.065],[-117.6949,53.0552],[-117.6829,53.076],[-117.7199,53.0807],[-117.7141,53.0674],[-117.7247,53.0595],[-117.7439,53.0702],[-117.7424,53.0818],[-117.7569,53.0793],[-117.7486,53.0904],[-117.7627,53.1035],[-117.7956,53.0928],[-117.7982,53.1149],[-117.8905,53.1387],[-117.9021,53.1641],[-117.9281,53.1672],[-117.8872,53.1273],[-117.8602,53.1165],[-117.8541,53.128],[-117.8424,53.1239],[-117.8337,53.1146],[-117.8476,53.1069],[-117.8208,53.1059],[-117.8314,53.0968],[-117.8158,53.0824],[-117.7757,53.0813],[-117.7807,53.0721],[-117.765,53.0615],[-117.6761,53.0277],[-117.6837,53.0174],[-117.6375,53.0121],[-117.6407,53.0005],[-117.6227,53.0001],[-117.6258,52.9882],[-117.6006,52.993],[-117.6051,52.9795],[-117.5693,52.9966],[-117.5561,52.9749],[-117.577,52.9662],[-117.5459,52.9679],[-117.5572,52.9603],[-117.5382,52.9595],[-117.5407,52.9478],[-117.52,52.9521],[-117.5197,52.9341],[-117.4919,52.9342],[-117.4989,52.9447],[-117.4893,52.9474],[-117.4289,52.9282],[-117.475,52.927],[-117.4671,52.9195],[-117.4855,52.9206],[-117.4752,52.915],[-117.4826,52.901],[-117.4377,52.9177],[-117.4255,52.9109],[-117.4573,52.9045],[-117.4377,52.8994],[-117.4625,52.8906],[-117.4022,52.8884],[-117.4286,52.8756],[-117.3687,52.8443],[-117.3614,52.861],[-117.3794,52.8723],[-117.3328,52.8667],[-117.3486,52.8566],[-117.3357,52.8503],[-117.3431,52.8377],[-117.2956,52.8306],[-117.2936,52.8591],[-117.3813,52.898],[-117.2787,52.8703],[-117.2829,52.8865],[-117.324,52.9158],[-117.3317,52.9074],[-117.3908,52.9332],[-117.4078,52.922],[-117.4003,52.9419],[-117.416,52.9344],[-117.4045,52.9566],[-117.4374,52.9423],[-117.4445,52.9549],[-117.4076,52.9772],[-117.4564,52.9745],[-117.4553,52.9587],[-117.4675,52.9537],[-117.4871,52.9614],[-117.4761,52.9676],[-117.5038,52.9684],[-117.4683,52.986],[-117.5311,52.9679],[-117.5255,52.9925],[-117.4906,52.9949],[-117.4955,53.0107],[-117.4648,52.9988],[-117.455,53.0205],[-117.4479,53.0042],[-117.4271,53.0144],[-117.4126,52.9975],[-117.387,52.9959],[-117.3878,53.0091],[-117.3558,52.9943],[-117.3641,53.0227],[-117.4153,53.0267],[-117.4371,53.0464],[-117.4639,53.0484],[-117.4593,53.0391],[-117.4817,53.0361],[-117.4698,53.0531],[-117.4894,53.0534],[-117.4747,53.0687],[-117.5135,53.0561],[-117.5014,53.0779],[-117.5149,53.0869],[-117.539,53.0582],[-117.5515,53.0594],[-117.5515,53.0757],[-117.5637,53.0707],[-117.562,53.0851],[-117.5826,53.0635],[-117.6235,53.0973],[-117.6139,53.1205],[-117.6306,53.1025],[-117.6453,53.1072],[-117.6465,53.1246],[-117.6656,53.1211],[-117.6811,53.136],[-117.6861,53.126]],[[-117.2674,52.9941],[-117.3122,52.9867],[-117.2637,52.971],[-117.2444,52.9522],[-117.2138,52.9548],[-117.2176,52.965],[-117.2487,52.9626],[-117.2606,52.9761],[-117.2482,52.983],[-117.2781,52.982],[-117.2674,52.9941]],[[-117.2047,52.9755],[-117.213,52.9778],[-117.2191,52.9779],[-117.2176,52.9715],[-117.2047,52.9755]],[[-117.1255,52.9354],[-117.1018,52.9319],[-117.0513,52.9109],[-117.132,52.9508],[-117.1255,52.9354]],[[-117.1916,52.9062],[-117.2432,52.9066],[-117.2597,52.9009],[-117.1916,52.9062]],[[-117.2561,52.8493],[-117.281,52.8501],[-117.2865,52.8347],[-117.2623,52.8285],[-117.2576,52.8099],[-117.2259,52.8133],[-117.2459,52.807],[-117.2426,52.7968],[-117.2031,52.804],[-117.2062,52.7941],[-117.2355,52.7907],[-117.2124,52.791],[-117.2221,52.7829],[-117.2053,52.7823],[-117.1531,52.731],[-117.1873,52.7463],[-117.2278,52.7302],[-117.2097,52.7486],[-117.2201,52.7585],[-117.2636,52.7479],[-117.2396,52.7676],[-117.276,52.7737],[-117.2671,52.7827],[-117.2974,52.7912],[-117.3019,52.8068],[-117.3248,52.7944],[-117.3215,52.8114],[-117.345,52.802],[-117.3487,52.8172],[-117.3674,52.8157],[-117.3764,52.7957],[-117.3092,52.7775],[-117.3496,52.7761],[-117.2769,52.7059],[-117.2546,52.7004],[-117.2765,52.7005],[-117.2631,52.6899],[-117.2773,52.682],[-117.2606,52.6761],[-117.2878,52.6699],[-117.3054,52.7133],[-117.3299,52.7064],[-117.3248,52.7236],[-117.3408,52.7268],[-117.3502,52.7507],[-117.3678,52.7264],[-117.3568,52.7121],[-117.3727,52.7155],[-117.354,52.6945],[-117.3801,52.6951],[-117.3904,52.7306],[-117.375,52.7687],[-117.3967,52.7826],[-117.4099,52.7743],[-117.3891,52.7617],[-117.3952,52.75],[-117.3973,52.7606],[-117.4202,52.7642],[-117.4061,52.7448],[-117.417,52.7449],[-117.4146,52.7324],[-117.4251,52.7495],[-117.4435,52.7353],[-117.4272,52.7299],[-117.4526,52.7311],[-117.4167,52.6928],[-117.4827,52.7151],[-117.4765,52.7554],[-117.5207,52.7429],[-117.5101,52.76],[-117.4499,52.7821],[-117.4537,52.7925],[-117.4334,52.7907],[-117.4224,52.8037],[-117.4382,52.8121],[-117.412,52.8125],[-117.4383,52.8408],[-117.4948,52.8572],[-117.4592,52.8357],[-117.4569,52.8166],[-117.5174,52.8492],[-117.5187,52.8655],[-117.543,52.8596],[-117.4593,52.7969],[-117.4817,52.7972],[-117.484,52.7851],[-117.5019,52.8027],[-117.5125,52.7794],[-117.5336,52.7778],[-117.5322,52.7634],[-117.5508,52.7645],[-117.5425,52.7854],[-117.5257,52.7896],[-117.5258,52.8313],[-117.5574,52.8067],[-117.5506,52.7979],[-117.5623,52.7835],[-117.5787,52.7859],[-117.5754,52.8033],[-117.6062,52.8107],[-117.5716,52.8143],[-117.5602,52.8283],[-117.5683,52.8353],[-117.5462,52.8386],[-117.5616,52.8503],[-117.5831,52.8349],[-117.5765,52.8496],[-117.6011,52.8353],[-117.6218,52.8426],[-117.6164,52.8589],[-117.5842,52.8613],[-117.5405,52.8894],[-117.5668,52.895],[-117.5838,52.8776],[-117.5767,52.8965],[-117.6145,52.8882],[-117.6092,52.8746],[-117.6286,52.8792],[-117.621,52.8623],[-117.6368,52.8566],[-117.6614,52.8609],[-117.6736,52.8832],[-117.6969,52.8822],[-117.6989,52.8947],[-117.7623,52.9044],[-117.6763,52.8633],[-117.6179,52.8148],[-117.6546,52.817],[-117.6941,52.8477],[-117.6906,52.8381],[-117.7031,52.8377],[-117.6917,52.8278],[-117.6616,52.8111],[-117.6214,52.8081],[-117.5761,52.7705],[-117.5692,52.7591],[-117.5812,52.7488],[-117.6397,52.791],[-117.6349,52.7719],[-117.6601,52.7935],[-117.6714,52.7851],[-117.6467,52.7605],[-117.6044,52.7473],[-117.6165,52.7457],[-117.6044,52.7304],[-117.5708,52.718],[-117.5859,52.7089],[-117.5585,52.6999],[-117.5158,52.7129],[-117.52,52.693],[-117.5005,52.6939],[-117.5598,52.6895],[-117.4961,52.6611],[-117.4756,52.6846],[-117.476,52.6666],[-117.4667,52.6763],[-117.4405,52.6705],[-117.4493,52.6643],[-117.4361,52.6558],[-117.4775,52.6555],[-117.4363,52.6206],[-117.4435,52.6144],[-117.4033,52.6112],[-117.3798,52.6345],[-117.3846,52.6131],[-117.3623,52.6212],[-117.3724,52.6083],[-117.3186,52.5808],[-117.3738,52.5943],[-117.4048,52.5867],[-117.412,52.563],[-117.3908,52.53],[-117.4182,52.5463],[-117.4341,52.5822],[-117.467,52.5721],[-117.4649,52.5893],[-117.4876,52.6031],[-117.5027,52.633],[-117.5698,52.6534],[-117.5719,52.6204],[-117.553,52.6157],[-117.5651,52.6122],[-117.5632,52.5965],[-117.5494,52.6007],[-117.5528,52.5888],[-117.491,52.5589],[-117.4694,52.5297],[-117.526,52.5578],[-117.5437,52.5552],[-117.5344,52.538],[-117.5475,52.5392],[-117.5696,52.5535],[-117.5687,52.5725],[-117.6014,52.5712],[-117.5914,52.5837],[-117.6038,52.6054],[-117.6505,52.593],[-117.6191,52.6216],[-117.6162,52.6456],[-117.6538,52.6182],[-117.631,52.6519],[-117.6396,52.6711],[-117.6533,52.645],[-117.6752,52.6301],[-117.6896,52.6343],[-117.6576,52.6898],[-117.6826,52.7154],[-117.6974,52.714],[-117.6935,52.6885],[-117.7185,52.6846],[-117.7116,52.6649],[-117.7395,52.6778],[-117.7182,52.714],[-117.7457,52.7197],[-117.7255,52.7387],[-117.7229,52.7521],[-117.7441,52.7536],[-117.7282,52.77],[-117.7794,52.7434],[-117.8101,52.757],[-117.7333,52.7829],[-117.7476,52.8106],[-117.7752,52.7831],[-117.7906,52.7833],[-117.7612,52.8236],[-117.7898,52.8175],[-117.7847,52.8292],[-117.7972,52.8334],[-117.8242,52.7974],[-117.8169,52.8424],[-117.8343,52.837],[-117.8427,52.8482],[-117.8681,52.8173],[-117.8596,52.8471],[-117.8676,52.8573],[-117.9043,52.8632],[-117.9205,52.8366],[-117.9303,52.8633],[-117.9861,52.8653],[-117.951,52.8485],[-117.9585,52.8368],[-117.9207,52.8085],[-117.9247,52.7994],[-117.8963,52.7959],[-117.897,52.7853],[-117.831,52.7801],[-117.8677,52.781],[-117.8807,52.7733],[-117.8374,52.7694],[-117.8664,52.7668],[-117.8529,52.7511],[-117.8379,52.7544],[-117.8456,52.7448],[-117.8158,52.7421],[-117.7985,52.7133],[-117.7732,52.7183],[-117.7824,52.7097],[-117.7674,52.7023],[-117.8246,52.7108],[-117.8386,52.6848],[-117.8099,52.6927],[-117.7785,52.6828],[-117.8186,52.6822],[-117.7542,52.64],[-117.7317,52.6479],[-117.733,52.6343],[-117.715,52.6217],[-117.7593,52.6246],[-117.82,52.664],[-117.8416,52.6481],[-117.8322,52.6304],[-117.8164,52.6352],[-117.8146,52.6217],[-117.8012,52.6271],[-117.8052,52.6171],[-117.7958,52.6227],[-117.784,52.6102],[-117.762,52.6198],[-117.7645,52.609],[-117.7137,52.5961],[-117.6762,52.6206],[-117.6932,52.5892],[-117.6112,52.5749],[-117.6419,52.5739],[-117.6257,52.5662],[-117.6317,52.5583],[-117.5992,52.5548],[-117.6266,52.5492],[-117.5357,52.5127],[-117.5227,52.5172],[-117.531,52.5102],[-117.5208,52.5068],[-117.4922,52.507],[-117.5168,52.5],[-117.4336,52.4646],[-117.3841,52.474],[-117.4123,52.4875],[-117.3973,52.4895],[-117.4052,52.5054],[-117.3635,52.4752],[-117.3215,52.4961],[-117.3378,52.4715],[-117.2807,52.4563],[-117.2943,52.446],[-117.243,52.4258],[-117.24,52.4091],[-117.2157,52.3952],[-117.3541,52.4536],[-117.3632,52.4454],[-117.3446,52.4326],[-117.3767,52.4512],[-117.397,52.4432],[-117.3633,52.4149],[-117.24,52.3723],[-117.2548,52.3678],[-117.3664,52.4042],[-117.356,52.3859],[-117.3407,52.3887],[-117.3523,52.3795],[-117.33,52.377],[-117.336,52.3654],[-117.3099,52.3593],[-117.3247,52.3541],[-117.2971,52.3376],[-117.3043,52.3243],[-117.2581,52.3355],[-117.2731,52.3234],[-117.2591,52.3148],[-117.2721,52.3162],[-117.2662,52.307],[-117.2989,52.3134],[-117.3205,52.3011],[-117.2846,52.2735],[-117.265,52.2842],[-117.2675,52.2553],[-117.2301,52.2223],[-117.1689,52.2168],[-117.1164,52.195],[-117.1006,52.2067],[-117.1089,52.2327],[-117.0933,52.2329],[-117.0833,52.1996],[-117.0104,52.178],[-116.9952,52.1446],[-116.9318,52.0928],[-116.8806,52.1142],[-116.8894,52.1343],[-116.936,52.1343],[-116.9356,52.1444],[-116.8743,52.1491],[-116.9793,52.2058],[-116.8588,52.156],[-116.8379,52.1585],[-116.8498,52.1681],[-116.8161,52.1674],[-116.7645,52.1897],[-116.822,52.2376],[-116.844,52.2131],[-116.8278,52.2455],[-116.8397,52.2507],[-116.8839,52.2224],[-116.8418,52.2639],[-116.8833,52.2723],[-116.9286,52.2583],[-116.9018,52.2774],[-116.8499,52.2809],[-116.7658,52.2241],[-116.7432,52.2328],[-116.7485,52.2143],[-116.7119,52.1827],[-116.7076,52.1928],[-116.6746,52.1701],[-116.6454,52.167],[-116.6646,52.1967],[-116.6319,52.185],[-116.6249,52.1655],[-116.5923,52.1916],[-116.5557,52.1711],[-116.5804,52.1945],[-116.6041,52.1968],[-116.5968,52.208],[-116.6141,52.2081],[-116.6081,52.2187],[-116.6299,52.2243],[-116.6451,52.2506],[-116.6594,52.2451],[-116.6458,52.2598],[-116.6746,52.2527],[-116.6609,52.2629],[-116.6673,52.2719],[-116.6824,52.2822],[-116.7098,52.2725],[-116.6906,52.2907],[-116.7217,52.3105],[-116.7545,52.301],[-116.748,52.3138],[-116.7103,52.3205],[-116.6504,52.2786],[-116.6343,52.2812],[-116.6184,52.2568],[-116.5987,52.2648],[-116.6124,52.2507],[-116.5816,52.2301],[-116.5633,52.2489],[-116.5735,52.2642],[-116.4905,52.2309],[-116.5183,52.2623],[-116.5042,52.2675],[-116.4695,52.2483],[-116.4686,52.2592],[-116.4534,52.253],[-116.4513,52.2751],[-116.4288,52.2651],[-116.4331,52.2748],[-116.4762,52.2808],[-116.4389,52.2885],[-116.437,52.2997],[-116.45,52.3122],[-116.4798,52.3079],[-116.4719,52.3193],[-116.4913,52.3369],[-116.5182,52.3189],[-116.5008,52.3049],[-116.527,52.3121],[-116.5321,52.3009],[-116.5198,52.2891],[-116.5489,52.2826],[-116.5747,52.2947],[-116.5487,52.2949],[-116.5483,52.3176],[-116.5245,52.3421],[-116.5377,52.35],[-116.5256,52.3547],[-116.5275,52.3702],[-116.5426,52.3788],[-116.5807,52.3494],[-116.5821,52.3594],[-116.606,52.3513],[-116.6039,52.3411],[-116.6239,52.3414],[-116.6326,52.3174],[-116.6359,52.3361],[-116.6651,52.3324],[-116.6674,52.3442],[-116.6386,52.3429],[-116.6222,52.3556],[-116.6396,52.3776],[-116.6103,52.3634],[-116.5991,52.3788],[-116.5673,52.3869],[-116.6242,52.4006],[-116.5773,52.4081],[-116.5588,52.3985],[-116.5421,52.4206],[-116.5021,52.409],[-116.5004,52.4173],[-116.5651,52.4248],[-116.5578,52.4344],[-116.57,52.4385],[-116.6186,52.4354],[-116.5873,52.4527],[-116.6485,52.4689],[-116.6426,52.4759],[-116.6588,52.4805],[-116.6453,52.4888],[-116.6832,52.4969],[-116.6696,52.5079],[-116.7062,52.507],[-116.6914,52.5165],[-116.7354,52.536],[-116.7092,52.5511],[-116.7252,52.5684],[-116.7647,52.5655],[-116.7876,52.5422],[-116.7834,52.5263],[-116.801,52.5221],[-116.78,52.5789],[-116.7892,52.5928],[-116.8147,52.5858],[-116.8186,52.5667],[-116.8559,52.5595],[-116.8407,52.5379],[-116.8755,52.5411],[-116.8572,52.5144],[-116.8126,52.4873],[-116.7715,52.4854],[-116.7392,52.4626],[-116.6945,52.4557],[-116.7338,52.4516],[-116.7416,52.4335],[-116.7671,52.4694],[-116.8083,52.4671],[-116.8161,52.4513],[-116.7613,52.4081],[-116.774,52.4072],[-116.7623,52.3684],[-116.7766,52.3507],[-116.7874,52.3469],[-116.7857,52.3957],[-116.8,52.4078],[-116.857,52.3589],[-116.8159,52.4186],[-116.8195,52.4313],[-116.8391,52.4259],[-116.8311,52.4417],[-116.8429,52.4504],[-116.841,52.4717],[-116.8638,52.4754],[-116.8748,52.4522],[-116.9092,52.4373],[-116.9039,52.4177],[-116.9282,52.4121],[-116.9297,52.3935],[-116.9476,52.399],[-116.9579,52.3685],[-116.9665,52.3771],[-116.9882,52.3626],[-117.0077,52.3692],[-117.0025,52.3417],[-117.0449,52.269],[-117.0972,52.2577],[-117.1054,52.2425],[-117.1074,52.2608],[-117.1307,52.2636],[-117.0941,52.2766],[-117.0951,52.2896],[-117.0758,52.2908],[-117.0417,52.3271],[-117.0335,52.3729],[-117.0585,52.3654],[-117.0531,52.3826],[-117.0829,52.3886],[-117.136,52.3689],[-117.0895,52.4026],[-117.1441,52.4404],[-117.2001,52.4564],[-117.1991,52.4752],[-117.245,52.5102],[-117.1966,52.4951],[-117.1563,52.4644],[-117.1227,52.4594],[-117.0441,52.4074],[-116.9887,52.4024],[-116.9589,52.4459],[-116.9865,52.4557],[-116.9506,52.4561],[-116.9109,52.4961],[-116.9462,52.5406],[-116.9555,52.5346],[-116.9391,52.4993],[-116.9588,52.514],[-116.9699,52.5393],[-116.9552,52.5569],[-116.9757,52.5564],[-116.9871,52.531],[-116.9793,52.5186],[-116.9964,52.528],[-117.0174,52.5178],[-117.039,52.5011],[-117.0234,52.4924],[-117.0492,52.4917],[-117.0585,52.4691],[-117.0659,52.4859],[-117.1111,52.4901],[-117.0705,52.4987],[-117.0677,52.517],[-117.0534,52.5105],[-116.999,52.552],[-117.0163,52.5711],[-117.0319,52.5607],[-117.0312,52.5783],[-116.9793,52.5688],[-116.9592,52.5795],[-116.9627,52.5978],[-116.9275,52.5736],[-116.9371,52.5882],[-116.9032,52.5842],[-116.868,52.628],[-116.904,52.6126],[-116.8957,52.6299],[-116.9235,52.6153],[-116.9298,52.6327],[-116.9629,52.6391],[-116.9898,52.6097],[-117.0065,52.6254],[-117.0471,52.6154],[-117.0434,52.5912],[-117.0563,52.6108],[-117.0747,52.6062],[-117.0776,52.5955],[-117.0654,52.5948],[-117.0757,52.5817],[-117.0857,52.5862],[-117.1498,52.5255],[-117.1448,52.5504],[-117.1616,52.5503],[-117.126,52.5627],[-117.1038,52.6088],[-117.14,52.6046],[-117.1355,52.6158],[-117.1572,52.617],[-117.185,52.6064],[-117.208,52.5747],[-117.2113,52.6023],[-117.1648,52.632],[-117.2497,52.6234],[-117.301,52.63],[-117.2993,52.6463],[-117.1907,52.654],[-117.2117,52.6735],[-117.0839,52.6261],[-117.0416,52.6503],[-117.0001,52.6461],[-116.9932,52.6554],[-117.0562,52.6601],[-117.0555,52.674],[-117.084,52.6916],[-117.1293,52.6987],[-117.1193,52.709],[-117.0674,52.6977],[-117.0337,52.672],[-117.0179,52.6812],[-117.0308,52.6958],[-117.021,52.6968],[-117.0041,52.6905],[-117.0057,52.6724],[-116.971,52.6829],[-116.9805,52.6693],[-116.9567,52.6797],[-116.9592,52.6671],[-116.9171,52.665],[-116.9532,52.6931],[-116.9439,52.7093],[-116.9606,52.7227],[-116.9396,52.7311],[-116.9574,52.7332],[-116.9623,52.7565],[-116.9883,52.7595],[-116.9797,52.7366],[-117.0035,52.741],[-117.0069,52.7244],[-117.0233,52.7332],[-117.0124,52.7455],[-117.0318,52.7567],[-117.0506,52.7462],[-117.0541,52.7247],[-117.0756,52.7268],[-117.0546,52.7625],[-117.0362,52.7686],[-117.0392,52.7783],[-117.0192,52.7815],[-117.0224,52.7986],[-117.0952,52.7747],[-117.0999,52.7929],[-117.1257,52.791],[-117.1365,52.7766],[-117.1271,52.7499],[-117.1701,52.7852],[-117.1267,52.8048],[-117.1608,52.8148],[-117.1417,52.8265],[-117.1894,52.8396],[-117.2077,52.8194],[-117.2148,52.8383],[-117.2304,52.827],[-117.22,52.8526],[-117.2333,52.8663],[-117.2561,52.8493]],[[-116.6795,52.6718],[-116.7138,52.7023],[-116.7234,52.7045],[-116.7056,52.681],[-116.7118,52.6728],[-116.6795,52.6718]],[[-116.6622,52.6649],[-116.6568,52.6466],[-116.6692,52.6451],[-116.659,52.6347],[-116.6424,52.6362],[-116.6211,52.6116],[-116.5922,52.6168],[-116.6207,52.6299],[-116.6205,52.6489],[-116.6481,52.6481],[-116.6622,52.6649]],[[-116.5703,52.5954],[-116.576,52.5828],[-116.5591,52.5836],[-116.5726,52.5738],[-116.5451,52.5773],[-116.5373,52.5742],[-116.5661,52.5636],[-116.5469,52.5581],[-116.5557,52.5566],[-116.5486,52.5482],[-116.574,52.5487],[-116.5597,52.5471],[-116.5626,52.5369],[-116.5541,52.5414],[-116.5236,52.5151],[-116.5111,52.5193],[-116.487,52.4948],[-116.4983,52.5194],[-116.4809,52.5219],[-116.4645,52.4997],[-116.4323,52.4894],[-116.4486,52.5266],[-116.4803,52.546],[-116.5082,52.5413],[-116.5009,52.5292],[-116.535,52.5345],[-116.5079,52.5689],[-116.5564,52.5951],[-116.5672,52.5989],[-116.5798,52.5984],[-116.5703,52.5954]],[[-116.3946,52.4747],[-116.3747,52.4712],[-116.386,52.4583],[-116.3667,52.4605],[-116.3688,52.4452],[-116.3454,52.4379],[-116.361,52.4285],[-116.3517,52.4234],[-116.337,52.4396],[-116.3066,52.4337],[-116.328,52.4558],[-116.3478,52.4439],[-116.3641,52.4777],[-116.3768,52.4828],[-116.3946,52.4747]],[[-116.5539,52.234],[-116.5606,52.2097],[-116.5066,52.1815],[-116.5539,52.234]],[[-116.7219,52.1459],[-116.7756,52.1498],[-116.7856,52.1321],[-116.798,52.1418],[-116.8326,52.1303],[-116.833,52.1105],[-116.887,52.0762],[-116.8632,52.0515],[-116.8235,52.0629],[-116.8414,52.0373],[-116.7964,51.9943],[-116.7155,51.9993],[-116.7123,52.0068],[-116.7435,52.0129],[-116.7269,52.0293],[-116.6733,52.0176],[-116.6718,52.0343],[-116.6511,52.033],[-116.6567,52.0448],[-116.6312,52.0376],[-116.5707,52.0524],[-116.5592,52.036],[-116.5237,52.0311],[-116.5248,52.0215],[-116.4939,52.0327],[-116.4774,52.0227],[-116.4703,52.0521],[-116.4559,52.0568],[-116.4874,52.0857],[-116.4727,52.0962],[-116.4474,52.0905],[-116.4712,52.1064],[-116.4591,52.1203],[-116.4768,52.1448],[-116.48,52.1336],[-116.504,52.1418],[-116.4876,52.1195],[-116.5029,52.1004],[-116.5425,52.1258],[-116.5641,52.1133],[-116.5369,52.0539],[-116.5784,52.0968],[-116.5863,52.0796],[-116.6009,52.0899],[-116.628,52.0814],[-116.5942,52.1103],[-116.6726,52.0863],[-116.5974,52.1238],[-116.6044,52.1286],[-116.68,52.1293],[-116.6816,52.1177],[-116.7022,52.1355],[-116.7365,52.0858],[-116.7316,52.076],[-116.747,52.0755],[-116.7505,52.1023],[-116.7782,52.0986],[-116.7448,52.1102],[-116.7219,52.1459]],[[-117.7476,52.8677],[-117.7936,52.8917],[-117.7921,52.9102],[-117.8106,52.9029],[-117.7897,52.9238],[-117.8171,52.9438],[-117.8344,52.9254],[-117.8377,52.9398],[-117.8575,52.9313],[-117.843,52.9172],[-117.8745,52.9295],[-117.8484,52.9481],[-117.8501,52.9723],[-117.864,52.9563],[-117.8939,52.9802],[-117.9058,52.9577],[-117.887,52.9477],[-117.9147,52.9436],[-117.9203,52.9546],[-117.9386,52.9529],[-117.935,52.9708],[-117.9519,52.9686],[-117.9342,52.9957],[-117.9516,52.9881],[-117.9502,53.0013],[-117.9751,52.9974],[-117.9837,53.0116],[-117.9999,53.0059],[-118.0121,53.022],[-118.0361,53.0224],[-118.0216,53.0028],[-117.9815,52.9959],[-118.0042,52.9841],[-117.9793,52.9853],[-117.9694,52.9684],[-117.9824,52.9676],[-117.9499,52.9502],[-117.9877,52.9488],[-117.9793,52.9423],[-117.8439,52.9141],[-117.8276,52.8934],[-117.7476,52.8677]],[[-118.0143,53.0581],[-117.9169,53.0065],[-117.921,53.0332],[-117.9082,53.0477],[-117.935,53.0301],[-117.9479,53.0478],[-117.9316,53.0529],[-117.9604,53.0554],[-117.9531,53.0627],[-117.9678,53.0649],[-117.9678,53.0509],[-118.0143,53.0581]],[[-117.8357,53.0167],[-117.833,52.9932],[-117.8798,53.0051],[-117.8454,52.9781],[-117.8103,52.97],[-117.8211,52.9833],[-117.8028,53.0023],[-117.8357,53.0167]],[[-117.7794,52.9682],[-117.7573,52.9441],[-117.7133,52.9658],[-117.7619,52.9771],[-117.7829,52.9949],[-117.7794,52.9682]],[[-117.6853,52.9388],[-117.7059,52.9441],[-117.7136,52.9333],[-117.6644,52.9038],[-117.6704,52.8907],[-117.6542,52.8819],[-117.5816,52.915],[-117.5905,52.9219],[-117.6235,52.9054],[-117.6211,52.9225],[-117.6697,52.9197],[-117.6675,52.9458],[-117.6877,52.9535],[-117.6853,52.9388]],[[-117.7795,53.0449],[-117.79,53.0434],[-117.7776,53.0374],[-117.7795,53.0449]],[[-118.0764,52.7477],[-118.0828,52.7645],[-118.0978,52.7643],[-118.142,52.7395],[-118.1313,52.7212],[-118.1512,52.7333],[-118.174,52.7193],[-118.1427,52.7575],[-118.1847,52.7561],[-118.0995,52.7882],[-118.1209,52.803],[-118.1576,52.7897],[-118.1338,52.8163],[-118.1127,52.8199],[-118.1295,52.8368],[-118.1543,52.8286],[-118.1807,52.8399],[-118.193,52.8236],[-118.1948,52.8352],[-118.2563,52.8379],[-118.2509,52.8178],[-118.2185,52.8152],[-118.2375,52.7988],[-118.2401,52.7852],[-118.2276,52.7821],[-118.2485,52.7811],[-118.269,52.7985],[-118.2811,52.7798],[-118.2719,52.7566],[-118.2505,52.749],[-118.2748,52.7506],[-118.2651,52.7356],[-118.2079,52.7202],[-118.2194,52.719],[-118.2155,52.7095],[-118.2613,52.7236],[-118.2526,52.7022],[-118.1974,52.6784],[-118.1778,52.6783],[-118.17,52.6956],[-118.1494,52.6897],[-118.0985,52.7046],[-118.0764,52.7477]],[[-118.1327,52.5255],[-118.112,52.5272],[-118.1362,52.5268],[-118.1327,52.5255]],[[-116.2965,52.0771],[-116.3069,52.0786],[-116.3026,52.0967],[-116.3242,52.0962],[-116.3285,52.1124],[-116.2947,52.103],[-116.2908,52.1258],[-116.2768,52.1191],[-116.2622,52.1293],[-116.2981,52.1439],[-116.3173,52.1386],[-116.3056,52.1521],[-116.3244,52.1627],[-116.3676,52.1592],[-116.3351,52.1335],[-116.3366,52.1194],[-116.3701,52.1297],[-116.3457,52.0897],[-116.3318,52.0872],[-116.3345,52.076],[-116.3065,52.061],[-116.2965,52.0771]],[[-116.1496,52.1675],[-116.1214,52.1663],[-116.1227,52.1541],[-116.1032,52.1513],[-116.0931,52.1701],[-116.1296,52.1796],[-116.1496,52.1675]],[[-116.25,52.1711],[-116.2173,52.1766],[-116.2323,52.1935],[-116.2187,52.1973],[-116.2615,52.2162],[-116.2692,52.2131],[-116.2383,52.1967],[-116.3023,52.1882],[-116.2804,52.1717],[-116.2551,52.1882],[-116.25,52.1711]],[[-116.0941,52.1469],[-116.0664,52.1436],[-116.0764,52.132],[-116.0439,52.1409],[-116.0527,52.1239],[-116.0339,52.1178],[-116.027,52.1294],[-116.0118,52.122],[-116.024,52.1053],[-115.9933,52.1239],[-116.0743,52.1637],[-116.0941,52.1469]],[[-115.9821,52.039],[-116.0037,52.0424],[-116.0058,52.0373],[-115.9973,52.0313],[-115.9821,52.039]],[[-115.9666,52.0114],[-116.0648,52.0342],[-116.093,52.0224],[-116.0775,52.0073],[-116.0389,52.0],[-116.021,52.0115],[-115.9666,52.0114]],[[-115.7352,51.6479],[-115.7829,51.6406],[-115.7833,51.6235],[-115.7998,51.633],[-115.7916,51.6529],[-115.8372,51.6516],[-115.8357,51.6299],[-115.8543,51.646],[-115.9146,51.6449],[-115.9102,51.6096],[-115.8641,51.587],[-115.9102,51.5983],[-115.9271,51.5683],[-115.9171,51.5586],[-115.9379,51.5628],[-115.9094,51.4801],[-115.9192,51.4694],[-115.9315,51.4701],[-115.9329,51.5048],[-115.9668,51.5504],[-116.0063,51.5305],[-116.0769,51.5455],[-116.0912,51.5328],[-116.1271,51.56],[-116.1844,51.486],[-116.1328,51.4415],[-116.1063,51.4609],[-116.1233,51.4323],[-116.0802,51.4034],[-116.0428,51.4524],[-116.0292,51.4487],[-116.0182,51.4777],[-115.9936,51.4767],[-116.0089,51.4634],[-115.9841,51.4447],[-115.9879,51.4344],[-116.0064,51.4445],[-116.018,51.435],[-116.01,51.4074],[-116.0385,51.424],[-116.0448,51.41],[-116.0421,51.3719],[-116.0132,51.3559],[-116.0206,51.3493],[-115.9868,51.3379],[-115.9808,51.3167],[-115.9497,51.299],[-115.9131,51.2886],[-115.9097,51.2988],[-115.8426,51.2755],[-115.8453,51.2962],[-115.8829,51.3251],[-115.937,51.3357],[-115.9178,51.348],[-115.9557,51.3958],[-115.8223,51.3064],[-115.821,51.3362],[-115.8075,51.3068],[-115.7738,51.304],[-115.8074,51.2935],[-115.7896,51.259],[-115.7688,51.2427],[-115.7402,51.2539],[-115.7548,51.2318],[-115.7357,51.2271],[-115.7337,51.21],[-115.7053,51.2092],[-115.7173,51.1957],[-115.6876,51.1774],[-115.6676,51.1876],[-115.6717,51.1991],[-115.6555,51.1945],[-115.6635,51.2126],[-115.7041,51.2298],[-115.7018,51.2488],[-115.7214,51.2835],[-115.7596,51.2755],[-115.7254,51.2953],[-115.739,51.3158],[-115.7306,51.3316],[-115.7007,51.2951],[-115.6839,51.2492],[-115.6545,51.2264],[-115.64,51.2306],[-115.64,51.2949],[-115.6688,51.3191],[-115.6578,51.3401],[-115.6843,51.3384],[-115.6569,51.3628],[-115.6174,51.3449],[-115.6243,51.3615],[-115.6514,51.3768],[-115.6782,51.3608],[-115.6811,51.3783],[-115.6965,51.3708],[-115.691,51.3883],[-115.7323,51.4088],[-115.7527,51.3959],[-115.74,51.3682],[-115.7774,51.3421],[-115.7601,51.379],[-115.7916,51.3569],[-115.7672,51.3942],[-115.8011,51.393],[-115.8208,51.3741],[-115.8408,51.385],[-115.8846,51.3827],[-115.7878,51.4114],[-115.7956,51.4246],[-115.8295,51.4247],[-115.7991,51.4325],[-115.8124,51.4602],[-115.7989,51.4592],[-115.766,51.4146],[-115.7328,51.437],[-115.6983,51.4372],[-115.7353,51.4597],[-115.7067,51.4584],[-115.7082,51.486],[-115.7504,51.4863],[-115.7301,51.4969],[-115.7347,51.5115],[-115.751,51.5121],[-115.7383,51.5268],[-115.8062,51.518],[-115.8138,51.4948],[-115.8243,51.5218],[-115.7576,51.5383],[-115.7774,51.5551],[-115.7842,51.5822],[-115.7288,51.5466],[-115.7215,51.5567],[-115.7441,51.5643],[-115.7154,51.5668],[-115.716,51.5988],[-115.6891,51.5849],[-115.6874,51.5963],[-115.6203,51.6118],[-115.6769,51.6113],[-115.7277,51.6286],[-115.6537,51.6168],[-115.6401,51.6388],[-115.6331,51.6241],[-115.6071,51.6168],[-115.6074,51.6409],[-115.598,51.6269],[-115.5767,51.6521],[-115.5596,51.6527],[-115.5865,51.6773],[-115.5626,51.6739],[-115.5626,51.6885],[-115.5264,51.6559],[-115.5054,51.6533],[-115.5458,51.7009],[-115.5835,51.7081],[-115.6192,51.6731],[-115.6126,51.6933],[-115.6234,51.6825],[-115.6271,51.695],[-115.6505,51.688],[-115.6441,51.701],[-115.6827,51.7],[-115.6898,51.6882],[-115.6628,51.6717],[-115.6812,51.6625],[-115.7014,51.6785],[-115.7062,51.667],[-115.7385,51.6636],[-115.7352,51.6479]],[[-115.4502,51.6535],[-115.4361,51.6527],[-115.4455,51.6599],[-115.4502,51.6535]],[[-115.576,51.6241],[-115.5831,51.6012],[-115.6002,51.6025],[-115.6022,51.5902],[-115.5798,51.5766],[-115.5744,51.5905],[-115.5538,51.594],[-115.5481,51.619],[-115.576,51.6241]],[[-115.4728,51.5912],[-115.4939,51.5853],[-115.4868,51.5778],[-115.4987,51.5806],[-115.5007,51.5688],[-115.525,51.5725],[-115.5361,51.5491],[-115.5566,51.5726],[-115.5733,51.5561],[-115.558,51.5494],[-115.5722,51.5379],[-115.5542,51.5335],[-115.564,51.5256],[-115.5511,51.5211],[-115.5601,51.516],[-115.5529,51.4957],[-115.5286,51.4929],[-115.5476,51.4913],[-115.536,51.4561],[-115.5497,51.4719],[-115.5728,51.4646],[-115.5613,51.4748],[-115.5827,51.5248],[-115.5944,51.5233],[-115.5914,51.4951],[-115.6066,51.5079],[-115.6468,51.4916],[-115.6513,51.4993],[-115.5991,51.526],[-115.61,51.5284],[-115.5946,51.539],[-115.6007,51.5487],[-115.6331,51.5526],[-115.601,51.578],[-115.6467,51.5714],[-115.6617,51.5532],[-115.6726,51.567],[-115.7074,51.56],[-115.7188,51.5344],[-115.707,51.5194],[-115.72,51.5154],[-115.6816,51.4682],[-115.6881,51.4552],[-115.6522,51.4127],[-115.6641,51.4069],[-115.6556,51.3957],[-115.6417,51.4024],[-115.5901,51.3614],[-115.6163,51.4227],[-115.5943,51.4127],[-115.5522,51.4191],[-115.5893,51.405],[-115.5734,51.3697],[-115.5325,51.391],[-115.5118,51.3746],[-115.5444,51.3785],[-115.5537,51.3569],[-115.572,51.356],[-115.5684,51.3387],[-115.5409,51.3347],[-115.5522,51.3233],[-115.532,51.3191],[-115.5289,51.2994],[-115.5011,51.3056],[-115.5122,51.2952],[-115.4944,51.2792],[-115.4714,51.2858],[-115.4851,51.2659],[-115.4468,51.2837],[-115.4526,51.3036],[-115.4279,51.2919],[-115.4335,51.301],[-115.401,51.2982],[-115.3185,51.2506],[-115.3212,51.2639],[-115.2986,51.255],[-115.3063,51.2662],[-115.2971,51.2764],[-115.2824,51.2668],[-115.2473,51.2728],[-115.2504,51.2879],[-115.2269,51.2781],[-115.2265,51.2898],[-115.1844,51.2893],[-115.2055,51.3042],[-115.242,51.2961],[-115.2341,51.3099],[-115.2767,51.2922],[-115.2797,51.3154],[-115.2939,51.3043],[-115.3185,51.3142],[-115.3086,51.2921],[-115.3286,51.3021],[-115.3386,51.2751],[-115.4075,51.3184],[-115.408,51.332],[-115.4218,51.327],[-115.4158,51.3433],[-115.4589,51.3389],[-115.4591,51.352],[-115.4224,51.3564],[-115.4574,51.3991],[-115.4157,51.3883],[-115.4014,51.4072],[-115.3797,51.4142],[-115.414,51.3769],[-115.3943,51.3781],[-115.405,51.3694],[-115.397,51.3512],[-115.3821,51.3523],[-115.3873,51.343],[-115.3734,51.3473],[-115.3739,51.3233],[-115.3449,51.3215],[-115.3449,51.3347],[-115.2978,51.3238],[-115.32,51.3527],[-115.2981,51.3441],[-115.2961,51.3562],[-115.2859,51.3536],[-115.2815,51.3272],[-115.2755,51.3374],[-115.2522,51.3282],[-115.2538,51.3435],[-115.2381,51.3255],[-115.2088,51.328],[-115.2375,51.3592],[-115.2727,51.3555],[-115.239,51.369],[-115.2439,51.3782],[-115.2809,51.3745],[-115.2521,51.3837],[-115.2595,51.3947],[-115.3398,51.3905],[-115.3051,51.411],[-115.2548,51.4008],[-115.289,51.4264],[-115.2629,51.4344],[-115.2612,51.4207],[-115.2289,51.4127],[-115.2574,51.4447],[-115.2941,51.4498],[-115.2964,51.4371],[-115.3385,51.4169],[-115.3274,51.4423],[-115.3591,51.428],[-115.406,51.4419],[-115.4189,51.4658],[-115.3841,51.4732],[-115.4131,51.481],[-115.4423,51.4326],[-115.4428,51.4672],[-115.4653,51.4498],[-115.47,51.463],[-115.4408,51.4832],[-115.4773,51.4741],[-115.4544,51.4882],[-115.4642,51.5067],[-115.4259,51.5129],[-115.452,51.5252],[-115.4619,51.5186],[-115.4605,51.5277],[-115.3959,51.5404],[-115.4141,51.5605],[-115.4152,51.5489],[-115.4599,51.5428],[-115.4692,51.525],[-115.4827,51.5368],[-115.4827,51.5189],[-115.4931,51.5363],[-115.5184,51.5258],[-115.4846,51.5502],[-115.5058,51.5565],[-115.4641,51.5743],[-115.4579,51.5906],[-115.4722,51.603],[-115.4728,51.5912]],[[-115.4026,51.5095],[-115.4112,51.4886],[-115.3771,51.516],[-115.3833,51.5174],[-115.4026,51.5095]],[[-115.631,51.3326],[-115.6175,51.3165],[-115.6095,51.3282],[-115.631,51.3326]],[[-115.6271,51.305],[-115.6313,51.2833],[-115.598,51.2511],[-115.597,51.226],[-115.5822,51.215],[-115.5518,51.2193],[-115.5436,51.2332],[-115.5751,51.2843],[-115.6071,51.3145],[-115.6271,51.305]],[[-115.6494,51.2147],[-115.6363,51.1886],[-115.6158,51.1947],[-115.6494,51.2147]],[[-115.5458,51.1097],[-115.5262,51.0977],[-115.5801,51.1446],[-115.5458,51.1097]],[[-115.4665,51.0162],[-115.4307,50.9955],[-115.4185,51.0149],[-115.4324,51.0151],[-115.445,51.0407],[-115.4986,51.0763],[-115.4665,51.0162]],[[-115.3822,51.0184],[-115.3592,50.9982],[-115.3296,50.9969],[-115.3331,50.9883],[-115.3077,50.9903],[-115.31,51.0069],[-115.3366,51.0105],[-115.3274,51.0284],[-115.3648,51.0195],[-115.368,51.0434],[-115.4022,51.066],[-115.3822,51.0184]],[[-115.4105,50.8889],[-115.441,50.945],[-115.4552,50.9457],[-115.4549,50.9707],[-115.4665,50.9744],[-115.4729,50.9605],[-115.4798,50.9683],[-115.4729,50.9277],[-115.4105,50.8889]],[[-115.4123,50.9734],[-115.3703,50.9111],[-115.3564,50.9157],[-115.3491,50.9512],[-115.3661,50.9664],[-115.3798,50.9554],[-115.3814,50.9743],[-115.4084,50.99],[-115.4123,50.9734]],[[-115.4574,51.721],[-115.4384,51.7097],[-115.4247,51.7114],[-115.4275,51.72],[-115.4574,51.721]],[[-115.4027,51.6785],[-115.415,51.6947],[-115.4237,51.6939],[-115.4208,51.6847],[-115.4027,51.6785]]],[[[-116.6549,52.75],[-116.6814,52.7539],[-116.7243,52.785],[-116.7383,52.8086],[-116.6549,52.75]]],[[[-116.7557,52.8927],[-116.7746,52.9027],[-116.7561,52.9062],[-116.7745,52.9252],[-116.7477,52.9077],[-116.7557,52.8927]]],[[[-116.8164,53.0004],[-116.8226,52.9898],[-116.8697,52.9956],[-116.8872,53.0051],[-116.8712,53.0111],[-116.8822,53.029],[-116.8164,53.0004]]],[[[-116.9769,53.0683],[-116.9099,53.0393],[-116.9188,53.0232],[-116.9769,53.0683]]],[[[-117.1952,53.1318],[-117.1821,53.1201],[-117.154,53.1181],[-117.1814,53.1004],[-117.205,53.1088],[-117.1887,53.1244],[-117.1952,53.1318]]],[[[-117.2998,53.1279],[-117.3174,53.1227],[-117.3298,53.1344],[-117.3247,53.1378],[-117.2998,53.1279]]],[[[-117.4216,53.1467],[-117.4073,53.1488],[-117.3876,53.1382],[-117.3922,53.1333],[-117.4216,53.1467]]],[[[-117.3714,53.1484],[-117.3915,53.1555],[-117.3583,53.1473],[-117.3714,53.1484]]],[[[-117.4886,53.1872],[-117.4381,53.1583],[-117.4637,53.1558],[-117.4886,53.1872]]],[[[-117.8814,53.4888],[-117.847,53.4435],[-117.8757,53.4496],[-117.8919,53.4375],[-117.8801,53.4254],[-117.8718,53.4341],[-117.8539,53.4258],[-117.849,53.4127],[-117.9107,53.4207],[-117.9103,53.4066],[-117.9951,53.448],[-118.0,53.4756],[-117.9373,53.4344],[-117.9238,53.4512],[-117.9833,53.4859],[-117.9686,53.4996],[-117.9594,53.4881],[-117.9595,53.5042],[-117.8855,53.4796],[-117.8814,53.4888]]],[[[-118.292,53.8002],[-118.2901,53.8013],[-118.2878,53.8014],[-118.292,53.8002]]],[[[-119.5452,54.5519],[-119.4812,54.5067],[-119.5082,54.5142],[-119.5092,54.4882],[-119.535,54.5085],[-119.5406,54.4995],[-119.5564,54.5077],[-119.5617,54.5209],[-119.5748,54.5124],[-119.5984,54.525],[-119.5885,54.5055],[-119.4883,54.4303],[-119.4424,54.4141],[-119.4831,54.4686],[-119.4737,54.4847],[-119.4462,54.4827],[-119.3309,54.4507],[-119.1876,54.3774],[-119.1961,54.371],[-119.1755,54.3519],[-119.212,54.338],[-119.2266,54.3705],[-119.2592,54.398],[-119.2433,54.3428],[-119.2863,54.3839],[-119.3267,54.3898],[-119.3254,54.3737],[-119.306,54.3754],[-119.2714,54.3488],[-119.2713,54.3291],[-119.2866,54.3218],[-119.2459,54.3067],[-119.2491,54.2974],[-119.3337,54.2863],[-119.3491,54.2978],[-119.3624,54.2916],[-119.3479,54.2751],[-119.3899,54.2847],[-119.4067,54.2644],[-119.4441,54.2732],[-119.4131,54.2999],[-119.3919,54.2983],[-119.4013,54.3124],[-119.3854,54.3403],[-119.4097,54.3256],[-119.4218,54.3313],[-119.421,54.3131],[-119.4541,54.3163],[-119.4468,54.2997],[-119.4753,54.2983],[-119.504,54.2769],[-119.5376,54.2899],[-119.5304,54.268],[-119.5695,54.266],[-119.5484,54.2495],[-119.6358,54.246],[-119.6412,54.2386],[-119.6243,54.2274],[-119.6514,54.2297],[-119.6748,54.2481],[-119.6655,54.2581],[-119.6835,54.2572],[-119.7014,54.2454],[-119.6824,54.2379],[-119.6786,54.2275],[-119.6912,54.2207],[-119.6328,54.1958],[-119.6471,54.175],[-119.6172,54.1899],[-119.6151,54.2098],[-119.5944,54.1991],[-119.5856,54.1753],[-119.6045,54.1665],[-119.6092,54.1295],[-119.6492,54.1084],[-119.5836,54.1268],[-119.567,54.1441],[-119.5821,54.1525],[-119.5474,54.1467],[-119.5698,54.1584],[-119.5386,54.1675],[-119.5561,54.1772],[-119.5571,54.1977],[-119.5118,54.2017],[-119.4836,54.1901],[-119.5129,54.2136],[-119.5017,54.2152],[-119.5151,54.2224],[-119.5117,54.2357],[-119.5239,54.2333],[-119.5138,54.2459],[-119.35,54.2204],[-119.3868,54.2077],[-119.3627,54.1988],[-119.3428,54.2092],[-119.3014,54.2009],[-119.3104,54.1794],[-119.2895,54.165],[-119.2985,54.1394],[-119.3722,54.1435],[-119.3812,54.1424],[-119.3742,54.1309],[-119.4663,54.1294],[-119.323,54.123],[-119.3127,54.118],[-119.3216,54.0913],[-119.2897,54.122],[-119.2492,54.0825],[-119.2777,54.1244],[-119.2611,54.1533],[-119.2491,54.1535],[-119.2625,54.1627],[-119.2475,54.172],[-119.2599,54.1725],[-119.2536,54.178],[-119.2702,54.1933],[-119.2145,54.1872],[-119.2444,54.2061],[-119.2323,54.2193],[-119.1906,54.2335],[-119.175,54.2182],[-119.1515,54.2441],[-119.1107,54.253],[-119.0752,54.2504],[-119.0913,54.2266],[-119.0578,54.242],[-119.0318,54.2152],[-118.958,54.1849],[-118.9657,54.1705],[-119.0391,54.1705],[-119.0056,54.1641],[-118.9714,54.1361],[-118.846,54.1375],[-118.8776,54.0942],[-119.009,54.1154],[-119.0188,54.11],[-119.0131,54.0949],[-119.0427,54.1028],[-119.0318,54.0888],[-119.0666,54.0938],[-119.0806,54.0758],[-119.1017,54.0762],[-119.0988,54.0617],[-119.1677,54.0659],[-119.155,54.0379],[-119.1869,54.0264],[-119.2558,54.0419],[-119.2302,54.0181],[-119.2501,54.003],[-119.2731,54.006],[-119.2778,53.9902],[-119.301,53.9845],[-119.3704,54.0032],[-119.3781,53.9986],[-119.3299,53.9736],[-119.3816,53.9578],[-119.4485,53.9731],[-119.4189,53.9519],[-119.4997,53.8931],[-119.3978,53.92],[-119.4058,53.9302],[-119.3907,53.9386],[-119.323,53.9334],[-119.2934,53.9589],[-119.2524,53.9569],[-119.2658,53.9723],[-119.2585,53.9833],[-119.2136,53.9957],[-119.1868,53.9901],[-119.1857,54.0056],[-119.1093,54.0361],[-119.083,54.0292],[-119.1649,53.9924],[-119.171,53.9611],[-119.1835,53.9611],[-119.1926,53.9397],[-119.2333,53.9464],[-119.2229,53.9178],[-119.2583,53.9048],[-119.206,53.9119],[-119.2004,53.9021],[-119.2465,53.884],[-119.192,53.8898],[-119.2054,53.8782],[-119.2104,53.8433],[-119.235,53.8381],[-119.2292,53.825],[-119.3304,53.8107],[-119.3468,53.828],[-119.3761,53.824],[-119.3481,53.8035],[-119.3622,53.7922],[-119.4459,53.8092],[-119.4333,53.7876],[-119.4612,53.7873],[-119.4564,53.7759],[-119.4138,53.782],[-119.4014,53.7706],[-119.4144,53.7622],[-119.4019,53.7542],[-119.5117,53.727],[-119.4877,53.7222],[-119.5071,53.6469],[-119.4752,53.6654],[-119.432,53.6397],[-119.4209,53.6483],[-119.3739,53.6299],[-119.2675,53.4877],[-119.2615,53.456],[-119.2121,53.4674],[-119.2288,53.4831],[-119.2147,53.4843],[-119.2158,53.5006],[-119.2762,53.5789],[-119.2793,53.6064],[-119.2622,53.6066],[-119.3242,53.6333],[-119.4003,53.687],[-119.3787,53.7021],[-119.3863,53.7132],[-119.3727,53.7133],[-119.3853,53.7223],[-119.374,53.7404],[-119.2943,53.7417],[-119.3166,53.7588],[-119.2232,53.7826],[-119.2048,53.7793],[-119.2003,53.7622],[-119.1833,53.7745],[-119.1913,53.7872],[-119.1577,53.809],[-119.0816,53.8085],[-119.0894,53.8229],[-119.0601,53.8211],[-119.0517,53.807],[-119.0896,53.781],[-119.0595,53.7888],[-119.0195,53.7535],[-119.0167,53.7357],[-119.0483,53.6747],[-119.0349,53.6704],[-118.9992,53.7475],[-119.0492,53.7973],[-118.9137,53.7796],[-118.8745,53.7904],[-118.8623,53.7813],[-118.7946,53.7857],[-118.7815,53.8048],[-118.7038,53.8243],[-118.6766,53.8056],[-118.6905,53.829],[-118.663,53.8568],[-118.5119,53.8381],[-118.4746,53.8632],[-118.3745,53.8764],[-118.312,53.9261],[-118.3036,53.9126],[-118.2579,53.9256],[-118.2756,53.902],[-118.2453,53.9174],[-118.2306,53.9049],[-118.201,53.9094],[-118.1934,53.8889],[-118.2416,53.8884],[-118.2231,53.8798],[-118.2343,53.859],[-118.2612,53.8688],[-118.2854,53.8566],[-118.2268,53.8403],[-118.2409,53.8264],[-118.2559,53.8154],[-118.3367,53.8195],[-118.3231,53.8042],[-118.2905,53.8046],[-118.3994,53.7628],[-118.4186,53.7396],[-118.4142,53.7256],[-118.3943,53.7066],[-118.1051,53.5929],[-118.089,53.563],[-118.0223,53.548],[-117.9823,53.5169],[-118.0248,53.5078],[-118.0641,53.5266],[-118.1203,53.514],[-118.2079,53.4745],[-118.2677,53.4671],[-118.3178,53.443],[-118.317,53.4327],[-118.1216,53.5007],[-118.1161,53.4722],[-118.0933,53.4995],[-118.0534,53.4912],[-118.0676,53.4806],[-118.0189,53.4463],[-118.0328,53.4224],[-117.9979,53.431],[-117.9864,53.417],[-118.0067,53.4176],[-117.9981,53.4001],[-117.9784,53.3958],[-117.9797,53.3742],[-117.9584,53.3764],[-117.9591,53.3628],[-117.9223,53.3576],[-117.9138,53.3404],[-117.9352,53.3321],[-117.9042,53.3351],[-117.8958,53.3232],[-117.9177,53.3113],[-117.8925,53.3153],[-117.8991,53.2977],[-117.8847,53.2934],[-117.889,53.2569],[-117.8983,53.2573],[-117.8895,53.2364],[-117.913,53.2349],[-117.9968,53.2739],[-117.9964,53.2892],[-118.0227,53.2907],[-118.102,53.332],[-118.0861,53.3062],[-117.9953,53.2472],[-118.0043,53.2104],[-118.0188,53.213],[-118.0152,53.1793],[-118.0321,53.1796],[-118.0439,53.2029],[-118.0542,53.1923],[-118.0897,53.202],[-118.1107,53.2246],[-118.1573,53.2121],[-118.1624,53.2217],[-118.1507,53.2252],[-118.1747,53.2355],[-118.1718,53.2482],[-118.1983,53.2503],[-118.2047,53.2236],[-118.1867,53.1886],[-118.1669,53.189],[-118.1576,53.1735],[-118.152,53.1879],[-118.1365,53.1879],[-118.0609,53.1225],[-118.0763,53.0889],[-118.1148,53.1077],[-118.1139,53.0783],[-118.1324,53.0844],[-118.1253,53.0703],[-118.1406,53.0629],[-118.1446,53.0345],[-118.1818,53.023],[-118.1392,53.0151],[-118.0873,52.9608],[-118.1042,52.9405],[-118.1371,52.9302],[-118.1421,52.904],[-118.186,52.8967],[-118.1676,52.892],[-118.174,52.8855],[-118.206,52.8929],[-118.1856,52.8818],[-118.3001,52.9002],[-118.3006,52.8861],[-118.3214,52.8842],[-118.5004,52.9145],[-118.4909,52.9023],[-118.5497,52.9078],[-118.5746,52.8932],[-118.6025,52.8958],[-118.5989,52.9107],[-118.572,52.9196],[-118.5981,52.9308],[-118.6033,52.9473],[-118.642,52.9578],[-118.6471,52.9758],[-118.611,52.9663],[-118.6386,52.9995],[-118.6547,53.0728],[-118.6833,53.0465],[-118.6867,53.0671],[-118.7184,53.0594],[-118.7268,53.0725],[-118.7717,53.0524],[-118.7674,53.0751],[-118.6581,53.1009],[-118.7751,53.134],[-118.7458,53.1402],[-118.7559,53.1535],[-118.7476,53.1639],[-118.6908,53.1295],[-118.6874,53.1453],[-118.7154,53.1696],[-118.727,53.211],[-118.7036,53.2238],[-118.7057,53.2452],[-118.6351,53.2675],[-118.6097,53.2978],[-118.6371,53.2921],[-118.6232,53.3076],[-118.6737,53.3192],[-118.668,53.2967],[-118.6841,53.3142],[-118.695,53.3098],[-118.6924,53.2869],[-118.7102,53.3033],[-118.7375,53.2899],[-118.7384,53.2697],[-118.7802,53.2685],[-118.7879,53.2616],[-118.7728,53.247],[-118.7943,53.2564],[-118.7832,53.2314],[-118.8151,53.2373],[-118.7824,53.2035],[-118.7977,53.2065],[-118.7989,53.1938],[-118.7829,53.1799],[-118.8077,53.1869],[-118.8257,53.2104],[-118.8457,53.2062],[-118.8522,53.2322],[-118.9124,53.2198],[-118.9199,53.2289],[-118.9072,53.243],[-118.9434,53.2531],[-118.9321,53.2662],[-118.9823,53.2917],[-118.9426,53.2891],[-118.967,53.3099],[-118.9351,53.3088],[-118.9045,53.2763],[-118.8514,53.2636],[-118.8378,53.2699],[-118.8819,53.2961],[-118.8244,53.2791],[-118.7871,53.2969],[-118.7568,53.3231],[-118.7564,53.3373],[-118.7353,53.3413],[-118.7898,53.3494],[-118.8039,53.3244],[-118.8434,53.3107],[-118.7996,53.3651],[-118.8555,53.3776],[-118.9067,53.3492],[-118.87,53.3949],[-118.8911,53.3897],[-118.8844,53.4033],[-118.9256,53.4109],[-118.9677,53.3915],[-118.9781,53.3724],[-118.9828,53.3947],[-118.9985,53.4032],[-118.9303,53.4285],[-118.9864,53.4534],[-119.0463,53.438],[-119.1139,53.4657],[-119.1511,53.4513],[-119.1401,53.4413],[-119.1785,53.4396],[-119.1633,53.4252],[-119.0918,53.4247],[-119.1376,53.4198],[-119.0767,53.3978],[-119.0599,53.4114],[-119.0443,53.4102],[-119.0602,53.3962],[-119.0217,53.3735],[-119.003,53.3537],[-119.0084,53.3442],[-118.9762,53.3227],[-119.0145,53.3297],[-119.0429,53.371],[-119.0665,53.3774],[-119.0539,53.332],[-119.0665,53.3479],[-119.0872,53.3296],[-119.0602,53.3085],[-119.0816,53.3112],[-119.0785,53.3009],[-119.057,53.2891],[-119.0782,53.286],[-119.1189,53.326],[-119.1074,53.3558],[-119.1139,53.3728],[-119.1715,53.3966],[-119.1518,53.3676],[-119.1799,53.3721],[-119.162,53.3574],[-119.1777,53.3577],[-119.1599,53.333],[-119.2016,53.3526],[-119.2006,53.3312],[-119.1768,53.3133],[-119.2172,53.3246],[-119.2179,53.3079],[-119.1544,53.2955],[-119.1619,53.2894],[-119.124,53.2611],[-119.2127,53.289],[-119.1125,53.2319],[-119.0182,53.2397],[-119.0224,53.2268],[-119.0515,53.2209],[-119.0374,53.205],[-119.0701,53.2173],[-119.0874,53.2109],[-119.0502,53.1862],[-119.0922,53.1968],[-119.0829,53.1643],[-119.1228,53.1611],[-119.1354,53.1736],[-119.1236,53.1948],[-119.1362,53.212],[-119.1739,53.1982],[-119.1524,53.2186],[-119.1908,53.2395],[-119.2053,53.2328],[-119.2075,53.2533],[-119.2353,53.2662],[-119.2647,53.2349],[-119.2461,53.2079],[-119.2252,53.2032],[-119.256,53.1965],[-119.2982,53.2626],[-119.2763,53.2716],[-119.3213,53.2752],[-119.3084,53.2867],[-119.2616,53.2815],[-119.2829,53.3108],[-119.2727,53.3293],[-119.3511,53.3121],[-119.3461,53.3409],[-119.3649,53.378],[-119.3086,53.3473],[-119.2777,53.3546],[-119.314,53.3762],[-119.2741,53.3721],[-119.2758,53.3847],[-119.26,53.3942],[-119.2623,53.4285],[-119.2829,53.414],[-119.2836,53.428],[-119.311,53.4256],[-119.3,53.3952],[-119.3374,53.4204],[-119.3595,53.4164],[-119.3454,53.3956],[-119.4015,53.4123],[-119.4279,53.4358],[-119.4182,53.4355],[-119.4262,53.4532],[-119.3787,53.4337],[-119.3716,53.444],[-119.39,53.456],[-119.2755,53.4617],[-119.2824,53.4948],[-119.3087,53.4797],[-119.2945,53.507],[-119.3193,53.5275],[-119.3621,53.4829],[-119.3832,53.4814],[-119.3316,53.5356],[-119.3552,53.5773],[-119.4049,53.5175],[-119.4044,53.499],[-119.4167,53.5182],[-119.4613,53.4827],[-119.4944,53.489],[-119.4654,53.4934],[-119.466,53.5091],[-119.4437,53.513],[-119.4632,53.5211],[-119.4398,53.5188],[-119.4374,53.5379],[-119.4264,53.5348],[-119.3969,53.5667],[-119.4323,53.5658],[-119.383,53.5892],[-119.3805,53.6005],[-119.3986,53.595],[-119.3872,53.6104],[-119.4002,53.6234],[-119.4209,53.6148],[-119.4282,53.5847],[-119.4557,53.5831],[-119.4464,53.6022],[-119.4687,53.5965],[-119.4625,53.5514],[-119.4853,53.557],[-119.4884,53.5803],[-119.5185,53.5657],[-119.5094,53.54],[-119.5311,53.5521],[-119.5416,53.5241],[-119.5515,53.5562],[-119.5907,53.5359],[-119.5879,53.5156],[-119.55,53.5104],[-119.5417,53.5014],[-119.5794,53.5015],[-119.529,53.4621],[-119.5436,53.4581],[-119.5406,53.4442],[-119.561,53.443],[-119.5675,53.4672],[-119.5902,53.4585],[-119.5871,53.4755],[-119.6014,53.4846],[-119.6528,53.4818],[-119.6189,53.4956],[-119.6402,53.498],[-119.6313,53.5259],[-119.6927,53.5019],[-119.6425,53.4455],[-119.432,53.3702],[-119.4553,53.36],[-119.5419,53.3697],[-119.5618,53.386],[-119.5836,53.3776],[-119.5961,53.4022],[-119.6186,53.4125],[-119.6307,53.3853],[-119.6164,53.3698],[-119.6533,53.368],[-119.676,53.3943],[-119.6493,53.4064],[-119.6671,53.4265],[-119.6799,53.4301],[-119.6969,53.4076],[-119.7257,53.3983],[-119.7234,53.4181],[-119.752,53.4203],[-119.7559,53.4291],[-119.7119,53.431],[-119.7033,53.4434],[-119.725,53.4482],[-119.7216,53.4593],[-119.7616,53.445],[-119.7455,53.4663],[-119.7722,53.4578],[-119.7843,53.4696],[-119.7502,53.509],[-119.8017,53.4953],[-119.8301,53.5113],[-119.8062,53.5272],[-119.8236,53.5306],[-119.8826,53.5076],[-119.8801,53.5275],[-119.8626,53.5302],[-119.8518,53.5529],[-119.9218,53.6098],[-119.8793,53.6135],[-119.7518,53.5787],[-119.7252,53.5806],[-119.738,53.5931],[-119.7229,53.6037],[-119.7003,53.5911],[-119.6747,53.591],[-119.6608,53.6004],[-119.6871,53.597],[-119.7045,53.6132],[-119.6294,53.6169],[-119.6833,53.6316],[-119.7149,53.6245],[-119.7284,53.6334],[-119.7331,53.6605],[-119.771,53.6746],[-119.7918,53.6972],[-119.7848,53.7028],[-119.8222,53.7219],[-119.8161,53.7084],[-119.8423,53.7019],[-119.8486,53.713],[-119.8894,53.7109],[-119.9009,53.7183],[-119.8951,53.7282],[-119.8632,53.7376],[-119.8944,53.7336],[-119.8793,53.7539],[-119.8793,53.7799],[-119.9758,53.7894],[-119.9682,53.8021],[-119.9365,53.7982],[-119.9328,53.8111],[-119.9976,53.8114],[-120.0,53.8739],[-119.9726,53.8651],[-119.9381,53.8855],[-119.952,53.8975],[-119.9901,53.8781],[-120.0,53.8845],[-120.0,54.0667],[-119.9671,54.0775],[-120.0,54.0773],[-120.0,54.1605],[-119.9661,54.1569],[-120.0,54.1879],[-119.9562,54.1837],[-119.9366,54.201],[-119.9683,54.1904],[-119.9672,54.1999],[-119.991,54.1952],[-119.981,54.208],[-119.9949,54.2101],[-120.0,54.1991],[-120.0,54.2865],[-119.9837,54.2733],[-119.9508,54.2799],[-119.9032,54.2656],[-119.9555,54.2904],[-119.9866,54.2857],[-119.9789,54.3048],[-119.9891,54.3104],[-120.0,54.2923],[-120.0,54.3334],[-119.9515,54.3308],[-119.9355,54.3037],[-119.9202,54.3276],[-119.9341,54.3354],[-119.9264,54.3436],[-119.87,54.3438],[-119.8778,54.3332],[-119.8688,54.3173],[-119.8968,54.2831],[-119.8807,54.2478],[-119.91,54.245],[-119.8645,54.2292],[-119.9013,54.2012],[-119.8533,54.2136],[-119.8282,54.2387],[-119.7997,54.2393],[-119.8303,54.2482],[-119.8367,54.2655],[-119.8365,54.2821],[-119.8028,54.2985],[-119.7684,54.2995],[-119.7778,54.2927],[-119.7477,54.2853],[-119.7609,54.2692],[-119.7337,54.2718],[-119.7118,54.2494],[-119.6968,54.2784],[-119.7095,54.2838],[-119.7046,54.2953],[-119.7644,54.3426],[-119.7475,54.3701],[-119.7088,54.3609],[-119.705,54.3864],[-119.6292,54.3927],[-119.6446,54.3824],[-119.6074,54.3807],[-119.5971,54.348],[-119.6207,54.342],[-119.6016,54.3393],[-119.6118,54.326],[-119.5997,54.3249],[-119.5553,54.361],[-119.5415,54.3579],[-119.5431,54.3363],[-119.5214,54.3471],[-119.5509,54.3753],[-119.5437,54.3877],[-119.5604,54.39],[-119.5548,54.402],[-119.4993,54.3867],[-119.4859,54.3697],[-119.4758,54.3722],[-119.4831,54.3841],[-119.464,54.3839],[-119.6048,54.5059],[-119.6229,54.5383],[-119.614,54.559],[-119.5943,54.5666],[-119.5452,54.5519]],[[-118.2993,53.2542],[-118.334,53.2408],[-118.3483,53.2513],[-118.361,53.2275],[-118.3916,53.2145],[-118.3691,53.2611],[-118.3868,53.2604],[-118.352,53.2758],[-118.3224,53.2736],[-118.3553,53.2958],[-118.3753,53.2806],[-118.3726,53.3018],[-118.3911,53.3174],[-118.3609,53.3122],[-118.4159,53.3325],[-118.3984,53.3214],[-118.3956,53.2902],[-118.4055,53.2839],[-118.3996,53.3028],[-118.423,53.2914],[-118.4137,53.3097],[-118.436,53.3261],[-118.4361,53.3045],[-118.4561,53.3122],[-118.448,53.2967],[-118.474,53.2972],[-118.4691,53.2786],[-118.4912,53.296],[-118.4956,53.2728],[-118.4445,53.2515],[-118.4914,53.2643],[-118.4568,53.243],[-118.4524,53.2266],[-118.4326,53.227],[-118.4374,53.2165],[-118.4128,53.1994],[-118.4592,53.213],[-118.473,53.2339],[-118.4847,53.2321],[-118.4834,53.2443],[-118.5082,53.238],[-118.5025,53.2474],[-118.5125,53.2492],[-118.5399,53.228],[-118.501,53.195],[-118.5339,53.2094],[-118.5567,53.1953],[-118.5587,53.2331],[-118.5271,53.2613],[-118.5263,53.2747],[-118.5428,53.274],[-118.526,53.2868],[-118.5396,53.2921],[-118.5708,53.2839],[-118.5699,53.2701],[-118.5851,53.2629],[-118.5772,53.2525],[-118.5943,53.26],[-118.6113,53.2493],[-118.5921,53.244],[-118.6013,53.2401],[-118.5791,53.2098],[-118.5975,53.2241],[-118.6044,53.1997],[-118.5802,53.1783],[-118.665,53.1833],[-118.6298,53.1992],[-118.6306,53.226],[-118.6449,53.2373],[-118.669,53.2319],[-118.6639,53.2154],[-118.6819,53.2213],[-118.6692,53.2044],[-118.697,53.2088],[-118.7039,53.1692],[-118.6611,53.1522],[-118.6752,53.1491],[-118.664,53.1239],[-118.6566,53.131],[-118.6065,53.1074],[-118.5588,53.1176],[-118.5974,53.1356],[-118.6183,53.132],[-118.6196,53.1434],[-118.5747,53.1394],[-118.5552,53.1495],[-118.5567,53.133],[-118.5216,53.1254],[-118.4687,53.1344],[-118.4424,53.1442],[-118.4961,53.1448],[-118.5092,53.164],[-118.4514,53.166],[-118.4475,53.1831],[-118.4238,53.1825],[-118.4346,53.169],[-118.4161,53.1503],[-118.3889,53.1641],[-118.3853,53.1463],[-118.3364,53.1463],[-118.2627,53.0853],[-118.236,53.0888],[-118.2492,53.0739],[-118.2236,53.052],[-118.1651,53.0354],[-118.1668,53.0536],[-118.1514,53.0553],[-118.1958,53.0641],[-118.1406,53.0735],[-118.1855,53.0835],[-118.1342,53.0966],[-118.1499,53.1157],[-118.165,53.1155],[-118.1697,53.1325],[-118.2056,53.1315],[-118.1937,53.1239],[-118.2056,53.1182],[-118.2014,53.1072],[-118.2126,53.1063],[-118.2226,53.1275],[-118.2681,53.1158],[-118.2599,53.1322],[-118.2167,53.1455],[-118.2096,53.1583],[-118.2289,53.1749],[-118.2579,53.1587],[-118.2505,53.1518],[-118.3,53.1427],[-118.2487,53.1963],[-118.1997,53.1925],[-118.2251,53.2125],[-118.2598,53.2066],[-118.2677,53.1883],[-118.2806,53.2017],[-118.3003,53.1934],[-118.304,53.1779],[-118.3319,53.187],[-118.3493,53.1732],[-118.333,53.1635],[-118.3438,53.1602],[-118.3769,53.1758],[-118.3783,53.1921],[-118.3493,53.1978],[-118.3584,53.2037],[-118.3196,53.2029],[-118.2998,53.2175],[-118.3154,53.234],[-118.2494,53.2279],[-118.2993,53.2542]],[[-118.2814,53.0373],[-118.2858,53.0584],[-118.3162,53.0631],[-118.3349,53.0842],[-118.3514,53.0656],[-118.3497,53.0372],[-118.3588,53.0383],[-118.3756,53.0637],[-118.3633,53.0948],[-118.386,53.1084],[-118.4223,53.0683],[-118.4153,53.0556],[-118.4334,53.0535],[-118.4181,53.029],[-118.4541,53.0365],[-118.4746,53.0567],[-118.458,53.0594],[-118.4158,53.1142],[-118.4544,53.1106],[-118.4625,53.0982],[-118.4899,53.1017],[-118.4743,53.0815],[-118.5081,53.0899],[-118.5007,53.0676],[-118.524,53.0729],[-118.529,53.0867],[-118.5534,53.0853],[-118.5264,53.0518],[-118.556,53.0583],[-118.5807,53.0809],[-118.5711,53.0685],[-118.5829,53.0681],[-118.585,53.0395],[-118.6138,53.076],[-118.6417,53.0684],[-118.638,53.0375],[-118.615,53.0162],[-118.5545,53.0266],[-118.6007,53.0043],[-118.588,52.9958],[-118.5501,53.0049],[-118.5544,52.9914],[-118.533,52.9707],[-118.5757,52.9865],[-118.5673,52.954],[-118.5094,52.9475],[-118.4952,52.9283],[-118.4753,52.9338],[-118.5078,52.9591],[-118.5159,52.9812],[-118.5052,53.0],[-118.5321,53.0443],[-118.5029,53.0424],[-118.4936,53.0207],[-118.4733,53.0255],[-118.4803,53.0085],[-118.4571,53.0083],[-118.4689,53.0025],[-118.4556,52.9795],[-118.4766,52.9919],[-118.4746,52.9696],[-118.4193,52.9333],[-118.4349,52.9589],[-118.4134,52.9438],[-118.4024,52.9534],[-118.3449,52.936],[-118.3208,52.9528],[-118.3273,52.9374],[-118.1998,52.9161],[-118.1748,52.918],[-118.1801,52.9311],[-118.1232,52.9514],[-118.1473,52.9687],[-118.1656,52.9601],[-118.1648,52.9813],[-118.194,52.9844],[-118.179,53.0038],[-118.1977,52.9937],[-118.1906,53.0078],[-118.2322,53.0145],[-118.2465,52.9957],[-118.2052,52.9613],[-118.2032,52.9356],[-118.2334,52.9679],[-118.2484,52.9501],[-118.2543,52.9716],[-118.2636,52.9439],[-118.2753,52.9469],[-118.2743,52.9922],[-118.3127,52.9706],[-118.3352,52.9766],[-118.3436,52.9543],[-118.4217,52.994],[-118.4036,53.0088],[-118.3523,52.9916],[-118.3124,52.9952],[-118.3139,53.0155],[-118.2777,53.0103],[-118.2561,53.0264],[-118.2814,53.0373]],[[-119.0747,53.4586],[-118.9454,53.4565],[-118.8866,53.4299],[-118.8444,53.4273],[-118.7453,53.3777],[-118.6787,53.3597],[-118.6616,53.3658],[-118.6486,53.3661],[-118.6586,53.3557],[-118.5809,53.3292],[-118.5862,53.3413],[-118.5694,53.3447],[-118.5977,53.3623],[-118.5871,53.3716],[-118.6912,53.3949],[-118.665,53.4005],[-118.5839,53.3818],[-118.6127,53.408],[-118.6755,53.4278],[-118.7504,53.4089],[-118.6958,53.4386],[-118.6987,53.4543],[-118.6365,53.4357],[-118.6432,53.4444],[-118.6127,53.4406],[-118.5431,53.4052],[-118.5377,53.4168],[-118.7185,53.4956],[-118.7345,53.493],[-118.7299,53.4754],[-118.7579,53.4851],[-118.7531,53.4978],[-118.7756,53.4953],[-118.7603,53.5071],[-118.7895,53.5088],[-118.7768,53.5171],[-118.8061,53.5204],[-118.8176,53.5383],[-118.8394,53.51],[-118.8169,53.4638],[-118.7881,53.4467],[-118.7947,53.4354],[-118.8047,53.4495],[-118.8382,53.4521],[-118.8502,53.477],[-118.8929,53.4711],[-118.8639,53.4961],[-118.8764,53.5102],[-118.9297,53.4915],[-118.9468,53.5015],[-119.0116,53.4968],[-119.0999,53.5256],[-119.1173,53.5082],[-119.1278,53.5342],[-119.1521,53.5233],[-119.1683,53.5427],[-119.2352,53.5646],[-119.1916,53.5187],[-119.1721,53.4682],[-119.0903,53.4834],[-119.0747,53.4586]],[[-118.7235,53.6747],[-118.7692,53.6712],[-118.7583,53.6579],[-118.779,53.6604],[-118.7921,53.6427],[-118.8029,53.6602],[-118.8555,53.6165],[-118.8453,53.648],[-118.8904,53.622],[-118.9566,53.643],[-118.9689,53.6358],[-118.8534,53.5716],[-118.8218,53.5696],[-118.8319,53.5594],[-118.7844,53.5407],[-118.7785,53.5263],[-118.7226,53.5192],[-118.6533,53.4892],[-118.6423,53.4993],[-118.6351,53.4836],[-118.6209,53.4938],[-118.598,53.4699],[-118.6032,53.4823],[-118.5827,53.4746],[-118.5496,53.4906],[-118.5713,53.5052],[-118.5603,53.5099],[-118.6454,53.5532],[-118.6682,53.5506],[-118.6809,53.5331],[-118.6745,53.5672],[-118.6991,53.5709],[-118.7326,53.555],[-118.6867,53.5848],[-118.6573,53.5778],[-118.6462,53.5866],[-118.6634,53.6031],[-118.6275,53.6013],[-118.703,53.618],[-118.6921,53.6057],[-118.719,53.611],[-118.7041,53.5937],[-118.7398,53.5801],[-118.7392,53.6001],[-118.7543,53.6054],[-118.7748,53.5939],[-118.8172,53.5962],[-118.8083,53.6127],[-118.8194,53.623],[-118.751,53.6185],[-118.7493,53.6305],[-118.7301,53.6282],[-118.7637,53.6365],[-118.7545,53.6521],[-118.7162,53.6429],[-118.7269,53.6573],[-118.707,53.6577],[-118.7235,53.6747]],[[-119.1412,53.5658],[-119.1429,53.5545],[-119.0742,53.5407],[-119.0538,53.5199],[-119.0002,53.5017],[-118.8795,53.5358],[-118.9236,53.5678],[-118.9347,53.5427],[-118.9429,53.5518],[-118.9928,53.5351],[-118.943,53.5761],[-118.9726,53.5784],[-118.9713,53.594],[-118.9871,53.5994],[-119.0086,53.5788],[-119.0048,53.6066],[-119.0357,53.5815],[-119.0277,53.6104],[-119.0777,53.5736],[-119.0829,53.5895],[-119.0688,53.5992],[-119.0799,53.6009],[-119.0487,53.6164],[-119.0714,53.6191],[-119.0583,53.64],[-119.1341,53.597],[-119.1012,53.639],[-119.1313,53.6353],[-119.1095,53.647],[-119.1617,53.651],[-119.1635,53.6408],[-119.1811,53.6407],[-119.1612,53.6089],[-119.189,53.6322],[-119.1982,53.6308],[-119.1932,53.6195],[-119.2045,53.6256],[-119.221,53.6107],[-119.219,53.5856],[-119.1616,53.5618],[-119.1412,53.5658]],[[-118.5641,53.6433],[-118.5618,53.6311],[-118.6029,53.6358],[-118.565,53.6137],[-118.6024,53.607],[-118.5818,53.5907],[-118.5626,53.6014],[-118.5802,53.5806],[-118.5653,53.584],[-118.5693,53.5685],[-118.5472,53.5769],[-118.5602,53.5608],[-118.5387,53.5628],[-118.5334,53.5444],[-118.6055,53.5681],[-118.613,53.5879],[-118.6353,53.5632],[-118.5139,53.519],[-118.539,53.5368],[-118.5064,53.5382],[-118.4981,53.5615],[-118.492,53.5463],[-118.4754,53.5497],[-118.4791,53.5239],[-118.4571,53.5232],[-118.4644,53.5472],[-118.4507,53.5618],[-118.4434,53.5363],[-118.4244,53.5511],[-118.4173,53.545],[-118.4357,53.5225],[-118.4122,53.5265],[-118.4019,53.508],[-118.3933,53.5121],[-118.4043,53.529],[-118.3838,53.5261],[-118.3936,53.548],[-118.3589,53.5337],[-118.3634,53.522],[-118.3157,53.5189],[-118.3219,53.5419],[-118.3415,53.5372],[-118.3382,53.5459],[-118.3603,53.5535],[-118.3207,53.5651],[-118.2752,53.5403],[-118.2679,53.5567],[-118.2562,53.5546],[-118.2513,53.5279],[-118.2305,53.5383],[-118.2086,53.5065],[-118.1963,53.5127],[-118.2475,53.554],[-118.2985,53.5664],[-118.2832,53.5784],[-118.3136,53.5867],[-118.305,53.5773],[-118.3135,53.5709],[-118.3365,53.5786],[-118.3342,53.5904],[-118.3584,53.5877],[-118.3581,53.5782],[-118.3726,53.5809],[-118.3537,53.5682],[-118.3785,53.5704],[-118.3611,53.5583],[-118.3848,53.5555],[-118.397,53.5659],[-118.4187,53.56],[-118.4023,53.5796],[-118.4422,53.5779],[-118.4622,53.5936],[-118.4703,53.5693],[-118.4807,53.5706],[-118.4926,53.5787],[-118.4831,53.5933],[-118.5139,53.5831],[-118.519,53.5911],[-118.4958,53.5935],[-118.4916,53.6094],[-118.5024,53.6131],[-118.4751,53.6254],[-118.5331,53.6168],[-118.5435,53.604],[-118.5505,53.6282],[-118.4703,53.651],[-118.5641,53.6433]],[[-119.6309,53.7824],[-119.6604,53.7786],[-119.6536,53.7624],[-119.624,53.7544],[-119.6391,53.7528],[-119.6228,53.7322],[-119.6298,53.7194],[-119.652,53.7174],[-119.6564,53.7352],[-119.6798,53.7356],[-119.6722,53.7544],[-119.6857,53.7543],[-119.6853,53.7661],[-119.696,53.7417],[-119.6652,53.7101],[-119.6965,53.7162],[-119.6658,53.6811],[-119.6308,53.6649],[-119.6761,53.6594],[-119.7141,53.6888],[-119.7202,53.6725],[-119.6949,53.6503],[-119.6305,53.644],[-119.5982,53.6266],[-119.5413,53.6411],[-119.5839,53.6505],[-119.6038,53.6366],[-119.6162,53.6522],[-119.5579,53.6685],[-119.5278,53.6622],[-119.5122,53.6903],[-119.5315,53.6783],[-119.5509,53.6837],[-119.508,53.7145],[-119.543,53.7029],[-119.5379,53.7185],[-119.5507,53.7128],[-119.5758,53.6901],[-119.5752,53.6711],[-119.5861,53.6762],[-119.5983,53.6635],[-119.6143,53.6685],[-119.6048,53.6824],[-119.6362,53.679],[-119.6278,53.6918],[-119.6659,53.7013],[-119.5934,53.7122],[-119.5814,53.7238],[-119.6146,53.7359],[-119.5864,53.7344],[-119.593,53.7525],[-119.5627,53.7356],[-119.542,53.7472],[-119.4941,53.7466],[-119.5284,53.7669],[-119.5712,53.7563],[-119.5535,53.7738],[-119.5666,53.7803],[-119.6095,53.7575],[-119.6181,53.7607],[-119.5949,53.7823],[-119.6236,53.7708],[-119.6309,53.7824]],[[-119.6606,53.9875],[-119.7211,53.9907],[-119.6469,53.9577],[-119.6568,53.927],[-119.6698,53.9275],[-119.6687,53.9446],[-119.6806,53.9514],[-119.698,53.9277],[-119.7172,53.9446],[-119.7105,53.9539],[-119.761,53.9709],[-119.7594,53.9835],[-119.7834,53.9846],[-119.791,53.9687],[-119.7432,53.957],[-119.7241,53.9327],[-119.6582,53.9053],[-119.6358,53.9153],[-119.6642,53.9132],[-119.659,53.9227],[-119.6147,53.925],[-119.6189,53.9454],[-119.5332,53.9359],[-119.5291,53.9543],[-119.4986,53.9361],[-119.4707,53.9461],[-119.5306,53.9709],[-119.5692,53.9478],[-119.564,53.9744],[-119.5933,53.9519],[-119.5867,53.9847],[-119.6175,53.9844],[-119.6081,53.9665],[-119.6188,53.9575],[-119.6606,53.9875]],[[-119.411,53.8961],[-119.4664,53.8795],[-119.4491,53.8682],[-119.4585,53.8677],[-119.4503,53.8575],[-119.4622,53.8594],[-119.447,53.8394],[-119.4632,53.8357],[-119.4869,53.8637],[-119.4986,53.8571],[-119.4873,53.836],[-119.5151,53.8365],[-119.5179,53.8461],[-119.5343,53.829],[-119.4452,53.8298],[-119.4003,53.8074],[-119.3723,53.8103],[-119.428,53.8324],[-119.4293,53.8492],[-119.3905,53.8407],[-119.3839,53.8589],[-119.3717,53.8577],[-119.3594,53.8356],[-119.3473,53.87],[-119.3227,53.8749],[-119.312,53.8399],[-119.3206,53.825],[-119.2945,53.8417],[-119.2817,53.829],[-119.2596,53.8383],[-119.2671,53.853],[-119.2859,53.8551],[-119.2883,53.8853],[-119.3948,53.8706],[-119.3811,53.8839],[-119.3983,53.8913],[-119.4254,53.8688],[-119.4363,53.8746],[-119.411,53.8961]],[[-119.2356,53.7202],[-119.1197,53.6895],[-119.0593,53.6888],[-119.0542,53.6979],[-119.0698,53.6949],[-119.052,53.7134],[-119.0901,53.7261],[-119.0491,53.7263],[-119.0729,53.7423],[-119.0564,53.7465],[-119.0693,53.7539],[-119.0475,53.755],[-119.1009,53.7674],[-119.0831,53.7472],[-119.1119,53.7486],[-119.0962,53.7359],[-119.1226,53.7324],[-119.1027,53.7161],[-119.1296,53.7224],[-119.141,53.7054],[-119.1423,53.7293],[-119.1618,53.7339],[-119.1365,53.7464],[-119.1521,53.7506],[-119.1479,53.762],[-119.1846,53.7571],[-119.1712,53.7524],[-119.1717,53.7336],[-119.193,53.7378],[-119.2162,53.7219],[-119.2269,53.7339],[-119.2163,53.7455],[-119.2448,53.7473],[-119.2208,53.7608],[-119.2259,53.7703],[-119.2457,53.7559],[-119.2874,53.7568],[-119.2356,53.7202]],[[-118.1133,53.3133],[-118.1655,53.3571],[-118.1656,53.342],[-118.1946,53.3485],[-118.2012,53.3309],[-118.2546,53.357],[-118.2358,53.3332],[-118.2798,53.3569],[-118.1869,53.3031],[-118.1681,53.3065],[-118.1682,53.288],[-118.1467,53.2846],[-118.1544,53.3011],[-118.0713,53.2621],[-118.0671,53.2471],[-118.1045,53.2503],[-118.0759,53.2207],[-118.0618,53.2189],[-118.0643,53.2299],[-118.0483,53.2368],[-118.0527,53.2222],[-118.0445,53.2152],[-118.0326,53.2108],[-118.047,53.2245],[-118.0403,53.2314],[-118.0164,53.2186],[-118.0792,53.2906],[-118.0919,53.2841],[-118.1884,53.3246],[-118.1553,53.333],[-118.1133,53.3133]],[[-118.9803,53.6566],[-118.8986,53.6368],[-118.8825,53.6546],[-118.9239,53.6684],[-118.8612,53.6576],[-118.8496,53.6658],[-118.8972,53.6967],[-118.9185,53.6837],[-118.9263,53.698],[-118.952,53.6958],[-118.9694,53.7143],[-118.995,53.7153],[-119.0011,53.7042],[-118.9843,53.7062],[-118.95,53.6672],[-119.0019,53.6827],[-118.9803,53.6566]],[[-118.4895,53.4938],[-118.5457,53.4806],[-118.551,53.4667],[-118.5605,53.4771],[-118.5867,53.4637],[-118.4835,53.4341],[-118.4846,53.4455],[-118.4715,53.4484],[-118.4517,53.4369],[-118.4538,53.448],[-118.4393,53.4485],[-118.3993,53.4374],[-118.447,53.4717],[-118.4757,53.4582],[-118.463,53.4816],[-118.4983,53.4721],[-118.4895,53.4938]],[[-119.2632,53.6217],[-119.2795,53.6624],[-119.2395,53.6707],[-119.2421,53.6813],[-119.1955,53.6715],[-119.1923,53.684],[-119.24,53.6915],[-119.2438,53.7053],[-119.2906,53.7089],[-119.2591,53.6856],[-119.2767,53.6904],[-119.287,53.6755],[-119.3044,53.6755],[-119.3176,53.6921],[-119.3405,53.6792],[-119.2632,53.6217]],[[-119.8454,54.1911],[-119.8441,54.1806],[-119.8289,54.18],[-119.8381,54.1686],[-119.8208,54.1624],[-119.8234,54.1532],[-119.8648,54.1559],[-119.8693,54.1719],[-119.8776,54.1593],[-119.9003,54.1652],[-119.8387,54.1429],[-119.8102,54.151],[-119.8043,54.1326],[-119.7846,54.1411],[-119.7992,54.1523],[-119.7758,54.1546],[-119.74,54.1335],[-119.6872,54.1292],[-119.7315,54.144],[-119.7121,54.1612],[-119.7487,54.153],[-119.7464,54.1632],[-119.7683,54.1584],[-119.7617,54.1716],[-119.7751,54.1742],[-119.7949,54.1579],[-119.8104,54.1626],[-119.8067,54.1735],[-119.8243,54.1723],[-119.8049,54.1809],[-119.8234,54.1832],[-119.8127,54.1953],[-119.8454,54.1911]],[[-119.9785,53.9707],[-119.9538,53.9834],[-119.972,53.9937],[-119.959,54.0029],[-119.9178,53.9888],[-119.8943,53.9992],[-119.917,54.0021],[-119.9039,54.0135],[-119.8679,54.0119],[-119.8473,54.026],[-119.9124,54.0253],[-119.9296,54.0039],[-119.9639,54.0263],[-119.9611,54.0093],[-119.9821,54.0],[-119.9772,53.9782],[-119.9877,53.9786],[-119.9785,53.9707]],[[-119.6048,53.9013],[-119.6273,53.9037],[-119.6446,53.8903],[-119.6102,53.8822],[-119.5772,53.8964],[-119.5604,53.8869],[-119.5294,53.8966],[-119.5127,53.914],[-119.5393,53.9029],[-119.5436,53.9159],[-119.5735,53.9056],[-119.5712,53.9185],[-119.5872,53.9198],[-119.6048,53.9013]],[[-119.8706,53.9362],[-119.9045,53.9398],[-119.8852,53.9524],[-119.9207,53.9449],[-119.8977,53.9641],[-119.9232,53.9564],[-119.9455,53.9658],[-119.9392,53.9534],[-119.9556,53.9521],[-119.9401,53.9344],[-119.8806,53.9114],[-119.8706,53.9362]],[[-118.0445,53.3648],[-118.0565,53.3675],[-118.0525,53.3561],[-117.9977,53.3406],[-118.0048,53.3285],[-117.9876,53.3356],[-117.9623,53.3073],[-117.9344,53.3078],[-117.9643,53.3395],[-118.0002,53.349],[-117.9978,53.359],[-118.0166,53.3554],[-118.0453,53.3754],[-118.0445,53.3648]],[[-118.4555,53.6234],[-118.4437,53.6036],[-118.4631,53.604],[-118.4382,53.5847],[-118.3757,53.5925],[-118.4183,53.6156],[-118.4196,53.5994],[-118.4314,53.5996],[-118.4379,53.6254],[-118.4555,53.6234]],[[-119.775,53.7941],[-119.7379,53.7986],[-119.7532,53.801],[-119.7499,53.8111],[-119.7857,53.8044],[-119.7842,53.8152],[-119.8052,53.8205],[-119.7913,53.7971],[-119.8412,53.7792],[-119.7724,53.7844],[-119.775,53.7941]],[[-118.6817,53.6657],[-118.673,53.6441],[-118.6894,53.6438],[-118.673,53.6366],[-118.6925,53.6299],[-118.643,53.6122],[-118.6532,53.6199],[-118.6307,53.622],[-118.6647,53.6391],[-118.6193,53.6418],[-118.6511,53.6463],[-118.6467,53.6578],[-118.6646,53.6491],[-118.6817,53.6657]],[[-118.2696,53.3919],[-118.1767,53.3652],[-118.2328,53.4023],[-118.2406,53.3895],[-118.257,53.4021],[-118.2515,53.4096],[-118.2926,53.4182],[-118.2701,53.4051],[-118.2696,53.3919]],[[-118.0769,53.3903],[-118.0933,53.3683],[-118.1103,53.3765],[-118.1125,53.394],[-118.1254,53.3785],[-118.1426,53.382],[-118.0626,53.3519],[-118.0746,53.3706],[-118.0569,53.385],[-118.0769,53.3903]],[[-118.6606,53.7392],[-118.5992,53.7226],[-118.5524,53.72],[-118.5868,53.7389],[-118.587,53.7285],[-118.6218,53.7345],[-118.6066,53.7431],[-118.6349,53.7518],[-118.6307,53.7397],[-118.6606,53.7392]],[[-119.9289,54.0282],[-119.8755,54.0444],[-119.9463,54.0565],[-119.9289,54.0282]],[[-119.2685,53.7186],[-119.3209,53.7369],[-119.3551,53.7321],[-119.3083,53.7131],[-119.2685,53.7186]],[[-119.7441,53.8725],[-119.7564,53.8839],[-119.6939,53.8748],[-119.6814,53.8854],[-119.7599,53.8961],[-119.7818,53.8792],[-119.7441,53.8725]],[[-119.8466,53.8993],[-119.8193,53.9124],[-119.8309,53.9124],[-119.836,53.9601],[-119.8496,53.9532],[-119.8413,53.9101],[-119.8623,53.9051],[-119.8466,53.8993]],[[-119.3437,54.0428],[-119.3952,54.0299],[-119.4287,54.0341],[-119.3877,54.0226],[-119.3526,54.0328],[-119.3405,54.0215],[-119.3166,54.0186],[-119.3486,54.034],[-119.3437,54.0428]],[[-119.7792,53.7204],[-119.7869,53.729],[-119.7633,53.7335],[-119.7527,53.7611],[-119.7884,53.7506],[-119.7803,53.7386],[-119.8066,53.7407],[-119.7928,53.7202],[-119.7792,53.7204]],[[-118.1495,53.1457],[-118.1227,53.1356],[-118.0864,53.1035],[-118.1055,53.1413],[-118.1501,53.1578],[-118.1495,53.1457]],[[-118.7043,53.7164],[-118.7147,53.704],[-118.6768,53.7038],[-118.6686,53.6887],[-118.6079,53.6859],[-118.6699,53.7106],[-118.7043,53.7164]],[[-119.4502,54.0866],[-119.4581,54.0797],[-119.4482,54.0731],[-119.4289,54.0788],[-119.4333,54.066],[-119.4139,54.073],[-119.4149,54.0604],[-119.3878,54.0688],[-119.465,54.0929],[-119.4502,54.0866]],[[-119.7894,53.9211],[-119.7386,53.9009],[-119.7178,53.9087],[-119.7634,53.9172],[-119.7702,53.9338],[-119.794,53.9393],[-119.7786,53.9255],[-119.7894,53.9211]],[[-119.8267,54.0082],[-119.8383,54.0144],[-119.8749,53.9878],[-119.8307,53.9906],[-119.8267,54.0082]],[[-117.9446,53.2955],[-117.9465,53.2752],[-117.9146,53.2567],[-117.9366,53.2852],[-117.9159,53.2987],[-117.9446,53.2955]],[[-119.75,53.5439],[-119.8077,53.5434],[-119.8007,53.5353],[-119.75,53.5439]],[[-118.2275,53.4317],[-118.1945,53.4036],[-118.1874,53.4042],[-118.2275,53.4317]],[[-119.7963,53.8916],[-119.7928,53.9009],[-119.8245,53.8947],[-119.8011,53.8817],[-119.7802,53.8895],[-119.7963,53.8916]],[[-118.1211,53.4204],[-118.1009,53.3931],[-118.0856,53.4011],[-118.1211,53.4204]],[[-119.5017,53.8096],[-119.4815,53.7998],[-119.4645,53.8009],[-119.4888,53.8134],[-119.5017,53.8096]],[[-118.7267,53.7131],[-118.7273,53.7271],[-118.7591,53.7346],[-118.7592,53.7321],[-118.7267,53.7131]],[[-119.6002,54.0396],[-119.6259,54.0471],[-119.6016,54.0239],[-119.6002,54.0396]],[[-119.8535,53.7795],[-119.8468,53.8099],[-119.8577,53.803],[-119.8535,53.7795]],[[-118.1783,53.1777],[-118.2003,53.1753],[-118.1732,53.163],[-118.1783,53.1777]],[[-118.3322,53.5011],[-118.3061,53.5049],[-118.3271,53.515],[-118.3549,53.5104],[-118.3322,53.5011]],[[-119.3512,53.9133],[-119.3075,53.9023],[-119.3399,53.9139],[-119.3512,53.9133]],[[-119.3886,54.0554],[-119.3748,54.0596],[-119.3681,54.0489],[-119.3515,54.0522],[-119.384,54.0651],[-119.3886,54.0554]],[[-118.214,53.3492],[-118.2046,53.3565],[-118.2123,53.3658],[-118.2318,53.3703],[-118.214,53.3492]],[[-119.9322,54.2208],[-119.9022,54.2277],[-119.9454,54.2324],[-119.9322,54.2208]],[[-119.4646,54.0083],[-119.478,53.9985],[-119.4419,53.9948],[-119.4646,54.0083]],[[-119.8502,54.0483],[-119.8235,54.0385],[-119.8058,54.0376],[-119.8174,54.0469],[-119.8502,54.0483]],[[-119.1232,53.7956],[-119.1413,53.7937],[-119.1547,53.7912],[-119.1291,53.7856],[-119.1232,53.7956]],[[-119.6183,54.0674],[-119.6088,54.065],[-119.5947,54.0671],[-119.6005,54.0742],[-119.6183,54.0674]],[[-118.1426,52.9903],[-118.1159,52.9807],[-118.1437,52.995],[-118.1426,52.9903]],[[-118.759,53.6979],[-118.7784,53.7036],[-118.7718,53.6926],[-118.759,53.6979]],[[-118.5848,53.6654],[-118.5853,53.6477],[-118.5792,53.6477],[-118.5848,53.6654]],[[-118.1038,53.4201],[-118.0964,53.4263],[-118.1083,53.4305],[-118.1038,53.4201]],[[-118.5579,53.6547],[-118.5595,53.6644],[-118.5644,53.6634],[-118.5579,53.6547]],[[-117.9009,53.2725],[-117.9069,53.2838],[-117.9123,53.282],[-117.9009,53.2725]],[[-118.9834,53.6512],[-118.9805,53.6432],[-118.9746,53.6502],[-118.9834,53.6512]],[[-119.5403,53.8259],[-119.5429,53.818],[-119.5378,53.8197],[-119.5403,53.8259]],[[-118.0125,53.3919],[-118.0235,53.4],[-118.0276,53.3993],[-118.0211,53.3919],[-118.0125,53.3919]],[[-119.5294,53.8188],[-119.518,53.8159],[-119.5254,53.8226],[-119.5294,53.8188]],[[-119.8361,53.5611],[-119.846,53.5572],[-119.837,53.558],[-119.8361,53.5611]],[[-118.1767,53.4256],[-118.186,53.4323],[-118.1878,53.4286],[-118.1767,53.4256]],[[-119.9208,53.8594],[-119.9038,53.8531],[-119.8995,53.8539],[-119.9208,53.8594]],[[-119.8894,53.9919],[-119.882,53.9952],[-119.8913,53.9933],[-119.8894,53.9919]]],[[[-118.9075,53.9024],[-118.8113,53.866],[-118.8365,53.8959],[-118.692,53.8934],[-118.6727,53.8832],[-118.6726,53.8671],[-118.6981,53.8671],[-118.7041,53.8427],[-118.7446,53.8171],[-118.858,53.7912],[-118.9747,53.8179],[-118.9999,53.8432],[-119.0353,53.8549],[-119.0454,53.875],[-118.9639,53.8994],[-118.9273,53.8792],[-118.9235,53.8884],[-118.9476,53.904],[-118.9075,53.9024]]],[[[-118.742,54.1139],[-118.7701,54.0628],[-118.7444,54.0675],[-118.7318,54.0476],[-118.7355,54.024],[-118.709,54.0581],[-118.7218,54.0779],[-118.7125,54.089],[-118.6631,54.0926],[-118.6827,54.1084],[-118.6595,54.1158],[-118.6479,54.1007],[-118.633,54.1035],[-118.6231,54.137],[-118.6018,54.1395],[-118.5986,54.1264],[-118.6493,54.0746],[-118.6137,54.0839],[-118.609,54.0693],[-118.676,54.0375],[-118.6799,54.0128],[-118.65,54.0365],[-118.6366,54.0326],[-118.5773,54.0612],[-118.5677,54.0953],[-118.5544,54.1093],[-118.5441,54.1018],[-118.5334,54.1348],[-118.4804,54.1548],[-118.4629,54.149],[-118.5,54.1426],[-118.4809,54.1316],[-118.5057,54.131],[-118.4978,54.1224],[-118.5104,54.1156],[-118.4785,54.1225],[-118.5007,54.1044],[-118.4828,54.1024],[-118.5079,54.0897],[-118.5003,54.0798],[-118.5103,54.0698],[-118.4981,54.0599],[-118.4944,54.0812],[-118.4652,54.0983],[-118.472,54.1054],[-118.4437,54.1355],[-118.4266,54.134],[-118.4244,54.1181],[-118.4007,54.1303],[-118.3634,54.1213],[-118.3807,54.1078],[-118.4068,54.1109],[-118.422,54.0921],[-118.3758,54.1029],[-118.3711,54.0891],[-118.3515,54.108],[-118.341,54.0961],[-118.3313,54.1073],[-118.3442,54.116],[-118.3194,54.1147],[-118.3227,54.1253],[-118.301,54.1378],[-118.3098,54.1107],[-118.2833,54.1122],[-118.2805,54.0919],[-118.246,54.1173],[-118.2192,54.1022],[-118.2998,54.0704],[-118.3871,54.008],[-118.4327,54.0013],[-118.4518,53.9832],[-118.4438,53.9788],[-118.4632,53.9757],[-118.4551,53.9661],[-118.5567,53.9414],[-118.6289,53.9433],[-118.7194,53.9694],[-118.7874,53.9532],[-118.9254,53.9765],[-118.9578,53.9696],[-118.9647,54.0014],[-119.009,54.0083],[-119.0045,54.0181],[-119.0169,54.0215],[-118.9946,54.0455],[-118.9418,54.0381],[-118.9328,54.0481],[-118.895,54.0415],[-118.93,54.0308],[-118.9164,54.0213],[-118.8725,54.0282],[-118.876,54.0192],[-118.8594,54.0152],[-118.7795,54.1052],[-118.742,54.1139]]],[[[-119.0579,54.0004],[-119.0655,53.9877],[-119.056,53.977],[-119.0328,53.9785],[-118.9987,53.9548],[-119.0713,53.9344],[-119.0947,53.9115],[-119.135,53.9087],[-119.1489,53.9257],[-119.1378,53.9295],[-119.1403,53.9476],[-119.0984,53.9608],[-119.1101,53.9834],[-119.0579,54.0004]]],[[[-118.2108,54.2006],[-118.0675,54.1676],[-118.1041,54.1618],[-118.2084,54.1829],[-118.2049,54.1604],[-118.2192,54.1548],[-118.2514,54.1658],[-118.2281,54.1784],[-118.2558,54.1822],[-118.2494,54.1948],[-118.2108,54.2006]]],[[[-119.7872,54.395],[-119.7748,54.3769],[-119.7951,54.3571],[-119.8219,54.3876],[-119.7872,54.395]]],[[[-119.995,54.4328],[-120.0,54.4996],[-119.9916,54.4879],[-119.9764,54.4955],[-119.9506,54.483],[-119.9251,54.4513],[-119.8661,54.4313],[-119.8684,54.4204],[-119.9092,54.4065],[-119.9133,54.4301],[-119.9328,54.4097],[-119.9761,54.4127],[-119.995,54.4328]]],[[[-115.2218,50.6146],[-115.2477,50.6217],[-115.2459,50.6039],[-115.2611,50.6247],[-115.2754,50.6161],[-115.2862,50.6277],[-115.2461,50.6345],[-115.2587,50.6535],[-115.2504,50.6606],[-115.2722,50.6825],[-115.2675,50.6997],[-115.2415,50.6719],[-115.2218,50.6146]]],[[[-115.2043,50.8737],[-115.2345,50.8306],[-115.2275,50.8437],[-115.238,50.851],[-115.2718,50.8498],[-115.2341,50.8756],[-115.2043,50.8737]]],[[[-115.1758,50.9323],[-115.2089,50.9317],[-115.201,50.9241],[-115.2096,50.9025],[-115.1796,50.92],[-115.2087,50.8872],[-115.2566,50.8849],[-115.2138,50.9169],[-115.2516,50.925],[-115.2427,50.9378],[-115.2263,50.9369],[-115.2234,50.948],[-115.18,50.9384],[-115.1989,50.948],[-115.191,50.9656],[-115.1758,50.9323]]],[[[-115.2531,51.0919],[-115.2381,51.1052],[-115.2295,51.0871],[-115.2531,51.0919]]],[[[-115.2677,51.0966],[-115.3091,51.1136],[-115.3092,51.135],[-115.2913,51.1312],[-115.3014,51.1531],[-115.2821,51.1391],[-115.2752,51.155],[-115.2472,51.1468],[-115.248,51.1243],[-115.2775,51.12],[-115.2502,51.1178],[-115.2543,51.1073],[-115.2722,51.1059],[-115.2677,51.0966]]],[[[-115.3362,51.1287],[-115.3232,51.1267],[-115.3244,51.1202],[-115.3362,51.1287]]],[[[-115.1407,51.2503],[-115.136,51.2292],[-115.1822,51.208],[-115.1536,51.1958],[-115.1373,51.2125],[-115.1049,51.2053],[-115.1111,51.1872],[-115.0963,51.1728],[-115.1628,51.1552],[-115.1168,51.1516],[-115.1169,51.1407],[-115.1415,51.1312],[-115.1093,51.1343],[-115.1061,51.1241],[-115.1441,51.0895],[-115.1714,51.1089],[-115.1627,51.0871],[-115.1742,51.0857],[-115.199,51.1119],[-115.2119,51.0993],[-115.1952,51.0849],[-115.216,51.0862],[-115.2345,51.1103],[-115.2155,51.1131],[-115.2338,51.1242],[-115.2285,51.1562],[-115.199,51.1503],[-115.1909,51.1321],[-115.1761,51.1331],[-115.148,51.1091],[-115.1538,51.1032],[-115.1376,51.1008],[-115.1318,51.1181],[-115.1463,51.1152],[-115.1656,51.1366],[-115.148,51.1465],[-115.1825,51.1422],[-115.1903,51.1594],[-115.1747,51.1764],[-115.1438,51.1677],[-115.1228,51.1783],[-115.1214,51.1977],[-115.1339,51.2],[-115.1344,51.184],[-115.1524,51.1752],[-115.1759,51.1819],[-115.1689,51.1988],[-115.1936,51.1938],[-115.1963,51.1742],[-115.2075,51.1895],[-115.2116,51.1573],[-115.2299,51.1609],[-115.229,51.188],[-115.2468,51.1671],[-115.2579,51.1711],[-115.2515,51.189],[-115.2807,51.1848],[-115.2584,51.1954],[-115.2675,51.2011],[-115.2549,51.2161],[-115.2291,51.1987],[-115.2358,51.2185],[-115.1954,51.2138],[-115.2141,51.2257],[-115.2113,51.2367],[-115.186,51.2273],[-115.1847,51.2393],[-115.1549,51.2361],[-115.1455,51.2507],[-115.1687,51.2526],[-115.1642,51.2607],[-115.1407,51.2503]]],[[[-115.3526,51.1564],[-115.3412,51.1422],[-115.3354,51.1389],[-115.3666,51.1538],[-115.3526,51.1564]]],[[[-115.1742,51.2692],[-115.1971,51.2421],[-115.2181,51.2466],[-115.2206,51.2595],[-115.2343,51.2368],[-115.2504,51.2467],[-115.2485,51.2328],[-115.264,51.223],[-115.306,51.223],[-115.289,51.192],[-115.3049,51.1902],[-115.2962,51.1656],[-115.323,51.173],[-115.3398,51.1626],[-115.3472,51.1803],[-115.3736,51.1604],[-115.392,51.1855],[-115.3557,51.2054],[-115.4002,51.2524],[-115.4038,51.2421],[-115.4228,51.2547],[-115.4588,51.2312],[-115.4276,51.2302],[-115.436,51.2133],[-115.4108,51.2219],[-115.3928,51.2109],[-115.4181,51.2107],[-115.4202,51.2014],[-115.3984,51.1974],[-115.4054,51.1909],[-115.4752,51.2319],[-115.413,51.2644],[-115.3914,51.264],[-115.3306,51.2288],[-115.2174,51.2666],[-115.1742,51.2692]]],[[[-115.4548,51.7803],[-115.4493,51.7821],[-115.4455,51.7767],[-115.4548,51.7803]]],[[[-115.4631,51.7861],[-115.4572,51.7921],[-115.4669,51.8001],[-115.4574,51.7935],[-115.4513,51.785],[-115.4631,51.7861]]],[[[-115.4813,51.8101],[-115.4717,51.8034],[-115.481,51.8049],[-115.4813,51.8101]]],[[[-115.4971,51.8222],[-115.4974,51.8223],[-115.4974,51.8225],[-115.4971,51.8222]]],[[[-115.5722,51.8806],[-115.5784,51.8809],[-115.5803,51.8861],[-115.5722,51.8806]]],[[[-115.8117,51.9995],[-115.8188,52.0035],[-115.8212,52.0062],[-115.8117,51.9995]]],[[[-116.0015,52.0393],[-115.9986,52.04],[-115.9981,52.0395],[-116.0015,52.0393]]],[[[-115.9443,52.1024],[-115.9456,52.1036],[-115.9435,52.102],[-115.9443,52.1024]]],[[[-116.3664,52.208],[-116.3791,52.2054],[-116.3836,52.2079],[-116.3803,52.212],[-116.3664,52.208]]]]}},{"type":"Feature","properties":{"key":"eastern_continental_ranges","name":"Eastern Continental Ranges","where":"central AB","sort":506,"ecozone":"Montane Cordillera","ab_subregion":"Upper Foothills"},"geometry":{"type":"MultiPolygon","coordinates":[[[[-118.6242,53.8655],[-118.521,53.8831],[-118.3838,53.8814],[-118.4931,53.857],[-118.5119,53.8381],[-118.663,53.8568],[-118.6905,53.829],[-118.6766,53.8056],[-118.7038,53.8243],[-118.7815,53.8048],[-118.7946,53.7857],[-118.8623,53.7813],[-118.8745,53.7904],[-118.9137,53.7796],[-119.0492,53.7973],[-118.9992,53.7475],[-119.0349,53.6704],[-119.0483,53.6747],[-119.0167,53.7357],[-119.0195,53.7535],[-119.0595,53.7888],[-119.0896,53.781],[-119.0517,53.807],[-119.0601,53.8211],[-119.0894,53.8229],[-119.0816,53.8085],[-119.1577,53.809],[-119.1913,53.7872],[-119.1833,53.7745],[-119.2003,53.7622],[-119.2048,53.7793],[-119.2232,53.7826],[-119.3166,53.7588],[-119.2943,53.7417],[-119.374,53.7404],[-119.3853,53.7223],[-119.3727,53.7133],[-119.3863,53.7132],[-119.3787,53.7021],[-119.4003,53.687],[-119.3242,53.6333],[-119.2622,53.6066],[-119.2793,53.6064],[-119.2762,53.5789],[-119.2158,53.5006],[-119.2147,53.4843],[-119.2288,53.4831],[-119.2142,53.4655],[-119.2281,53.4714],[-119.2615,53.456],[-119.2675,53.4877],[-119.3739,53.6299],[-119.4209,53.6483],[-119.432,53.6397],[-119.4752,53.6654],[-119.4952,53.6471],[-119.5128,53.6541],[-119.4877,53.7222],[-119.5117,53.727],[-119.4019,53.7542],[-119.4144,53.7622],[-119.4014,53.7706],[-119.4138,53.782],[-119.4564,53.7759],[-119.4612,53.7873],[-119.4333,53.7876],[-119.4459,53.8092],[-119.3622,53.7922],[-119.3481,53.8035],[-119.3761,53.824],[-119.2896,53.8135],[-119.236,53.8223],[-119.235,53.8381],[-119.2104,53.8433],[-119.2237,53.8217],[-119.3678,53.7795],[-119.3615,53.7622],[-119.3332,53.7589],[-119.3168,53.7747],[-119.2045,53.7947],[-119.1695,53.8245],[-119.1082,53.8195],[-119.1074,53.8375],[-119.0837,53.8448],[-119.0496,53.8354],[-119.0591,53.8885],[-118.9574,53.9091],[-118.9627,53.9194],[-118.9062,53.9148],[-118.9049,53.929],[-118.8101,53.9064],[-118.7051,53.9004],[-118.6242,53.8655]],[[-118.9247,53.8823],[-118.9639,53.8994],[-119.0454,53.875],[-119.0353,53.8549],[-118.9999,53.8432],[-118.9747,53.8179],[-118.858,53.7912],[-118.7446,53.8171],[-118.7041,53.8427],[-118.6981,53.8671],[-118.6726,53.8671],[-118.6721,53.8808],[-118.7114,53.8956],[-118.7619,53.8975],[-118.7716,53.8876],[-118.8365,53.8959],[-118.8113,53.866],[-118.8715,53.8824],[-118.8626,53.8918],[-118.88,53.8982],[-118.9476,53.904],[-118.9247,53.8823]]],[[[-118.8481,53.9364],[-118.9019,53.9465],[-118.9081,53.9659],[-118.9302,53.9723],[-118.7874,53.9532],[-118.7194,53.9694],[-118.6289,53.9433],[-118.7257,53.9502],[-118.8481,53.9364]]],[[[-119.2558,54.0419],[-119.1906,54.0261],[-119.155,54.0379],[-119.1759,54.0234],[-119.1476,54.0208],[-119.1857,54.0056],[-119.1868,53.9901],[-119.2136,53.9957],[-119.2585,53.9833],[-119.2658,53.9723],[-119.2524,53.9569],[-119.2934,53.9589],[-119.323,53.9334],[-119.402,53.9359],[-119.3978,53.92],[-119.4994,53.8913],[-119.4667,53.9078],[-119.4715,53.9232],[-119.4189,53.9519],[-119.4485,53.9731],[-119.412,53.9592],[-119.36,53.963],[-119.3592,53.9721],[-119.3299,53.9736],[-119.3781,53.9986],[-119.3704,54.0032],[-119.301,53.9845],[-119.2302,54.0181],[-119.2558,54.0419]]],[[[-118.8256,54.131],[-118.8427,54.1065],[-118.8699,54.1025],[-118.846,54.1375],[-118.8256,54.131]]],[[[-118.9887,54.1445],[-118.9881,54.1442],[-118.9884,54.1441],[-118.9887,54.1445]]],[[[-118.9996,54.1601],[-119.0391,54.1705],[-118.9657,54.1705],[-118.9996,54.1601]]],[[[-119.2314,54.2188],[-119.2444,54.2061],[-119.2145,54.1872],[-119.2706,54.1922],[-119.2475,54.172],[-119.2625,54.1627],[-119.2491,54.1535],[-119.2611,54.1533],[-119.2777,54.1244],[-119.2492,54.0825],[-119.2897,54.122],[-119.3216,54.0913],[-119.3127,54.118],[-119.323,54.123],[-119.4663,54.1292],[-119.3742,54.1309],[-119.3812,54.1424],[-119.3722,54.1435],[-119.2985,54.1394],[-119.2895,54.165],[-119.3104,54.1794],[-119.3014,54.2009],[-119.3868,54.2077],[-119.35,54.2204],[-119.3094,54.2051],[-119.2314,54.2188]]],[[[-119.0296,54.2156],[-119.0318,54.2152],[-119.0317,54.217],[-119.0296,54.2156]]],[[[-119.0475,54.2243],[-119.0523,54.2316],[-119.0424,54.2242],[-119.0475,54.2243]]],[[[-119.0578,54.242],[-119.0897,54.2269],[-119.093,54.2281],[-119.0752,54.2504],[-119.0578,54.242]]],[[[-119.1515,54.2441],[-119.175,54.2182],[-119.1933,54.2292],[-119.1515,54.2441]]],[[[-119.3794,54.2219],[-119.3818,54.2209],[-119.3891,54.2221],[-119.3794,54.2219]]],[[[-119.3928,54.2495],[-119.4887,54.262],[-119.5292,54.253],[-119.5467,54.2255],[-119.5138,54.25],[-119.4098,54.2386],[-119.4094,54.2272],[-119.5138,54.2459],[-119.5239,54.2333],[-119.5117,54.2357],[-119.5151,54.2224],[-119.5017,54.2152],[-119.5129,54.2136],[-119.4836,54.1901],[-119.5118,54.2017],[-119.5571,54.1977],[-119.5561,54.1772],[-119.5386,54.1675],[-119.5698,54.1584],[-119.5474,54.1467],[-119.5821,54.1525],[-119.567,54.1441],[-119.5836,54.1268],[-119.6455,54.1081],[-119.6525,54.1129],[-119.6038,54.1356],[-119.6045,54.1665],[-119.5856,54.1753],[-119.5944,54.1991],[-119.6172,54.2096],[-119.6172,54.1899],[-119.6471,54.175],[-119.6328,54.1958],[-119.6901,54.2192],[-119.6824,54.2379],[-119.7014,54.2454],[-119.6664,54.2585],[-119.6752,54.2505],[-119.6644,54.2385],[-119.6243,54.2274],[-119.6412,54.2386],[-119.6358,54.246],[-119.5493,54.2492],[-119.5695,54.266],[-119.5304,54.268],[-119.5376,54.2899],[-119.504,54.2769],[-119.4753,54.2983],[-119.4468,54.2997],[-119.4541,54.3163],[-119.421,54.3131],[-119.4218,54.3313],[-119.4097,54.3256],[-119.3854,54.3403],[-119.4013,54.3124],[-119.3919,54.2983],[-119.4131,54.2999],[-119.4441,54.2732],[-119.4067,54.2644],[-119.3899,54.2847],[-119.3479,54.2751],[-119.3624,54.2916],[-119.3491,54.2978],[-119.3337,54.2863],[-119.2491,54.2974],[-119.2798,54.2774],[-119.3928,54.2495]]],[[[-119.1843,54.3423],[-119.18,54.3412],[-119.1847,54.3406],[-119.1843,54.3423]]],[[[-119.1977,54.3421],[-119.193,54.3394],[-119.1992,54.3385],[-119.1977,54.3421]]],[[[-119.1796,54.3485],[-119.1758,54.3512],[-119.178,54.3461],[-119.1796,54.3485]]],[[[-119.1814,54.3534],[-119.1961,54.371],[-119.1876,54.3774],[-119.172,54.3603],[-119.1814,54.3534]]],[[[-119.2459,54.3067],[-119.2866,54.3218],[-119.2713,54.3291],[-119.2714,54.3488],[-119.306,54.3754],[-119.3254,54.3737],[-119.3285,54.3888],[-119.2863,54.3839],[-119.2409,54.3425],[-119.2604,54.3973],[-119.2386,54.3857],[-119.209,54.3365],[-119.2382,54.3265],[-119.2459,54.3067]]],[[[-119.1977,54.3799],[-119.2005,54.3852],[-119.1949,54.3818],[-119.1977,54.3799]]],[[[-119.21,54.3908],[-119.2089,54.3889],[-119.2107,54.391],[-119.21,54.3908]]],[[[-119.2685,54.4135],[-119.2694,54.4148],[-119.2671,54.4135],[-119.2685,54.4135]]],[[[-119.2866,54.4249],[-119.3075,54.4327],[-119.3063,54.4379],[-119.2866,54.4249]]],[[[-119.8365,54.4139],[-119.895,54.3821],[-119.8634,54.3884],[-119.8445,54.3723],[-119.8555,54.3921],[-119.8151,54.4118],[-119.7884,54.41],[-119.7501,54.3853],[-119.57,54.4349],[-119.5589,54.4217],[-119.5252,54.4259],[-119.5342,54.4494],[-119.5682,54.472],[-119.5945,54.4903],[-119.6048,54.5059],[-119.5593,54.4745],[-119.464,54.3839],[-119.4831,54.3841],[-119.4758,54.3722],[-119.4859,54.3697],[-119.4993,54.3867],[-119.5548,54.402],[-119.5604,54.39],[-119.5437,54.3877],[-119.5509,54.3753],[-119.5214,54.3471],[-119.5431,54.3363],[-119.5415,54.3579],[-119.5553,54.361],[-119.5997,54.3249],[-119.6118,54.326],[-119.6016,54.3393],[-119.6207,54.342],[-119.5971,54.348],[-119.6074,54.3807],[-119.6446,54.3824],[-119.6292,54.3927],[-119.705,54.3864],[-119.7088,54.3609],[-119.7475,54.3701],[-119.7644,54.3426],[-119.7046,54.2953],[-119.7095,54.2838],[-119.6968,54.2784],[-119.7099,54.2508],[-119.7337,54.2718],[-119.7609,54.2692],[-119.7477,54.2853],[-119.7778,54.2927],[-119.7684,54.2995],[-119.8028,54.2985],[-119.8365,54.2821],[-119.8367,54.2655],[-119.8303,54.2482],[-119.7997,54.2393],[-119.8282,54.2387],[-119.8533,54.2136],[-119.9013,54.2012],[-119.8645,54.2292],[-119.91,54.245],[-119.8807,54.2478],[-119.8968,54.2831],[-119.8688,54.3173],[-119.8778,54.3332],[-119.87,54.3438],[-119.9264,54.3436],[-119.9341,54.3354],[-119.9202,54.3276],[-119.9355,54.3037],[-119.9515,54.3308],[-120.0,54.3334],[-120.0,54.4283],[-119.9761,54.4127],[-119.9328,54.4097],[-119.9133,54.4301],[-119.9092,54.4065],[-119.8684,54.4204],[-119.8661,54.4313],[-119.9251,54.4513],[-119.9633,54.4906],[-119.9941,54.4892],[-120.0,54.527],[-119.8365,54.4139]],[[-119.7923,54.362],[-119.7748,54.3769],[-119.7847,54.3938],[-119.8206,54.3894],[-119.7923,54.362]]],[[[-119.4524,54.4781],[-119.4737,54.4847],[-119.4831,54.4686],[-119.4442,54.4127],[-119.518,54.4488],[-119.5982,54.5257],[-119.5748,54.5124],[-119.5617,54.5209],[-119.5564,54.5077],[-119.5406,54.4995],[-119.535,54.5085],[-119.5092,54.4882],[-119.5017,54.515],[-119.4524,54.4781]]],[[[-119.5298,54.5422],[-119.5253,54.5392],[-119.529,54.5394],[-119.5298,54.5422]]],[[[-119.5335,54.5438],[-119.5399,54.5488],[-119.5305,54.5426],[-119.5335,54.5438]]],[[[-119.5446,54.5513],[-119.5452,54.5519],[-119.5438,54.5511],[-119.5446,54.5513]]],[[[-117.1696,53.049],[-117.1712,53.0257],[-117.1942,53.0222],[-117.1792,53.0331],[-117.1928,53.0471],[-117.1696,53.049]]],[[[-117.1405,53.0671],[-117.1435,53.0668],[-117.1387,53.0679],[-117.1405,53.0671]]],[[[-117.2479,53.063],[-117.2817,53.0594],[-117.2768,53.0684],[-117.3133,53.0604],[-117.2292,53.0807],[-117.2479,53.063]]],[[[-117.2207,53.0854],[-117.2203,53.0857],[-117.2202,53.0857],[-117.2207,53.0854]]],[[[-117.6664,53.27],[-117.6314,53.2616],[-117.6585,53.2864],[-117.6199,53.304],[-117.5949,53.3],[-117.5352,53.2546],[-117.4751,53.185],[-117.4886,53.1872],[-117.485,53.1704],[-117.4637,53.1558],[-117.4381,53.1583],[-117.4566,53.1755],[-117.3822,53.1492],[-117.1952,53.1318],[-117.1887,53.1244],[-117.205,53.1088],[-117.1814,53.1004],[-117.2156,53.0873],[-117.2221,53.101],[-117.2539,53.1093],[-117.2698,53.0954],[-117.2755,53.1059],[-117.2631,53.1181],[-117.3237,53.1082],[-117.308,53.0845],[-117.3524,53.0989],[-117.3321,53.1177],[-117.3694,53.0985],[-117.3693,53.112],[-117.3516,53.1214],[-117.3737,53.1318],[-117.369,53.1212],[-117.4152,53.1023],[-117.4134,53.1267],[-117.4303,53.1198],[-117.4858,53.1371],[-117.4791,53.1141],[-117.5014,53.1327],[-117.5231,53.1254],[-117.5546,53.144],[-117.5548,53.1263],[-117.5613,53.1379],[-117.5808,53.133],[-117.5896,53.1375],[-117.569,53.146],[-117.5838,53.1607],[-117.5617,53.153],[-117.5681,53.163],[-117.5436,53.1687],[-117.5693,53.1766],[-117.6182,53.2238],[-117.5836,53.2246],[-117.5727,53.2108],[-117.5619,53.2238],[-117.524,53.2046],[-117.5113,53.2226],[-117.5317,53.2409],[-117.5567,53.237],[-117.5473,53.2437],[-117.5632,53.2558],[-117.5397,53.2574],[-117.5957,53.2836],[-117.6371,53.2874],[-117.5944,53.2631],[-117.6172,53.2621],[-117.6143,53.2493],[-117.664,53.2559],[-117.6641,53.2659],[-117.7012,53.2629],[-117.6664,53.27]],[[-117.3294,53.1359],[-117.3174,53.1227],[-117.2945,53.1229],[-117.3294,53.1359]],[[-117.4244,53.1486],[-117.3922,53.1333],[-117.3876,53.1382],[-117.4244,53.1486]]],[[[-117.7042,53.2614],[-117.6765,53.2309],[-117.7502,53.2424],[-117.7042,53.2614]]],[[[-117.7588,53.2391],[-117.7558,53.2402],[-117.7581,53.239],[-117.7588,53.2391]]],[[[-117.8352,53.3711],[-117.846,53.3803],[-117.8162,53.3863],[-117.8171,53.3813],[-117.8352,53.3711]]],[[[-117.7862,53.4043],[-117.8081,53.4209],[-117.7941,53.4174],[-117.7862,53.4043]]],[[[-117.8814,53.4888],[-117.8855,53.4796],[-117.9595,53.5042],[-117.9594,53.4881],[-117.9686,53.4996],[-117.9839,53.4886],[-117.9238,53.4512],[-117.9373,53.4344],[-118.0,53.4756],[-117.9951,53.448],[-117.9103,53.4066],[-117.9107,53.4207],[-117.849,53.4127],[-117.8539,53.4258],[-117.8718,53.4341],[-117.8801,53.4254],[-117.8919,53.4375],[-117.8757,53.4496],[-117.8463,53.445],[-117.875,53.4853],[-117.815,53.45],[-117.8444,53.4249],[-117.8412,53.4052],[-117.9351,53.4001],[-117.9093,53.3725],[-117.9155,53.3628],[-117.9006,53.357],[-117.9141,53.341],[-117.9223,53.3576],[-117.9591,53.3628],[-117.9584,53.3764],[-117.9797,53.3742],[-117.9784,53.3958],[-117.9981,53.4001],[-118.0067,53.4176],[-117.9864,53.417],[-117.9979,53.431],[-118.0328,53.4224],[-118.02,53.448],[-118.0676,53.4806],[-118.0534,53.4912],[-118.0824,53.4996],[-118.101,53.4962],[-118.1161,53.4722],[-118.1197,53.5011],[-118.1739,53.4758],[-118.2695,53.4567],[-118.3149,53.4316],[-118.3198,53.4401],[-118.2457,53.4761],[-118.2079,53.4745],[-118.1502,53.5054],[-118.0641,53.5266],[-118.0248,53.5078],[-117.9828,53.5151],[-118.0223,53.548],[-118.089,53.563],[-118.1051,53.5929],[-117.8814,53.4888]]],[[[-118.1239,53.5982],[-118.1385,53.6063],[-118.1072,53.5937],[-118.1239,53.5982]]],[[[-118.2559,53.8154],[-118.3231,53.8042],[-118.3378,53.8184],[-118.2559,53.8154]]],[[[-118.2401,53.827],[-118.2393,53.8284],[-118.2383,53.8288],[-118.2401,53.827]]],[[[-118.2622,53.8479],[-118.2522,53.8508],[-118.2854,53.8566],[-118.2612,53.8688],[-118.2343,53.859],[-118.2231,53.8798],[-118.2389,53.8916],[-118.1934,53.8889],[-118.2268,53.8403],[-118.2622,53.8479]]],[[[-118.372,53.882],[-118.3824,53.8819],[-118.372,53.8869],[-118.372,53.882]]],[[[-118.3099,53.9214],[-118.1399,54.0227],[-118.1334,54.0062],[-118.1911,53.8946],[-118.2025,53.8944],[-118.2044,53.912],[-118.2306,53.9049],[-118.2453,53.9174],[-118.2756,53.902],[-118.2604,53.9269],[-118.3036,53.9126],[-118.3099,53.9214]]],[[[-118.4604,53.9647],[-118.4632,53.9757],[-118.4438,53.9788],[-118.4518,53.9832],[-118.4327,54.0013],[-118.3871,54.008],[-118.4604,53.9647]]],[[[-118.3439,54.0422],[-118.3408,54.0431],[-118.3467,54.0406],[-118.3439,54.0422]]],[[[-118.2984,54.0671],[-118.2951,54.0715],[-118.2907,54.0709],[-118.2984,54.0671]]],[[[-118.3152,54.1274],[-118.3203,54.1143],[-118.3442,54.116],[-118.3313,54.1073],[-118.341,54.0961],[-118.3515,54.108],[-118.3711,54.0891],[-118.3758,54.1029],[-118.4233,54.0935],[-118.4068,54.1109],[-118.3807,54.1078],[-118.3636,54.1209],[-118.3757,54.1268],[-118.3152,54.1274]]],[[[-118.2495,54.1947],[-118.2558,54.1822],[-118.2275,54.1771],[-118.2507,54.1648],[-118.2192,54.1548],[-118.2049,54.1604],[-118.2084,54.1829],[-118.0692,54.1635],[-118.2246,54.0979],[-118.246,54.1173],[-118.2805,54.0919],[-118.2833,54.1122],[-118.3083,54.1096],[-118.3119,54.1193],[-118.2495,54.1947]]],[[[-118.386,54.1306],[-118.4141,54.1169],[-118.4317,54.1238],[-118.4266,54.134],[-118.4449,54.1349],[-118.472,54.1054],[-118.4652,54.0983],[-118.4944,54.0812],[-118.4944,54.0606],[-118.5103,54.0698],[-118.5004,54.0788],[-118.5075,54.0907],[-118.4828,54.1024],[-118.5004,54.1056],[-118.4777,54.1155],[-118.4878,54.117],[-118.482,54.124],[-118.51,54.1149],[-118.4975,54.1234],[-118.5057,54.131],[-118.4809,54.1316],[-118.5,54.1426],[-118.4585,54.1524],[-118.386,54.1306]]],[[[-118.5321,54.1355],[-118.5441,54.1018],[-118.5544,54.1093],[-118.5677,54.0953],[-118.5773,54.0612],[-118.6366,54.0326],[-118.65,54.0365],[-118.6799,54.0128],[-118.676,54.0375],[-118.609,54.0693],[-118.6137,54.0839],[-118.6493,54.0746],[-118.5986,54.1264],[-118.604,54.1383],[-118.5321,54.1355]]],[[[-118.7174,54.1097],[-118.6231,54.137],[-118.6189,54.1232],[-118.633,54.1035],[-118.6479,54.1007],[-118.6595,54.1158],[-118.6827,54.1084],[-118.6631,54.0926],[-118.7125,54.089],[-118.7218,54.0779],[-118.7097,54.0564],[-118.7366,54.0241],[-118.7318,54.0476],[-118.7474,54.0698],[-118.7701,54.0628],[-118.7674,54.0842],[-118.742,54.1139],[-118.7514,54.1141],[-118.7163,54.119],[-118.7174,54.1097]]],[[[-118.5219,54.137],[-118.5238,54.139],[-118.519,54.1401],[-118.5219,54.137]]],[[[-118.6103,54.139],[-118.6151,54.1361],[-118.6174,54.1386],[-118.6103,54.139]]],[[[-118.7686,54.1128],[-118.768,54.118],[-118.7566,54.1152],[-118.7686,54.1128]]],[[[-115.3305,51.4997],[-115.3309,51.5121],[-115.3266,51.498],[-115.3305,51.4997]]],[[[-115.357,51.5286],[-115.3653,51.5407],[-115.3459,51.5332],[-115.357,51.5286]]],[[[-115.4016,51.5784],[-115.4157,51.5744],[-115.4075,51.5889],[-115.4172,51.6013],[-115.4439,51.5924],[-115.4837,51.6187],[-115.4449,51.6083],[-115.4059,51.6288],[-115.4016,51.5784]]],[[[-115.4152,51.6464],[-115.4152,51.6571],[-115.4854,51.6801],[-115.502,51.6986],[-115.4618,51.6854],[-115.4934,51.7119],[-115.5607,51.7226],[-115.607,51.7092],[-115.6931,51.7077],[-115.7044,51.6753],[-115.7721,51.6594],[-115.8747,51.6656],[-115.7219,51.6894],[-115.6881,51.727],[-115.6295,51.7281],[-115.5931,51.7534],[-115.5245,51.769],[-115.4822,51.7451],[-115.4622,51.7225],[-115.4851,51.7237],[-115.4383,51.6981],[-115.4384,51.6815],[-115.398,51.6647],[-115.4017,51.6478],[-115.4152,51.6464]],[[-115.4894,51.7344],[-115.5296,51.7528],[-115.5698,51.7526],[-115.6377,51.7198],[-115.5496,51.7309],[-115.4932,51.7134],[-115.4894,51.7344]]],[[[-115.4255,51.7242],[-115.4527,51.7293],[-115.4306,51.7357],[-115.4255,51.7242]]],[[[-115.6686,51.9302],[-115.6861,51.9085],[-115.6783,51.8984],[-115.7189,51.88],[-115.7263,51.8601],[-115.7403,51.8763],[-115.7923,51.8587],[-115.8705,51.8625],[-115.8203,51.8621],[-115.7167,51.9014],[-115.7089,51.9313],[-115.6686,51.9302]]],[[[-115.9187,52.082],[-115.9512,52.0562],[-115.964,52.0731],[-115.9187,52.082]]],[[[-116.2962,52.211],[-116.2906,52.2186],[-116.2858,52.2141],[-116.288,52.2126],[-116.2962,52.211]]],[[[-116.4062,52.3728],[-116.4855,52.3691],[-116.5165,52.3869],[-116.4593,52.3936],[-116.4589,52.4251],[-116.4347,52.4515],[-116.4286,52.3933],[-116.4035,52.389],[-116.4033,52.406],[-116.3423,52.399],[-116.2881,52.4082],[-116.3171,52.3936],[-116.4066,52.3841],[-116.4062,52.3728]]],[[[-116.2715,52.425],[-116.2953,52.4227],[-116.2995,52.4563],[-116.2674,52.4422],[-116.2715,52.425]]],[[[-116.3116,52.4794],[-116.3094,52.4785],[-116.3126,52.4786],[-116.3116,52.4794]]],[[[-116.4074,52.4971],[-116.4038,52.4813],[-116.409,52.4757],[-116.4215,52.4949],[-116.4125,52.5175],[-116.396,52.4991],[-116.4074,52.4971]]],[[[-116.4456,52.579],[-116.4635,52.5719],[-116.4693,52.5738],[-116.4483,52.5935],[-116.4456,52.579]]],[[[-116.459,52.6009],[-116.468,52.605],[-116.4726,52.6072],[-116.459,52.6009]]],[[[-116.4876,52.6116],[-116.4871,52.6104],[-116.4879,52.6113],[-116.4876,52.6116]]],[[[-116.5163,52.6345],[-116.5479,52.6225],[-116.5199,52.6439],[-116.5246,52.6532],[-116.5144,52.6499],[-116.5163,52.6345]]],[[[-116.5469,52.6711],[-116.5686,52.658],[-116.5652,52.6778],[-116.6306,52.6834],[-116.616,52.6921],[-116.6211,52.7016],[-116.5766,52.6926],[-116.5469,52.6711]]],[[[-116.6512,52.7335],[-116.648,52.7235],[-116.6568,52.7263],[-116.6512,52.7335]]],[[[-116.7368,52.8071],[-116.7243,52.785],[-116.6814,52.7539],[-116.6594,52.7542],[-116.6519,52.7377],[-116.7002,52.7382],[-116.6888,52.7477],[-116.7032,52.7622],[-116.774,52.795],[-116.7881,52.7747],[-116.7779,52.7553],[-116.7971,52.7403],[-116.8003,52.6685],[-116.8226,52.7061],[-116.8396,52.7028],[-116.8339,52.6803],[-116.856,52.697],[-116.8411,52.725],[-116.8481,52.7651],[-116.8678,52.7739],[-116.8608,52.79],[-116.8757,52.799],[-116.8413,52.8049],[-116.8338,52.8287],[-116.7333,52.855],[-116.7368,52.8071]]],[[[-116.9744,53.0657],[-116.9245,53.0235],[-116.9099,53.0393],[-116.9375,53.0539],[-116.8465,53.0209],[-116.8819,53.0294],[-116.8712,53.0111],[-116.8872,53.0051],[-116.8188,52.9904],[-116.8378,52.9619],[-116.7569,52.9097],[-116.7746,52.9027],[-116.7517,52.8937],[-116.7646,52.8802],[-116.7419,52.8633],[-116.832,52.8598],[-116.8922,52.8729],[-116.8913,52.8815],[-116.819,52.8797],[-116.7746,52.8957],[-116.824,52.9278],[-116.858,52.9099],[-116.836,52.9343],[-116.89,52.9623],[-116.9113,52.9555],[-116.912,52.9699],[-116.9404,52.9644],[-116.9597,52.9764],[-116.9729,52.9685],[-116.9753,52.9891],[-116.9295,52.9915],[-116.9744,53.0007],[-116.9931,53.0172],[-116.9793,53.0228],[-117.0016,53.036],[-116.9996,53.0631],[-116.9744,53.0657]]],[[[-116.8297,53.0128],[-116.8291,53.0114],[-116.8299,53.0129],[-116.8297,53.0128]]],[[[-117.0033,53.0283],[-117.0013,53.0136],[-117.0424,53.0093],[-117.0483,53.0189],[-117.037,53.0268],[-117.0797,53.0409],[-117.0502,53.0378],[-117.0172,53.0182],[-117.0033,53.0283]]],[[[-116.9468,53.0542],[-116.9559,53.0612],[-116.9412,53.0553],[-116.9468,53.0542]]],[[[-116.9606,53.063],[-116.9645,53.0647],[-116.9602,53.063],[-116.9606,53.063]]],[[[-117.0813,53.0385],[-117.1171,53.0458],[-117.1339,53.0371],[-117.1475,53.0493],[-117.1185,53.0647],[-117.0813,53.0385]]],[[[-117.1415,53.1327],[-117.1821,53.1201],[-117.1911,53.1327],[-117.1415,53.1327]]]]}},{"type":"Feature","properties":{"key":"fescue_grassland","name":"Fescue Grassland","where":"south AB","sort":7,"ecozone":"Prairies","ab_subregion":""},"geometry":{"type":"Polygon","coordinates":[[[-112.7383,48.9986],[-113.4421,48.9949],[-113.4422,48.998],[-112.7383,48.9986]]]}},{"type":"Feature","properties":{"key":"fescue_grassland","name":"Fescue Grassland","where":"south AB","sort":7,"ecozone":"Prairies","ab_subregion":"Central Parkland"},"geometry":{"type":"MultiPolygon","coordinates":[[[[-114.2351,51.2201],[-114.2209,51.2351],[-114.1478,51.236],[-114.1252,51.2514],[-114.0889,51.3505],[-114.0661,51.2976],[-114.078,51.2645],[-114.1377,51.1985],[-114.086,51.1503],[-114.0467,51.1324],[-114.0648,51.1248],[-114.0887,51.1347],[-114.2351,51.2201]]],[[[-113.2571,51.4958],[-113.2415,51.4935],[-113.2635,51.4966],[-113.2571,51.4958]]],[[[-113.2658,51.4973],[-113.3205,51.5152],[-113.3463,51.528],[-113.2658,51.4973]]],[[[-114.0824,51.4441],[-114.0647,51.5395],[-114.0407,51.5755],[-113.9799,51.6269],[-113.8727,51.6896],[-113.7527,51.7191],[-113.6608,51.7261],[-113.6171,51.7154],[-113.6407,51.7018],[-113.699,51.7203],[-113.6738,51.6839],[-113.6884,51.673],[-113.7888,51.6887],[-113.7983,51.6293],[-113.7592,51.5949],[-113.9459,51.6067],[-113.9725,51.514],[-113.9948,51.4986],[-114.0269,51.5058],[-114.0824,51.4441]]]]}},{"type":"Feature","properties":{"key":"fescue_grassland","name":"Fescue Grassland","where":"south AB","sort":7,"ecozone":"Prairies","ab_subregion":"Foothills Fescue"},"geometry":{"type":"Polygon","coordinates":[[[-113.3483,50.991],[-113.4011,50.9167],[-113.4162,50.8627],[-113.3784,50.7756],[-113.4769,50.719],[-113.5221,50.6789],[-113.5295,50.635],[-113.5497,50.6313],[-113.629,50.4682],[-113.5912,50.2964],[-113.6458,50.2524],[-113.6982,50.1638],[-113.7406,50.1435],[-113.7443,50.129],[-113.7975,50.1217],[-113.7754,50.1071],[-113.7507,50.0239],[-113.7864,49.9394],[-113.7492,49.9202],[-113.7472,49.9027],[-113.6918,49.8824],[-113.6558,49.8529],[-113.6372,49.7908],[-113.6495,49.7432],[-113.673,49.6912],[-113.7232,49.652],[-113.754,49.6445],[-113.8138,49.6538],[-113.8173,49.5962],[-113.9299,49.6106],[-113.9511,49.6066],[-113.9533,49.5835],[-113.8924,49.5552],[-113.7875,49.5473],[-113.7398,49.525],[-113.5745,49.6182],[-113.416,49.6359],[-113.3749,49.612],[-113.3722,49.584],[-113.4039,49.5088],[-113.4363,49.47],[-113.4627,49.4583],[-113.4189,49.4354],[-113.4508,49.3827],[-113.4366,49.3583],[-113.3771,49.3711],[-113.2711,49.4368],[-113.2574,49.4558],[-113.2658,49.5254],[-113.2446,49.5474],[-113.214,49.5509],[-113.1851,49.5358],[-113.1531,49.474],[-113.061,49.4361],[-113.0248,49.3973],[-113.0206,49.3703],[-113.0066,49.3874],[-113.0175,49.4357],[-112.9764,49.469],[-112.9546,49.4711],[-112.9161,49.374],[-112.8791,49.3535],[-112.5782,49.3283],[-112.5201,49.3346],[-112.4509,49.298],[-112.4702,49.2966],[-112.4232,49.2632],[-112.4417,49.2257],[-112.5134,49.1974],[-112.5987,49.1868],[-112.6553,49.1244],[-112.7206,49.0782],[-112.7248,49.0662],[-112.7063,49.0555],[-112.7455,48.9986],[-113.4112,48.9981],[-113.4352,49.0191],[-113.4391,49.0463],[-113.5136,49.0959],[-113.7209,49.1284],[-113.7702,49.1936],[-113.7754,49.2199],[-113.8751,49.2604],[-113.8938,49.2902],[-113.9225,49.3039],[-113.9134,49.3343],[-113.9254,49.3352],[-113.9288,49.3687],[-113.9496,49.3707],[-114.1476,49.5337],[-114.2039,49.6281],[-114.2048,49.7],[-114.1874,49.7299],[-114.2002,49.7453],[-114.1607,49.7634],[-114.1694,49.7874],[-114.1846,49.789],[-114.1707,49.8598],[-114.1569,49.8294],[-114.1342,49.8479],[-114.1366,49.8791],[-114.1542,49.9003],[-114.1411,49.9075],[-114.1538,49.9358],[-114.1429,49.9557],[-114.1077,49.8845],[-114.0873,49.8735],[-114.0964,49.8526],[-114.0815,49.8387],[-114.0895,49.8299],[-114.0749,49.8001],[-114.0309,49.7868],[-114.0564,49.7843],[-114.0744,49.7646],[-114.0667,49.7511],[-114.0213,49.7521],[-114.0597,49.7292],[-114.0542,49.7097],[-114.0351,49.7074],[-114.0541,49.6919],[-114.0414,49.6805],[-114.0519,49.6706],[-114.019,49.6664],[-114.0458,49.6361],[-113.9742,49.6646],[-113.9656,49.6903],[-113.938,49.668],[-113.8866,49.6682],[-113.893,49.6843],[-113.8797,49.7141],[-113.9206,49.744],[-113.9211,49.7616],[-113.8708,49.7472],[-113.8551,49.755],[-113.8619,49.7755],[-113.845,49.7685],[-113.8443,49.7921],[-113.8271,49.776],[-113.7925,49.7965],[-113.8226,49.8154],[-113.8323,49.8444],[-113.8931,49.8471],[-113.8879,49.8658],[-113.9033,49.8647],[-113.9098,49.8776],[-113.8945,49.9173],[-113.9355,49.9282],[-113.9248,49.9457],[-113.9369,49.9492],[-113.9325,49.9656],[-113.9544,49.9492],[-113.963,49.9631],[-113.9459,50.0235],[-113.9394,50.0065],[-113.9017,50.012],[-113.9059,50.0413],[-113.9333,50.0439],[-113.9227,50.0623],[-113.8478,50.0618],[-113.8716,50.0697],[-113.8702,50.0801],[-113.9228,50.0872],[-113.9876,50.1416],[-113.9813,50.1567],[-113.9095,50.1987],[-113.8638,50.2117],[-113.852,50.2268],[-113.855,50.251],[-113.9436,50.2701],[-113.9984,50.3036],[-114.0291,50.3053],[-114.0565,50.3431],[-114.0906,50.3444],[-114.0834,50.3781],[-114.1057,50.3726],[-114.1502,50.404],[-114.1763,50.3968],[-114.2162,50.412],[-114.2536,50.4698],[-114.2591,50.4994],[-114.206,50.5412],[-114.1546,50.5569],[-114.1445,50.5629],[-114.1552,50.5702],[-114.0996,50.5969],[-113.9507,50.6143],[-113.9155,50.6252],[-113.8997,50.6523],[-113.9127,50.7143],[-113.8971,50.7448],[-113.9062,50.7819],[-113.9329,50.8057],[-114.0436,50.847],[-114.111,51.0063],[-114.1071,51.0317],[-114.1527,51.0592],[-114.0995,51.0668],[-114.0745,51.1032],[-114.0784,51.1199],[-114.0467,51.1324],[-114.1142,51.171],[-114.1382,51.2011],[-114.0789,51.2632],[-114.0658,51.2986],[-114.0889,51.3505],[-114.0824,51.4441],[-114.0269,51.5058],[-113.9948,51.4986],[-113.9725,51.514],[-113.9474,51.606],[-113.7592,51.5949],[-113.7983,51.6293],[-113.7888,51.6887],[-113.6831,51.6744],[-113.674,51.6848],[-113.6982,51.7204],[-113.6407,51.7018],[-113.6171,51.7154],[-113.5503,51.6874],[-113.4075,51.5607],[-113.2511,51.4942],[-113.2761,51.447],[-113.2446,51.4144],[-113.2869,51.3921],[-113.3074,51.3566],[-113.2815,51.29],[-113.2869,51.2792],[-113.2433,51.2251],[-113.2445,51.1975],[-113.2792,51.1888],[-113.314,51.1561],[-113.3218,51.1127],[-113.293,51.0804],[-113.3179,51.0686],[-113.3483,50.991]]]}},{"type":"Feature","properties":{"key":"fescue_grassland","name":"Fescue Grassland","where":"south AB","sort":7,"ecozone":"Prairies","ab_subregion":"Foothills Parkland"},"geometry":{"type":"MultiPolygon","coordinates":[[[[-113.634,49.1089],[-113.7209,49.1284],[-113.5506,49.1042],[-113.634,49.1089]]],[[[-113.7998,49.2145],[-113.8771,49.238],[-113.905,49.2875],[-113.9351,49.3074],[-113.8938,49.2902],[-113.8751,49.2604],[-113.7763,49.2207],[-113.744,49.1573],[-113.7841,49.1779],[-113.7998,49.2145]]],[[[-114.0565,50.3431],[-114.0393,50.3254],[-114.042,50.3141],[-114.0816,50.339],[-114.0565,50.3431]]],[[[-114.1057,50.3726],[-114.0789,50.3714],[-114.096,50.3557],[-114.1057,50.3726]]],[[[-114.1763,50.3968],[-114.1502,50.404],[-114.143,50.3913],[-114.1763,50.3968]]],[[[-114.2574,50.5029],[-114.2591,50.4994],[-114.2594,50.5011],[-114.2574,50.5029]]],[[[-113.4556,49.0528],[-113.4317,49.0371],[-113.4352,49.0191],[-113.4112,48.9981],[-113.4422,48.998],[-113.4556,49.0528]]],[[[-113.9179,50.2263],[-113.9878,50.2627],[-114.0163,50.2994],[-113.9984,50.3036],[-113.9421,50.2697],[-113.8627,50.2581],[-113.8513,50.2309],[-113.8705,50.2073],[-113.9095,50.1987],[-113.9179,50.2263]]],[[[-114.1015,50.5965],[-114.1552,50.5702],[-114.1445,50.5629],[-114.1546,50.5569],[-114.206,50.5412],[-114.1771,50.5671],[-114.1015,50.5965]]],[[[-113.9393,50.7013],[-113.9129,50.722],[-113.9055,50.6615],[-113.9121,50.6718],[-113.9393,50.7013]]],[[[-114.0364,50.8425],[-113.9987,50.8264],[-113.9862,50.8201],[-114.0245,50.8329],[-114.0364,50.8425]]],[[[-114.1602,51.0717],[-114.0883,51.0904],[-114.0843,51.1097],[-114.1615,51.1755],[-114.0653,51.1263],[-114.0784,51.1199],[-114.0745,51.1032],[-114.0995,51.0668],[-114.1526,51.0624],[-114.1083,51.0339],[-114.1093,51.007],[-114.1638,51.0552],[-114.1602,51.0717]]]]}},{"type":"Feature","properties":{"key":"fescue_grassland","name":"Fescue Grassland","where":"south AB","sort":7,"ecozone":"Prairies","ab_subregion":"Mixedgrass"},"geometry":{"type":"MultiPolygon","coordinates":[[[[-113.2831,49.4292],[-113.3004,49.413],[-113.3258,49.4019],[-113.2831,49.4292]]],[[[-113.2133,49.5722],[-113.0782,49.4951],[-113.0506,49.4608],[-113.013,49.4487],[-112.9822,49.4652],[-113.0207,49.4292],[-113.0065,49.3899],[-113.0143,49.376],[-113.0206,49.3703],[-113.0248,49.3973],[-113.0677,49.441],[-113.1595,49.4793],[-113.1972,49.5466],[-113.2446,49.5474],[-113.2658,49.5254],[-113.2643,49.5023],[-113.2686,49.5157],[-113.2659,49.5384],[-113.2524,49.5602],[-113.2133,49.5722]]],[[[-113.4189,49.4354],[-113.4627,49.4583],[-113.4363,49.47],[-113.4039,49.5088],[-113.4183,49.4859],[-113.4189,49.4354]]],[[[-113.6425,49.5858],[-113.7261,49.5286],[-113.752,49.5254],[-113.7698,49.5408],[-113.6425,49.5858]]],[[[-113.3851,49.6609],[-113.3722,49.6085],[-113.4004,49.6312],[-113.434,49.6379],[-113.5745,49.6182],[-113.4519,49.6782],[-113.3851,49.6609]]],[[[-113.6763,49.6877],[-113.7931,49.578],[-113.7875,49.5473],[-113.8924,49.5552],[-113.9547,49.5885],[-113.9488,49.6084],[-113.9149,49.6118],[-113.8198,49.5951],[-113.8102,49.6029],[-113.8128,49.6544],[-113.7388,49.6466],[-113.6763,49.6877]]],[[[-113.7312,50.0248],[-113.7299,49.9843],[-113.6504,49.8607],[-113.6372,49.7908],[-113.6586,49.8562],[-113.7472,49.9027],[-113.7492,49.9202],[-113.786,49.9385],[-113.7507,50.0239],[-113.7634,50.0808],[-113.7929,50.126],[-113.7443,50.129],[-113.7508,50.0674],[-113.7312,50.0248]]],[[[-112.7383,48.9986],[-112.7374,49.0029],[-112.7372,49.003],[-112.7383,48.9986]]],[[[-112.6231,49.1452],[-112.7063,49.0555],[-112.7244,49.0656],[-112.5987,49.1868],[-112.5381,49.1915],[-112.6231,49.1452]]],[[[-112.4264,49.2647],[-112.4612,49.2846],[-112.4702,49.2966],[-112.4509,49.298],[-112.4264,49.2647]]],[[[-112.894,49.3991],[-112.8269,49.375],[-112.6673,49.3805],[-112.5201,49.3346],[-112.5764,49.3282],[-112.7711,49.3498],[-112.8524,49.345],[-112.9157,49.3734],[-112.9487,49.4679],[-112.894,49.3991]]],[[[-113.2963,50.7477],[-113.3029,50.735],[-113.4119,50.6886],[-113.4819,50.6326],[-113.526,50.5217],[-113.5503,50.2565],[-113.6044,50.2032],[-113.6982,50.1638],[-113.6458,50.2524],[-113.5912,50.2964],[-113.629,50.4682],[-113.5497,50.6313],[-113.5295,50.635],[-113.5229,50.6777],[-113.4769,50.719],[-113.3804,50.7719],[-113.3823,50.8029],[-113.2963,50.7477]]],[[[-113.3534,50.9858],[-113.3523,50.9882],[-113.3489,50.9904],[-113.3534,50.9858]]],[[[-113.2447,51.0638],[-113.261,51.0451],[-113.348,50.9913],[-113.3179,51.0686],[-113.293,51.0804],[-113.3164,51.1171],[-113.2833,51.1334],[-113.2447,51.0638]]]]}},{"type":"Feature","properties":{"key":"fescue_grassland","name":"Fescue Grassland","where":"south AB","sort":7,"ecozone":"Prairies","ab_subregion":"Montane"},"geometry":{"type":"MultiPolygon","coordinates":[[[[-113.9365,49.3124],[-113.9133,49.3333],[-113.9238,49.3032],[-113.9365,49.3124]]],[[[-113.9294,49.3505],[-113.925,49.3455],[-113.9232,49.3404],[-113.9294,49.3505]]],[[[-113.9496,49.3707],[-113.9288,49.3687],[-113.934,49.3574],[-113.9496,49.3707]]],[[[-114.031,49.4432],[-114.0327,49.4459],[-114.0303,49.4437],[-114.031,49.4432]]],[[[-114.0527,49.459],[-114.0506,49.4576],[-114.0504,49.4573],[-114.0527,49.459]]],[[[-114.0814,49.4798],[-114.0679,49.4751],[-114.0565,49.4617],[-114.0814,49.4798]]],[[[-114.1542,49.5423],[-114.1486,49.5381],[-114.1476,49.5337],[-114.1542,49.5423]]],[[[-114.1663,49.5596],[-114.1618,49.5551],[-114.1616,49.5529],[-114.1663,49.5596]]],[[[-114.2081,49.6492],[-114.2037,49.6411],[-114.2051,49.6342],[-114.2081,49.6492]]],[[[-114.1879,49.7324],[-114.2006,49.7149],[-114.2097,49.6576],[-114.2016,49.7397],[-114.1879,49.7324]]],[[[-114.173,49.7888],[-114.1607,49.7634],[-114.2001,49.7454],[-114.1846,49.789],[-114.173,49.7888]]],[[[-113.9553,49.7261],[-113.9308,49.7457],[-113.9264,49.7781],[-113.8932,49.7699],[-113.8647,49.7811],[-113.8931,49.8471],[-113.8323,49.8444],[-113.8226,49.8154],[-113.7925,49.7976],[-113.8271,49.776],[-113.8443,49.7921],[-113.845,49.7685],[-113.8619,49.7755],[-113.8551,49.755],[-113.8708,49.7472],[-113.9211,49.7616],[-113.9206,49.744],[-113.8797,49.7141],[-113.893,49.6843],[-113.8866,49.6682],[-113.938,49.668],[-113.9656,49.6903],[-113.9742,49.6646],[-114.0458,49.6361],[-114.019,49.6664],[-114.0519,49.6706],[-114.0414,49.6805],[-114.0541,49.6919],[-114.0351,49.7074],[-114.0542,49.7097],[-114.0597,49.7292],[-114.0213,49.7521],[-114.0693,49.7518],[-114.0742,49.7667],[-114.0621,49.7808],[-114.0309,49.7868],[-113.9891,49.7365],[-113.9553,49.7261]]],[[[-114.033,49.7891],[-114.0334,49.7899],[-114.0325,49.7888],[-114.033,49.7891]]],[[[-113.8982,49.8558],[-113.8887,49.867],[-113.8875,49.8646],[-113.8982,49.8558]]],[[[-113.9305,49.9236],[-113.8945,49.9173],[-113.9038,49.8786],[-113.9098,49.8776],[-113.9305,49.9236]]],[[[-114.1657,49.9627],[-114.1539,49.9865],[-114.139,49.9862],[-114.0408,49.7927],[-114.0641,49.7893],[-114.0791,49.8065],[-114.0895,49.8299],[-114.0815,49.8387],[-114.0967,49.8547],[-114.0873,49.8735],[-114.1077,49.8845],[-114.1394,49.9562],[-114.1538,49.9358],[-114.1411,49.9075],[-114.1542,49.9003],[-114.1366,49.8791],[-114.1346,49.8463],[-114.1569,49.8294],[-114.1696,49.8601],[-114.1765,49.837],[-114.1657,49.9627]]],[[[-113.9517,49.9527],[-113.9318,49.9647],[-113.9369,49.9492],[-113.9248,49.9457],[-113.9355,49.9282],[-113.9517,49.9527]]],[[[-113.941,50.0339],[-113.9059,50.0413],[-113.9017,50.012],[-113.9394,50.0065],[-113.941,50.0339]]],[[[-113.9166,50.0849],[-113.8702,50.0801],[-113.8716,50.0697],[-113.8478,50.0618],[-113.9019,50.055],[-113.9013,50.0655],[-113.9227,50.0623],[-113.9166,50.0849]]],[[[-113.9364,50.2371],[-113.9392,50.2387],[-113.9369,50.2377],[-113.9364,50.2371]]],[[[-113.9712,50.2532],[-113.9575,50.2508],[-113.9569,50.2473],[-113.9712,50.2532]]]]}},{"type":"Feature","properties":{"key":"fescue_grassland","name":"Fescue Grassland","where":"south AB","sort":7,"ecozone":"Prairies","ab_subregion":"Northern Fescue"},"geometry":{"type":"Polygon","coordinates":[[[-113.2432,51.1976],[-113.2856,51.1542],[-113.2833,51.1334],[-113.3164,51.1171],[-113.321,51.1346],[-113.3039,51.1705],[-113.2445,51.1975],[-113.2433,51.2251],[-113.2869,51.2792],[-113.2815,51.29],[-113.3074,51.3566],[-113.2869,51.3921],[-113.2446,51.4144],[-113.2761,51.447],[-113.2511,51.4942],[-113.2405,51.4938],[-113.2493,51.4664],[-113.2376,51.4498],[-113.1194,51.4017],[-113.0993,51.379],[-113.1516,51.3095],[-113.1183,51.2801],[-113.1255,51.2662],[-113.2432,51.1976]]]}},{"type":"Feature","properties":{"key":"hay_river_lowland","name":"Hay River Lowland","where":"north AB","sort":308,"ecozone":"Taiga Plains","ab_subregion":""},"geometry":{"type":"Polygon","coordinates":[[[-117.1639,60.0001],[-113.1149,60.0001],[-113.1144,59.9989],[-116.0863,59.9984],[-117.1639,60.0001]]]}},{"type":"Feature","properties":{"key":"hay_river_lowland","name":"Hay River Lowland","where":"north AB","sort":308,"ecozone":"Taiga Plains","ab_subregion":"Central Mixedwood"},"geometry":{"type":"MultiPolygon","coordinates":[[[[-113.7862,59.2512],[-113.7523,59.1889],[-113.7582,59.1511],[-113.7809,59.1761],[-113.8416,59.2017],[-113.8496,59.2601],[-113.9922,59.3443],[-113.9554,59.3608],[-113.9185,59.3503],[-113.8482,59.2711],[-113.7862,59.2512]]],[[[-116.8092,58.9532],[-116.7583,58.8864],[-116.6164,58.7985],[-116.7309,58.7975],[-116.8085,58.7814],[-117.0023,58.7111],[-117.1343,58.7126],[-117.1542,58.7049],[-117.1626,58.6705],[-117.1928,58.664],[-117.2624,58.6787],[-117.3013,58.6696],[-117.3814,58.6235],[-117.533,58.5828],[-117.8266,58.5912],[-117.9617,58.5623],[-118.0017,58.5324],[-118.0172,58.5005],[-118.0102,58.434],[-117.9909,58.3872],[-118.0009,58.3583],[-117.9606,58.3227],[-117.9755,58.3078],[-117.9528,58.2781],[-117.9695,58.2496],[-117.9641,58.2239],[-117.9029,58.1406],[-117.8962,58.0677],[-117.8571,58.0334],[-117.8957,58.0028],[-117.862,57.8976],[-117.8811,57.8671],[-117.9052,57.8596],[-117.8955,57.8462],[-117.9087,57.8241],[-118.032,57.7863],[-118.1341,57.8027],[-118.2103,57.8006],[-118.5174,57.7688],[-118.5942,57.7424],[-118.5901,57.7569],[-118.8209,57.6445],[-118.8425,57.6435],[-118.8584,57.661],[-118.8412,57.7333],[-118.7884,57.8088],[-118.6827,57.8783],[-118.6502,57.9166],[-118.6968,57.9238],[-118.6999,57.932],[-118.6852,57.9284],[-118.6541,57.9456],[-118.6518,57.9587],[-118.6157,57.9718],[-118.497,57.9849],[-118.5619,57.9933],[-118.5612,58.0211],[-118.6205,58.0244],[-118.6237,58.0392],[-118.6547,58.0517],[-118.7322,58.0477],[-118.8068,58.0683],[-118.7935,58.1155],[-118.8024,58.163],[-118.7609,58.1755],[-118.7261,58.1636],[-118.7354,58.1527],[-118.7274,58.1415],[-118.3601,58.0559],[-118.0884,58.1143],[-118.1083,58.1309],[-118.1794,58.1425],[-118.1253,58.1896],[-118.1286,58.2013],[-118.0905,58.205],[-118.0714,58.2257],[-118.1083,58.2484],[-118.2004,58.2482],[-118.2202,58.2672],[-118.3054,58.2754],[-118.7857,58.2729],[-118.8145,58.2891],[-118.7833,58.3016],[-118.6621,58.3093],[-118.664,58.335],[-118.6443,58.3409],[-118.6387,58.3644],[-118.5996,58.3985],[-118.6113,58.4232],[-118.708,58.4803],[-118.9707,58.4828],[-119.0254,58.4996],[-119.0203,58.5145],[-119.0082,58.5143],[-119.0112,58.5334],[-118.9937,58.5587],[-118.9711,58.5722],[-118.668,58.6121],[-118.6745,58.6181],[-118.6567,58.6206],[-118.6543,58.6442],[-118.7325,58.6509],[-119.3694,58.5972],[-119.5251,58.5614],[-119.7133,58.5373],[-119.7995,58.5135],[-119.8278,58.4937],[-119.9171,58.4779],[-120.0,58.4386],[-120.0,59.1958],[-119.9436,59.1416],[-119.882,59.1172],[-119.8718,59.0941],[-119.7823,59.0895],[-119.6446,59.0974],[-119.6014,59.1207],[-119.4232,59.1244],[-119.0523,59.1641],[-118.7261,59.1187],[-118.4327,59.1382],[-118.258,59.1761],[-118.1628,59.172],[-118.1727,59.1474],[-118.1613,59.1413],[-118.0226,59.1431],[-117.941,59.1809],[-117.8317,59.2081],[-117.6844,59.2312],[-117.5626,59.2337],[-117.4435,59.2098],[-117.3341,59.1141],[-117.1345,59.0527],[-117.0838,59.0457],[-117.005,59.0651],[-116.8112,59.043],[-116.8092,58.9532]],[[-117.4142,58.7155],[-117.5917,58.6895],[-117.7083,58.656],[-117.7268,58.6405],[-117.7262,58.6081],[-117.6932,58.5963],[-117.5915,58.5949],[-117.3129,58.6695],[-117.3121,58.6867],[-117.3292,58.6993],[-117.4142,58.7155]]]]}},{"type":"Feature","properties":{"key":"hay_river_lowland","name":"Hay River Lowland","where":"north AB","sort":308,"ecozone":"Taiga Plains","ab_subregion":""},"geometry":{"type":"MultiPolygon","coordinates":[[[[-117.8293,57.9988],[-117.8182,57.9107],[-117.8754,57.8463],[-117.904,57.8272],[-117.8955,57.8462],[-117.9052,57.8596],[-117.8811,57.8671],[-117.862,57.8976],[-117.8957,58.0028],[-117.8571,58.0334],[-117.8293,57.9988]]],[[[-117.9528,58.2781],[-117.9747,58.3011],[-117.9606,58.3227],[-117.949,58.2983],[-117.9528,58.2781]]],[[[-117.1272,58.6943],[-117.1626,58.6705],[-117.1446,58.7096],[-117.1047,58.7154],[-117.0651,58.7039],[-117.1272,58.6943]]]]}},{"type":"Feature","properties":{"key":"hay_river_lowland","name":"Hay River Lowland","where":"north AB","sort":308,"ecozone":"Taiga Plains","ab_subregion":"Lower Boreal Highlands"},"geometry":{"type":"MultiPolygon","coordinates":[[[[-118.2751,57.7922],[-118.2557,57.7965],[-118.2474,57.7958],[-118.2751,57.7922]]],[[[-118.7017,57.6988],[-118.6272,57.7301],[-118.6175,57.7461],[-118.5857,57.7548],[-118.5942,57.7424],[-118.7017,57.6988]]],[[[-118.3062,57.7885],[-118.32,57.787],[-118.3096,57.7885],[-118.3062,57.7885]]],[[[-118.7946,57.9672],[-118.7615,57.9842],[-118.6472,58.0031],[-118.6114,58.0251],[-118.5612,58.0211],[-118.5619,57.9933],[-118.497,57.9849],[-118.6157,57.9718],[-118.6518,57.9587],[-118.6541,57.9456],[-118.6852,57.9284],[-118.6993,57.9325],[-118.6968,57.9238],[-118.7919,57.9452],[-118.7946,57.9672]]],[[[-118.8719,58.0671],[-118.8685,58.0858],[-118.829,58.1141],[-118.8298,58.1294],[-118.9254,58.1757],[-118.9221,58.1927],[-118.8758,58.2376],[-118.9103,58.2689],[-118.978,58.2871],[-119.0418,58.2846],[-119.5272,58.1622],[-119.5692,58.1598],[-119.7403,58.2205],[-120.0,58.1977],[-120.0,58.4386],[-119.9171,58.4779],[-119.8278,58.4937],[-119.7995,58.5135],[-119.7133,58.5373],[-119.5251,58.5614],[-119.3694,58.5972],[-118.7325,58.6509],[-118.6543,58.6442],[-118.6567,58.6206],[-118.6745,58.6181],[-118.668,58.6121],[-118.9711,58.5722],[-118.9937,58.5587],[-119.0112,58.5334],[-119.0082,58.5143],[-119.0203,58.5145],[-119.0254,58.4996],[-118.9707,58.4828],[-118.708,58.4803],[-118.6113,58.4232],[-118.5996,58.3985],[-118.6387,58.3644],[-118.6443,58.3409],[-118.664,58.335],[-118.6621,58.3093],[-118.7833,58.3016],[-118.8145,58.2891],[-118.7857,58.2729],[-118.3054,58.2754],[-118.2202,58.2672],[-118.2004,58.2482],[-118.1083,58.2484],[-118.0714,58.2257],[-118.0905,58.205],[-118.1286,58.2013],[-118.1253,58.1896],[-118.1794,58.1425],[-118.1083,58.1309],[-118.0884,58.1143],[-118.1511,58.1077],[-118.2332,58.0772],[-118.3669,58.0556],[-118.7274,58.1415],[-118.7354,58.1527],[-118.7261,58.1636],[-118.7713,58.1757],[-118.8056,58.159],[-118.7935,58.1155],[-118.8068,58.0683],[-118.7322,58.0477],[-118.8486,58.0429],[-118.8719,58.0671]]],[[[-117.3792,58.7106],[-117.327,58.698],[-117.3121,58.6867],[-117.3129,58.6695],[-117.5915,58.5949],[-117.6932,58.5963],[-117.7262,58.6081],[-117.7166,58.6507],[-117.6506,58.6751],[-117.492,58.7094],[-117.3792,58.7106]]],[[[-119.7011,59.1729],[-119.394,59.1591],[-119.3385,59.1698],[-119.2787,59.2363],[-119.2487,59.2466],[-119.0753,59.216],[-118.8755,59.2103],[-118.5811,59.2587],[-118.3921,59.3114],[-118.3021,59.3501],[-118.2689,59.3836],[-118.1455,59.3894],[-118.0847,59.4092],[-117.783,59.5409],[-117.6756,59.6008],[-118.0206,59.3699],[-118.1792,59.304],[-118.2088,59.3051],[-118.2103,59.2872],[-118.2826,59.257],[-118.5695,59.1833],[-118.8424,59.1369],[-119.0523,59.1641],[-119.4232,59.1244],[-119.6014,59.1207],[-119.6446,59.0974],[-119.8718,59.0941],[-119.882,59.1172],[-119.9436,59.1416],[-120.0,59.1958],[-120.0,59.4687],[-119.9491,59.4005],[-119.944,59.35],[-119.896,59.2936],[-119.8875,59.2656],[-119.8119,59.2036],[-119.7011,59.1729]]],[[[-114.2621,59.4624],[-114.2959,59.4851],[-114.4009,59.5033],[-114.6278,59.5786],[-114.7577,59.5815],[-114.8921,59.6644],[-115.1615,59.7213],[-115.2485,59.7071],[-115.9313,59.5173],[-116.1111,59.4825],[-116.1173,59.4899],[-116.0487,59.5238],[-115.8874,59.5675],[-115.7766,59.6139],[-115.7109,59.6239],[-115.6421,59.6096],[-115.7141,59.6428],[-115.7133,59.6639],[-115.6752,59.681],[-115.5124,59.6947],[-115.3389,59.7309],[-115.1888,59.7366],[-114.951,59.7116],[-114.752,59.7054],[-114.7376,59.6924],[-114.6485,59.6849],[-114.5578,59.6564],[-114.4007,59.5826],[-114.4127,59.5584],[-114.3687,59.5707],[-114.3642,59.5602],[-114.3348,59.5588],[-114.3215,59.5417],[-114.1803,59.4705],[-114.1889,59.461],[-114.1361,59.4426],[-114.1681,59.4391],[-114.1565,59.4236],[-114.0966,59.3791],[-114.2447,59.4257],[-114.2621,59.4624]]],[[[-116.1894,59.4574],[-116.1804,59.459],[-116.1925,59.4549],[-116.1894,59.4574]]],[[[-116.174,59.4612],[-116.1702,59.4678],[-116.1568,59.4672],[-116.174,59.4612]]],[[[-116.1509,59.4692],[-116.1463,59.4724],[-116.1419,59.4723],[-116.1509,59.4692]]],[[[-116.141,59.4726],[-116.141,59.4808],[-116.123,59.4789],[-116.141,59.4726]]],[[[-117.495,59.7379],[-117.4969,59.731],[-117.5064,59.7275],[-117.495,59.7379]]],[[[-117.4929,59.7398],[-117.2809,59.925],[-117.1991,59.9792],[-117.2895,59.915],[-117.3284,59.8593],[-117.3616,59.8432],[-117.4044,59.7934],[-117.4929,59.7398]]]]}},{"type":"Feature","properties":{"key":"hay_river_lowland","name":"Hay River Lowland","where":"north AB","sort":308,"ecozone":"Taiga Plains","ab_subregion":"Northern Mixedwood"},"geometry":{"type":"MultiPolygon","coordinates":[[[[-117.5714,59.6676],[-117.4873,59.7446],[-117.4183,59.7833],[-117.3616,59.8432],[-117.3284,59.8593],[-117.2895,59.915],[-117.1644,59.9997],[-113.1144,59.9989],[-113.082,59.994],[-113.0248,59.9404],[-113.0392,59.9192],[-113.1222,59.8765],[-113.1255,59.8565],[-113.02,59.772],[-113.0235,59.7387],[-113.0954,59.7455],[-113.1139,59.7335],[-113.11,59.7009],[-113.0704,59.6237],[-113.01,59.5341],[-113.0158,59.5162],[-113.0791,59.466],[-113.0723,59.4074],[-113.0847,59.355],[-113.1423,59.3215],[-113.1789,59.2696],[-113.4221,59.2519],[-113.5285,59.2839],[-113.6022,59.3292],[-113.6734,59.3359],[-113.809,59.2878],[-113.7862,59.2512],[-113.8482,59.2711],[-113.8788,59.315],[-113.9287,59.3555],[-113.9708,59.3579],[-113.9929,59.3429],[-114.0966,59.3791],[-114.1565,59.4236],[-114.1681,59.4391],[-114.1361,59.4426],[-114.1889,59.461],[-114.1803,59.4705],[-114.3215,59.5417],[-114.3348,59.5588],[-114.3642,59.5602],[-114.3687,59.5707],[-114.4127,59.5584],[-114.4007,59.5826],[-114.5578,59.6564],[-114.6485,59.6849],[-114.7376,59.6924],[-114.752,59.7054],[-114.951,59.7116],[-115.1888,59.7366],[-115.3141,59.7329],[-115.5124,59.6947],[-115.6752,59.681],[-115.7133,59.6639],[-115.7141,59.6428],[-115.6421,59.6096],[-115.7109,59.6239],[-115.7807,59.6128],[-115.8874,59.5675],[-116.0499,59.5234],[-116.1156,59.4921],[-116.1111,59.4825],[-116.1419,59.4806],[-116.411,59.3701],[-116.6318,59.2396],[-116.7706,59.1101],[-116.8203,59.0404],[-117.005,59.0651],[-117.0903,59.0453],[-117.1469,59.0558],[-117.3341,59.1141],[-117.4435,59.2098],[-117.5626,59.2337],[-117.6844,59.2312],[-117.8317,59.2081],[-117.941,59.1809],[-118.0226,59.1431],[-118.1613,59.1413],[-118.1727,59.1474],[-118.1628,59.172],[-118.2148,59.1765],[-118.29,59.1719],[-118.4327,59.1382],[-118.6324,59.1203],[-118.7424,59.1199],[-118.8332,59.1394],[-118.5695,59.1833],[-118.5265,59.2021],[-118.3264,59.2399],[-118.2103,59.2872],[-118.2088,59.3051],[-118.2022,59.2973],[-118.0716,59.3443],[-117.8722,59.4623],[-117.5714,59.6676]]],[[[-119.9854,59.4854],[-119.8642,59.2491],[-119.8914,59.2699],[-119.896,59.2936],[-119.9341,59.3297],[-119.9491,59.4005],[-119.9974,59.4643],[-120.0,59.4845],[-119.9854,59.4854]]]]}},{"type":"Feature","properties":{"key":"interlake_plain","name":"Interlake Plain","where":"central SK","sort":109,"ecozone":"Boreal Plains","ab_subregion":""},"geometry":{"type":"MultiPolygon","coordinates":[[[[-101.7193,52.7962],[-101.7245,52.8103],[-101.7208,52.8131],[-101.7193,52.7962]]],[[[-101.76,52.8736],[-101.7543,52.8892],[-101.7291,52.9018],[-101.727,52.8796],[-101.76,52.8736]]]]}},{"type":"Feature","properties":{"key":"mid_boreal_lowland","name":"Mid-Boreal Lowland","where":"central SK","sort":110,"ecozone":"Boreal Plains","ab_subregion":""},"geometry":{"type":"Polygon","coordinates":[[[-101.7211,52.7876],[-101.9319,52.774],[-101.986,52.776],[-101.9876,52.7934],[-102.1094,52.7675],[-102.2083,52.778],[-102.1794,52.7582],[-102.2274,52.7656],[-102.2348,52.7831],[-102.2741,52.7973],[-102.2933,52.7875],[-102.2781,52.7661],[-102.3275,52.775],[-102.3719,52.793],[-102.3884,52.814],[-102.382,52.827],[-102.4311,52.8338],[-102.4,52.8513],[-102.382,52.9201],[-102.3519,52.9539],[-102.3566,52.9736],[-102.2884,53.0694],[-102.2633,53.0728],[-102.2522,53.0939],[-102.2002,53.1016],[-102.2359,53.1188],[-102.2069,53.1465],[-102.1564,53.1462],[-102.187,53.1632],[-102.1735,53.1959],[-102.1505,53.1867],[-102.1345,53.1927],[-102.1354,53.2099],[-102.0923,53.2077],[-102.1225,53.2177],[-102.1398,53.2423],[-102.0815,53.2383],[-102.0993,53.2859],[-102.0574,53.2871],[-102.0874,53.3057],[-102.0845,53.3163],[-102.0519,53.3176],[-102.0553,53.3504],[-102.0878,53.3858],[-102.0744,53.3958],[-102.0843,53.4117],[-102.0734,53.4159],[-102.0771,53.4271],[-102.0461,53.4348],[-102.0455,53.4466],[-102.0757,53.4582],[-102.0316,53.4646],[-102.0407,53.4779],[-102.0691,53.4801],[-101.9516,53.4821],[-101.9537,53.5267],[-101.9892,53.4998],[-101.9837,53.527],[-102.0488,53.5543],[-102.0826,53.5977],[-102.1898,53.5971],[-102.2026,53.5825],[-102.2669,53.5809],[-102.2993,53.5635],[-102.3087,53.5732],[-102.3396,53.562],[-102.36,53.5705],[-102.3542,53.5469],[-102.3723,53.5529],[-102.3916,53.5362],[-102.4,53.5526],[-102.4476,53.5693],[-102.4536,53.5533],[-102.5206,53.5205],[-102.6777,53.4742],[-102.6968,53.4637],[-102.7093,53.4353],[-102.7301,53.4375],[-102.7197,53.4519],[-102.7388,53.4656],[-102.7674,53.4586],[-102.783,53.4773],[-102.8028,53.46],[-102.7675,53.4454],[-102.7954,53.4416],[-102.7809,53.4278],[-102.7994,53.4187],[-102.8102,53.4406],[-102.8274,53.4371],[-102.8589,53.4683],[-102.8997,53.4524],[-102.9171,53.4676],[-102.9299,53.4556],[-103.021,53.5093],[-102.9928,53.5182],[-103.0614,53.5892],[-103.0664,53.6647],[-103.0476,53.6992],[-103.0774,53.6828],[-103.0768,53.6262],[-103.1126,53.6279],[-103.1009,53.6528],[-103.112,53.6651],[-103.127,53.6531],[-103.1408,53.6607],[-103.1478,53.6461],[-103.1924,53.6527],[-103.1628,53.6771],[-103.1756,53.6892],[-103.106,53.6837],[-103.0785,53.7237],[-103.1063,53.7912],[-103.1319,53.7987],[-103.1401,53.7879],[-103.152,53.7972],[-103.1694,53.7594],[-103.2776,53.7733],[-103.2097,53.7451],[-103.2197,53.7286],[-103.3286,53.7748],[-103.331,53.766],[-103.3679,53.7788],[-103.3889,53.7747],[-103.3716,53.7398],[-103.3899,53.7249],[-103.4148,53.7311],[-103.3946,53.741],[-103.4112,53.7502],[-103.4454,53.7396],[-103.4182,53.7172],[-103.4418,53.704],[-103.4745,53.7158],[-103.5204,53.7034],[-103.5338,53.7137],[-103.6154,53.6839],[-103.6755,53.7039],[-103.6984,53.6946],[-103.6862,53.6847],[-103.7036,53.6725],[-103.6969,53.6482],[-103.7879,53.6128],[-103.8305,53.6144],[-103.8734,53.6453],[-103.8808,53.6235],[-103.9467,53.6427],[-104.0581,53.6149],[-103.9176,53.694],[-103.8915,53.722],[-103.9162,53.7324],[-103.9828,53.7281],[-104.0321,53.7577],[-104.1221,53.7808],[-104.1487,53.7621],[-104.1781,53.7634],[-104.2154,53.7912],[-104.3566,53.8432],[-104.393,53.8953],[-104.3687,53.9056],[-104.3851,53.92],[-104.3697,53.925],[-104.3973,53.9248],[-104.3991,53.9469],[-104.4395,53.9735],[-104.4649,53.9829],[-104.4827,53.9529],[-104.5284,53.9842],[-104.5403,53.9963],[-104.517,54.0287],[-104.562,54.0756],[-104.5245,54.0582],[-104.5088,54.0779],[-104.4245,54.0439],[-104.4639,54.1203],[-104.4319,54.1472],[-104.3529,54.1568],[-104.3624,54.1729],[-104.3415,54.1834],[-104.3425,54.209],[-104.3151,54.2402],[-104.285,54.241],[-104.238,54.204],[-104.2168,54.2015],[-104.207,54.235],[-104.228,54.2628],[-104.179,54.3052],[-104.1734,54.378],[-104.1833,54.4576],[-104.2193,54.5047],[-104.2229,54.5866],[-104.1872,54.6108],[-104.104,54.6277],[-104.079,54.649],[-104.1072,54.7364],[-104.1636,54.695],[-104.1241,54.7483],[-104.1235,54.8094],[-104.1607,54.859],[-104.1554,54.8984],[-104.0812,54.8762],[-104.0648,54.8892],[-103.9569,54.8872],[-103.8615,54.8579],[-103.8557,54.8295],[-103.8207,54.8127],[-103.8797,54.7538],[-103.8353,54.755],[-103.815,54.7693],[-103.7617,54.7402],[-103.7459,54.7561],[-103.7342,54.7334],[-103.6431,54.7054],[-103.6913,54.642],[-103.5598,54.5833],[-103.5213,54.6367],[-103.4089,54.6896],[-103.3219,54.6693],[-103.3098,54.6752],[-103.3128,54.6955],[-103.2965,54.7021],[-103.258,54.7017],[-103.2335,54.6855],[-103.2072,54.6995],[-103.1895,54.6894],[-103.1745,54.7024],[-103.1603,54.6761],[-103.1035,54.6941],[-103.0898,54.6816],[-103.073,54.6968],[-103.0717,54.6794],[-103.0426,54.6637],[-103.0313,54.665],[-103.0218,54.6898],[-103.0074,54.6906],[-103.0081,54.6614],[-102.9791,54.6961],[-102.9586,54.6773],[-102.9245,54.6938],[-102.9219,54.6691],[-102.9007,54.6827],[-102.901,54.6548],[-102.8377,54.6508],[-102.8163,54.6379],[-102.773,54.6482],[-102.7687,54.6598],[-102.7007,54.6632],[-102.723,54.6289],[-102.698,54.6266],[-102.7114,54.6119],[-102.6954,54.602],[-102.6608,54.6201],[-102.6474,54.6511],[-102.6316,54.6202],[-102.5765,54.6214],[-102.5842,54.5991],[-102.5441,54.5972],[-102.5392,54.5591],[-102.5157,54.5732],[-102.4524,54.574],[-102.4052,54.5415],[-102.3789,54.5048],[-102.2941,54.4931],[-102.1606,54.5175],[-102.1246,54.5436],[-102.0999,54.5326],[-101.956,54.5969],[-101.8826,54.5472],[-101.7291,52.9018],[-101.7618,52.8768],[-101.727,52.8796],[-101.7211,52.7876]]]}},{"type":"Feature","properties":{"key":"mid_boreal_uplands","name":"Mid-Boreal Uplands","where":"central AB / SK","sort":111,"ecozone":"Boreal Plains","ab_subregion":""},"geometry":{"type":"MultiPolygon","coordinates":[[[[-101.6488,51.5346],[-101.7149,51.5269],[-101.7827,51.5547],[-101.8177,51.6256],[-101.805,51.645],[-101.77,51.6587],[-101.81,51.703],[-101.7871,51.7611],[-101.7,51.8236],[-101.7032,51.8558],[-101.6322,51.8629],[-101.5984,51.5015],[-101.6488,51.5346]]],[[[-101.6892,52.2114],[-101.7643,52.1282],[-101.873,52.1007],[-101.9294,52.0696],[-101.9582,52.0249],[-101.9959,52.0545],[-101.9964,52.0924],[-102.0492,52.1133],[-102.0211,52.1672],[-102.0635,52.1802],[-102.0813,52.2029],[-102.1197,52.1902],[-102.1525,52.1966],[-102.1604,52.1457],[-102.2051,52.1143],[-102.1793,52.0896],[-102.1842,52.0575],[-102.2119,52.0598],[-102.2234,52.0485],[-102.2774,52.0628],[-102.2575,52.079],[-102.2655,52.0929],[-102.3074,52.0537],[-102.3663,52.0726],[-102.3762,52.0613],[-102.4177,52.0636],[-102.4473,52.1183],[-102.465,52.1119],[-102.4907,52.0746],[-102.5088,52.0801],[-102.5289,52.1145],[-102.5823,52.1335],[-102.6006,52.1298],[-102.593,52.1104],[-102.6027,52.1082],[-102.6313,52.1219],[-102.6338,52.1678],[-102.6525,52.1881],[-102.7011,52.145],[-102.7808,52.1516],[-102.7823,52.0931],[-102.7942,52.0755],[-102.8592,52.1203],[-102.8835,52.1198],[-102.8919,52.1118],[-102.8472,52.097],[-102.9032,52.0567],[-102.9718,52.0372],[-103.0314,52.0358],[-103.2106,52.1173],[-103.4335,52.177],[-103.5061,52.217],[-103.5185,52.2373],[-103.5596,52.2431],[-103.5381,52.277],[-103.4887,52.2478],[-103.4384,52.2449],[-103.4659,52.2869],[-103.4414,52.3774],[-103.4706,52.3784],[-103.5022,52.343],[-103.5204,52.3555],[-103.5795,52.3474],[-103.5707,52.3584],[-103.6098,52.3954],[-103.6231,52.4515],[-103.6441,52.464],[-103.6511,52.5305],[-103.6792,52.5581],[-103.6182,52.6094],[-103.5418,52.5727],[-103.5843,52.5578],[-103.5165,52.5496],[-103.5014,52.5619],[-103.4178,52.5696],[-103.3133,52.5461],[-103.1748,52.555],[-103.0364,52.4848],[-102.9137,52.4949],[-102.7754,52.4447],[-102.6644,52.4353],[-102.6412,52.4601],[-102.6223,52.4551],[-102.5714,52.4782],[-102.5064,52.5306],[-102.4027,52.519],[-102.3228,52.5524],[-102.2898,52.5828],[-102.2157,52.5916],[-102.2015,52.6036],[-102.2107,52.6122],[-102.202,52.6258],[-102.1288,52.666],[-102.1261,52.6919],[-101.9726,52.7271],[-101.897,52.7761],[-101.7185,52.7876],[-101.6655,52.22],[-101.6892,52.2114]]],[[[-102.6482,53.4798],[-102.5206,53.5205],[-102.4536,53.5533],[-102.4436,53.5702],[-102.4,53.5526],[-102.3916,53.5362],[-102.3723,53.5529],[-102.3542,53.5469],[-102.36,53.5705],[-102.3396,53.562],[-102.3087,53.5732],[-102.2993,53.5635],[-102.2669,53.5809],[-102.2026,53.5825],[-102.1898,53.5971],[-102.1033,53.6003],[-102.0647,53.5858],[-102.0488,53.5543],[-101.9837,53.527],[-101.9892,53.4998],[-101.9537,53.5267],[-101.9494,53.4879],[-101.9832,53.474],[-102.0691,53.4801],[-102.0407,53.4779],[-102.0316,53.4646],[-102.0757,53.4582],[-102.0455,53.4466],[-102.0461,53.4348],[-102.0771,53.4271],[-102.0734,53.4159],[-102.0843,53.4117],[-102.0744,53.3958],[-102.0878,53.3858],[-102.0553,53.3504],[-102.0519,53.3176],[-102.0845,53.3163],[-102.0874,53.3057],[-102.0574,53.2871],[-102.0993,53.2859],[-102.0815,53.2383],[-102.1398,53.2423],[-102.1225,53.2177],[-102.0923,53.2077],[-102.1354,53.2099],[-102.1345,53.1927],[-102.1505,53.1867],[-102.1694,53.1979],[-102.1843,53.1836],[-102.1857,53.1602],[-102.1564,53.1462],[-102.2014,53.149],[-102.2346,53.1236],[-102.2002,53.1016],[-102.2522,53.0939],[-102.2692,53.0699],[-102.2884,53.0694],[-102.2966,53.0823],[-102.3922,53.026],[-102.5162,53.0099],[-102.6618,52.9164],[-102.8775,52.9148],[-102.9848,52.9003],[-103.0186,52.9245],[-103.064,52.9237],[-103.0612,52.9429],[-103.0863,52.9777],[-103.1801,52.9763],[-103.2359,53.0046],[-103.2376,53.0451],[-103.2719,53.0768],[-103.142,53.0914],[-103.0943,53.1199],[-102.9752,53.1525],[-102.9502,53.177],[-102.9584,53.1986],[-102.8999,53.2138],[-102.8728,53.2346],[-102.7991,53.2495],[-102.7269,53.2867],[-102.69,53.3167],[-102.7076,53.3164],[-102.6989,53.333],[-102.6508,53.3655],[-102.712,53.3663],[-102.7424,53.4008],[-102.653,53.4375],[-102.6795,53.4462],[-102.6482,53.4798]]],[[[-109.4394,53.6604],[-109.6007,53.6373],[-109.7147,53.6537],[-109.6474,53.7097],[-109.6446,53.7288],[-109.6639,53.7534],[-109.7794,53.8494],[-109.8821,53.8844],[-109.9501,53.866],[-109.9661,53.8776],[-109.9647,53.8915],[-109.9437,53.9128],[-109.8474,53.9507],[-109.7743,54.0221],[-109.7287,53.9611],[-109.6699,53.9483],[-109.6252,53.9559],[-109.58,53.9882],[-109.5763,54.01],[-109.5917,54.0368],[-109.5354,54.0439],[-109.4852,54.0953],[-109.5219,54.1579],[-109.4786,54.165],[-109.4582,54.1937],[-109.4131,54.1862],[-109.2936,54.2233],[-109.2456,54.224],[-109.203,54.252],[-109.1591,54.2606],[-109.1526,54.2455],[-109.1791,54.2317],[-109.1623,54.1869],[-109.0829,54.1627],[-109.0982,54.1366],[-109.08,54.1019],[-109.1525,53.9915],[-109.1536,53.9469],[-109.1773,53.8897],[-109.1495,53.8691],[-109.043,53.8854],[-108.9518,53.8637],[-108.9059,53.8754],[-108.846,53.9125],[-108.8007,53.9814],[-108.7448,54.0016],[-108.6552,54.062],[-108.4978,54.0611],[-108.463,54.0435],[-108.375,54.0435],[-108.2742,54.0654],[-108.213,54.0573],[-108.1996,54.0705],[-108.2051,54.0955],[-108.1638,54.0974],[-108.0836,54.0814],[-107.9992,54.0383],[-107.9597,54.0412],[-107.969,54.0164],[-107.9484,54.001],[-107.8984,54.0109],[-107.8417,53.9607],[-107.8746,53.9528],[-107.8704,53.974],[-107.9016,53.9745],[-107.8869,53.964],[-107.8976,53.9561],[-107.8918,53.9402],[-107.8296,53.9466],[-107.9088,53.9248],[-107.9333,53.9893],[-107.9559,53.9828],[-107.96,53.9436],[-107.9794,53.9223],[-107.9726,53.8855],[-107.95,53.8519],[-107.9273,53.847],[-107.9313,53.8315],[-107.9177,53.8228],[-107.9593,53.7618],[-107.98,53.75],[-107.9785,53.7029],[-107.9437,53.6774],[-107.9305,53.6053],[-107.8929,53.6084],[-107.8579,53.5857],[-107.8758,53.5568],[-107.8242,53.5557],[-107.8476,53.5396],[-107.8012,53.5191],[-107.7949,53.4913],[-107.7702,53.4835],[-107.7752,53.4712],[-107.7499,53.4483],[-107.7625,53.4284],[-107.7558,53.4143],[-107.7902,53.4153],[-107.9115,53.3404],[-107.9472,53.3333],[-108.0312,53.3583],[-108.0339,53.378],[-108.0021,53.4131],[-108.0166,53.4383],[-108.1075,53.4223],[-108.1262,53.4514],[-108.1682,53.4591],[-108.2155,53.4368],[-108.2351,53.4398],[-108.2869,53.4948],[-108.3901,53.4966],[-108.4506,53.5193],[-108.5226,53.4808],[-108.572,53.4885],[-108.6551,53.4498],[-108.7636,53.4717],[-108.8038,53.5023],[-108.8807,53.5057],[-108.8897,53.5196],[-108.8686,53.5482],[-108.8789,53.5694],[-108.9632,53.6912],[-108.9946,53.7138],[-109.1886,53.6335],[-109.2969,53.6774],[-109.3578,53.6748],[-109.3971,53.6507],[-109.4394,53.6604]]],[[[-110.006,57.8991],[-109.9023,57.7957],[-109.8925,57.7712],[-109.9059,57.7395],[-109.9432,57.7047],[-109.9162,57.6707],[-109.7733,57.6634],[-109.7125,57.6878],[-109.4872,57.7234],[-109.4609,57.7126],[-109.4531,57.6782],[-109.3938,57.6505],[-109.3797,57.6717],[-109.4073,57.7123],[-109.3987,57.7244],[-109.3513,57.75],[-109.2656,57.7626],[-109.2464,57.7584],[-109.2519,57.7406],[-109.2336,57.7325],[-109.1335,57.7457],[-109.1279,57.7325],[-109.1471,57.6867],[-109.1198,57.6497],[-109.0643,57.6292],[-109.0266,57.635],[-109.0115,57.6126],[-108.9786,57.5974],[-108.9299,57.5913],[-108.9782,57.5777],[-108.995,57.5169],[-109.0758,57.4979],[-108.9998,57.4799],[-109.0272,57.4563],[-109.1466,57.4434],[-109.243,57.3946],[-109.1787,57.3574],[-109.1005,57.3335],[-109.1033,57.3128],[-109.0901,57.2996],[-109.0364,57.2918],[-109.0352,57.2527],[-109.0012,57.2215],[-108.8957,57.1892],[-108.8753,57.1646],[-108.9275,57.1299],[-108.9385,57.099],[-108.9906,57.037],[-109.002,57.0144],[-108.9922,57.0042],[-109.0324,56.9848],[-109.0499,56.9609],[-109.1412,56.931],[-109.1693,56.8713],[-108.9847,56.9057],[-108.9334,56.9053],[-108.9226,56.8945],[-108.8455,56.908],[-108.8068,56.901],[-108.7977,56.8564],[-108.8186,56.861],[-108.8523,56.8436],[-108.9376,56.8558],[-109.0322,56.836],[-109.0087,56.8041],[-109.0368,56.7916],[-109.0422,56.7685],[-109.0763,56.7604],[-109.0631,56.746],[-109.0294,56.7572],[-108.9766,56.7515],[-108.954,56.7704],[-108.9724,56.7635],[-108.9888,56.7847],[-108.9535,56.7879],[-108.9524,56.7769],[-108.9184,56.7701],[-108.8945,56.7473],[-108.939,56.6946],[-108.9247,56.6766],[-108.9548,56.6425],[-108.8927,56.6514],[-108.8463,56.615],[-108.8178,56.6292],[-108.7875,56.6199],[-108.8017,56.5999],[-108.7702,56.5928],[-108.7577,56.5678],[-108.7189,56.5699],[-108.702,56.5913],[-108.6576,56.5597],[-108.6151,56.5584],[-108.6104,56.5374],[-108.5874,56.5254],[-108.4733,56.5146],[-108.4728,56.4903],[-108.4482,56.4669],[-108.5135,56.4174],[-108.5142,56.3114],[-108.4198,56.2412],[-108.2825,56.1754],[-108.243,56.1221],[-108.1634,56.1203],[-108.1648,56.1362],[-108.1166,56.1941],[-108.101,56.2369],[-108.0456,56.2637],[-107.9967,56.2672],[-107.9468,56.2523],[-107.931,56.2083],[-107.8371,56.1819],[-107.7552,56.1126],[-107.7278,56.11],[-107.7424,56.0786],[-107.6573,56.0075],[-107.6707,55.9894],[-107.6463,55.9499],[-107.6646,55.9429],[-107.667,55.9188],[-107.6851,55.9087],[-107.6421,55.899],[-107.5566,55.8467],[-107.4595,55.8452],[-107.3732,55.8787],[-107.3074,55.8645],[-107.2851,55.8187],[-107.2521,55.8152],[-107.2565,55.8342],[-107.247,55.8385],[-107.2086,55.8052],[-107.1861,55.8151],[-107.1634,55.8087],[-107.1346,55.7766],[-107.0579,55.7514],[-107.0424,55.7246],[-107.0455,55.692],[-106.9892,55.6376],[-106.8537,55.6523],[-106.8346,55.6182],[-106.7657,55.5826],[-106.7631,55.5001],[-106.7049,55.5442],[-106.6788,55.5268],[-106.6859,55.5108],[-106.6661,55.4807],[-106.5992,55.4622],[-106.5704,55.4664],[-106.5577,55.4864],[-106.5043,55.5099],[-106.4709,55.4927],[-106.4536,55.444],[-106.4366,55.437],[-106.4034,55.4505],[-106.3809,55.5239],[-106.3494,55.5222],[-106.3308,55.5078],[-106.3395,55.4947],[-106.3296,55.486],[-106.2824,55.5164],[-106.2488,55.498],[-106.1994,55.4931],[-106.1774,55.4582],[-106.1629,55.4681],[-106.1277,55.4571],[-106.067,55.4671],[-106.0565,55.4629],[-106.0666,55.4501],[-106.0295,55.4583],[-105.9715,55.4445],[-105.9351,55.4193],[-105.9072,55.4303],[-105.866,55.4255],[-105.8502,55.3885],[-105.8626,55.353],[-105.8465,55.3382],[-105.8649,55.3295],[-105.8615,55.3123],[-105.8036,55.3016],[-105.782,55.327],[-105.7301,55.2899],[-105.6721,55.2774],[-105.648,55.2599],[-105.5712,55.2562],[-105.5725,55.2415],[-105.6184,55.221],[-105.6579,55.2369],[-105.6748,55.1997],[-105.7311,55.1722],[-105.7447,55.1439],[-105.5646,55.1059],[-105.4641,55.1389],[-105.4216,55.1356],[-105.4167,55.1549],[-105.3812,55.1804],[-105.3391,55.1619],[-105.298,55.1191],[-105.2924,55.0975],[-105.1924,55.0515],[-105.0932,55.0212],[-104.8815,54.9929],[-104.8349,54.9546],[-104.8304,54.931],[-104.722,54.9202],[-104.6917,54.8987],[-104.4951,54.937],[-104.1319,54.9234],[-104.1107,54.8873],[-104.1554,54.8984],[-104.1607,54.859],[-104.1235,54.8094],[-104.1241,54.7483],[-104.1641,54.6975],[-104.1462,54.6984],[-104.1048,54.735],[-104.079,54.649],[-104.104,54.6277],[-104.1872,54.6108],[-104.2229,54.5866],[-104.2193,54.5047],[-104.1833,54.4576],[-104.1734,54.378],[-104.179,54.3052],[-104.228,54.2628],[-104.207,54.235],[-104.2168,54.2015],[-104.238,54.204],[-104.285,54.241],[-104.3151,54.2402],[-104.3425,54.209],[-104.3415,54.1834],[-104.3624,54.1729],[-104.3529,54.1568],[-104.4319,54.1472],[-104.4639,54.1203],[-104.4245,54.0439],[-104.5088,54.0779],[-104.5245,54.0582],[-104.5431,54.0737],[-104.5654,54.0716],[-104.517,54.0287],[-104.5403,53.9963],[-104.5284,53.9842],[-104.4827,53.9529],[-104.4697,53.9795],[-104.4524,53.9811],[-104.3991,53.9469],[-104.3973,53.9248],[-104.3697,53.925],[-104.3851,53.92],[-104.3687,53.9056],[-104.393,53.8953],[-104.3566,53.8432],[-104.2011,53.7816],[-104.183,53.7662],[-104.2259,53.7716],[-104.2358,53.7597],[-104.185,53.7512],[-104.2318,53.7437],[-104.1545,53.6937],[-104.3254,53.6765],[-104.4674,53.6118],[-104.6052,53.6157],[-104.6264,53.6049],[-104.6979,53.618],[-104.7539,53.609],[-104.8227,53.5672],[-104.8267,53.5381],[-104.8492,53.5183],[-104.9742,53.4894],[-104.9959,53.4898],[-105.0401,53.5287],[-105.0908,53.5042],[-105.1313,53.5159],[-105.1694,53.5048],[-105.1865,53.5153],[-105.2169,53.5092],[-105.2186,53.5301],[-105.2324,53.5375],[-105.3343,53.5121],[-105.4996,53.58],[-105.5526,53.6309],[-105.6643,53.5825],[-105.6575,53.5613],[-105.6922,53.5304],[-105.677,53.5101],[-105.7069,53.512],[-105.7197,53.493],[-105.7245,53.4545],[-105.7064,53.415],[-105.7232,53.4071],[-105.7652,53.4273],[-105.8075,53.4936],[-105.8478,53.4818],[-105.8728,53.4944],[-105.8796,53.5092],[-105.8688,53.5387],[-105.9618,53.5475],[-105.9813,53.5852],[-106.0094,53.6053],[-106.0476,53.6029],[-106.0599,53.572],[-106.1345,53.5823],[-106.1544,53.5758],[-106.1274,53.5655],[-106.2428,53.5567],[-106.4223,53.5947],[-106.4463,53.6176],[-106.4651,53.6085],[-106.4935,53.6183],[-106.5211,53.6585],[-106.5485,53.6606],[-106.5843,53.6884],[-106.5913,53.6738],[-106.6205,53.716],[-106.6651,53.7419],[-106.6645,53.7265],[-106.6736,53.7273],[-106.7234,53.7681],[-106.7735,53.7869],[-106.7852,53.8091],[-106.8326,53.8228],[-106.8771,53.8612],[-106.9293,53.8763],[-106.9854,53.9705],[-107.0035,53.9211],[-107.0488,53.9007],[-107.0764,53.8621],[-107.1369,53.9138],[-107.1759,53.9301],[-107.2343,53.8818],[-107.2103,53.8555],[-107.1805,53.8709],[-107.1428,53.8501],[-107.0728,53.7849],[-107.0819,53.7666],[-107.127,53.766],[-107.1818,53.8354],[-107.2532,53.8388],[-107.2386,53.8022],[-107.1944,53.7725],[-107.2147,53.7593],[-107.1734,53.7406],[-107.1944,53.7141],[-107.1197,53.6848],[-107.0891,53.6512],[-107.0485,53.6383],[-107.0262,53.6007],[-107.0541,53.5734],[-107.0776,53.5058],[-107.159,53.5065],[-107.1854,53.4864],[-107.1839,53.4782],[-107.1484,53.4869],[-107.1496,53.4728],[-107.1178,53.4587],[-107.1425,53.4509],[-107.1147,53.4257],[-107.1449,53.4291],[-107.1103,53.3961],[-107.1131,53.3533],[-107.2508,53.3271],[-107.257,53.3547],[-107.248,53.3651],[-107.331,53.3852],[-107.3465,53.3965],[-107.3355,53.4145],[-107.3986,53.4155],[-107.4003,53.4262],[-107.3878,53.4241],[-107.3909,53.4496],[-107.3692,53.4414],[-107.363,53.4503],[-107.4054,53.4699],[-107.4033,53.4841],[-107.4168,53.4929],[-107.4587,53.5092],[-107.4826,53.557],[-107.5006,53.5578],[-107.4679,53.5773],[-107.4658,53.5886],[-107.4937,53.6147],[-107.4548,53.6397],[-107.4501,53.6774],[-107.5088,53.6743],[-107.5137,53.6988],[-107.5745,53.7111],[-107.6361,53.7],[-107.6373,53.7679],[-107.5379,53.7926],[-107.6055,53.838],[-107.5457,53.8342],[-107.5723,53.8655],[-107.6638,53.8783],[-107.667,53.8946],[-107.7151,53.9175],[-107.7204,53.9419],[-107.7724,53.9716],[-107.7949,54.0019],[-107.7744,54.0296],[-107.6939,54.0531],[-107.8346,54.1246],[-107.9415,54.1436],[-107.9527,54.1714],[-107.9904,54.1927],[-108.0362,54.191],[-108.146,54.2343],[-108.1965,54.2465],[-108.2232,54.2374],[-108.2467,54.2639],[-108.3141,54.2672],[-108.3359,54.3243],[-108.358,54.3292],[-108.3589,54.3441],[-108.3744,54.3514],[-108.371,54.376],[-108.3389,54.3822],[-108.3042,54.4074],[-108.3204,54.4252],[-108.4221,54.4447],[-108.4046,54.4236],[-108.4288,54.4145],[-108.4596,54.4225],[-108.493,54.4117],[-108.693,54.4061],[-108.7146,54.4171],[-108.7052,54.4347],[-108.7463,54.5013],[-108.8111,54.4957],[-108.9495,54.4333],[-109.021,54.449],[-109.0717,54.4378],[-109.0778,54.4314],[-109.0595,54.4185],[-109.0711,54.4024],[-109.152,54.4114],[-109.1843,54.4469],[-109.3131,54.4725],[-109.4099,54.4344],[-109.4584,54.4304],[-109.6276,54.4813],[-109.6461,54.4542],[-109.7779,54.4087],[-109.8781,54.4244],[-109.9308,54.419],[-110.0058,54.4434],[-110.006,57.8991]]]]}},{"type":"Feature","properties":{"key":"mid_boreal_uplands","name":"Mid-Boreal Uplands","where":"central AB / SK","sort":111,"ecozone":"Boreal Plains","ab_subregion":"Athabasca Plain"},"geometry":{"type":"MultiPolygon","coordinates":[[[[-110.1644,57.9169],[-110.0764,57.9261],[-110.006,57.8991],[-110.0058,56.7168],[-110.12,56.7449],[-110.2242,56.8039],[-110.3557,56.8233],[-110.3608,56.8622],[-110.4182,56.8772],[-110.3985,56.8966],[-110.4326,56.8799],[-110.4217,56.9129],[-110.3551,56.962],[-110.3142,56.9613],[-110.3017,56.9717],[-110.3494,57.0297],[-110.3405,57.0761],[-110.2938,57.0681],[-110.2736,57.1071],[-110.3607,57.2181],[-110.3203,57.2096],[-110.3172,57.2427],[-110.2523,57.2441],[-110.2347,57.255],[-110.2853,57.2974],[-110.2356,57.3445],[-110.2664,57.3543],[-110.3611,57.3304],[-110.4153,57.3312],[-110.5031,57.3918],[-110.4465,57.4105],[-110.406,57.3994],[-110.3324,57.4093],[-110.23,57.4365],[-110.3007,57.4717],[-110.5483,57.4852],[-110.569,57.5015],[-110.4729,57.5799],[-110.285,57.6266],[-110.2206,57.6207],[-110.2035,57.6317],[-110.2157,57.6495],[-110.2083,57.6582],[-110.1431,57.7128],[-110.0751,57.7482],[-110.1195,57.7488],[-110.1834,57.7184],[-110.1888,57.7324],[-110.16,57.7545],[-110.068,57.7812],[-110.1534,57.8276],[-110.2152,57.8427],[-110.2503,57.8731],[-110.2877,57.8776],[-110.2861,57.9141],[-110.4441,57.9149],[-110.4109,57.9338],[-110.3228,57.9299],[-110.2165,57.8877],[-110.1644,57.9169]]],[[[-111.0329,57.5382],[-111.0443,57.4844],[-111.0278,57.4704],[-111.0681,57.4634],[-111.0329,57.5382]]],[[[-110.7553,57.8912],[-110.7193,57.9134],[-110.6514,57.9293],[-110.4944,57.9189],[-110.5322,57.8917],[-110.6223,57.9139],[-110.661,57.8746],[-110.7553,57.8912]]]]}},{"type":"Feature","properties":{"key":"mid_boreal_uplands","name":"Mid-Boreal Uplands","where":"central AB / SK","sort":111,"ecozone":"Boreal Plains","ab_subregion":"Central Mixedwood"},"geometry":{"type":"MultiPolygon","coordinates":[[[[-113.5838,55.7198],[-113.3806,55.6974],[-113.2361,55.7043],[-113.13,55.6799],[-113.0932,55.66],[-113.0368,55.5478],[-112.7627,55.3958],[-112.7431,55.3685],[-112.7137,55.2703],[-112.7623,55.2537],[-112.8108,55.1723],[-112.8703,55.1156],[-112.9461,55.0547],[-113.0601,54.9879],[-113.1313,54.9566],[-113.1849,54.9816],[-113.2379,54.9795],[-113.2547,54.9674],[-113.247,54.9334],[-113.3097,54.9419],[-113.3087,54.907],[-113.359,54.8855],[-113.398,54.8895],[-113.4172,54.8629],[-113.5803,54.8673],[-113.594,54.8401],[-113.5101,54.7573],[-113.5192,54.7255],[-113.5484,54.7136],[-113.5192,54.6984],[-113.5816,54.6112],[-113.7633,54.448],[-113.7691,54.4259],[-113.8039,54.4333],[-113.8124,54.524],[-113.8465,54.5666],[-113.9036,54.5833],[-113.9894,54.5568],[-113.9876,54.568],[-114.0052,54.5718],[-114.0498,54.5644],[-114.0696,54.5837],[-114.1634,54.5557],[-114.1862,54.5214],[-114.2195,54.524],[-114.2861,54.4997],[-114.283,54.4746],[-114.2368,54.4753],[-114.2319,54.4643],[-114.2643,54.4407],[-114.3362,54.4379],[-114.4064,54.4527],[-114.4384,54.4446],[-114.5416,54.3548],[-114.5489,54.3448],[-114.5232,54.3232],[-114.5589,54.2995],[-114.5696,54.2691],[-114.682,54.2199],[-114.7475,54.2118],[-114.9203,54.2346],[-115.1475,54.1629],[-115.3356,54.1447],[-115.378,54.1292],[-115.4672,54.1358],[-115.5633,54.0877],[-115.6108,54.0876],[-115.6818,54.1106],[-115.7705,54.1062],[-115.8089,54.0833],[-115.8116,54.0695],[-115.8475,54.0621],[-115.8177,54.0942],[-115.8217,54.1029],[-115.7935,54.1226],[-115.7411,54.125],[-115.7432,54.1386],[-115.8353,54.1525],[-115.8692,54.1702],[-116.0047,54.1633],[-116.0852,54.2109],[-116.1441,54.2163],[-116.1839,54.2344],[-116.0907,54.2307],[-116.01,54.183],[-115.7756,54.1881],[-115.8124,54.2263],[-115.8041,54.2319],[-115.7214,54.18],[-115.6475,54.167],[-115.5931,54.172],[-115.452,54.2037],[-115.4404,54.2342],[-115.3937,54.2347],[-115.41,54.2524],[-115.3524,54.2591],[-115.347,54.2496],[-115.3307,54.265],[-115.2813,54.2678],[-115.2522,54.285],[-115.2562,54.2958],[-115.2299,54.299],[-115.232,54.3224],[-115.1252,54.3343],[-115.0929,54.3625],[-114.9976,54.3664],[-114.9294,54.3895],[-114.9699,54.428],[-115.0743,54.4867],[-115.0585,54.4925],[-115.0246,54.4751],[-114.9715,54.4314],[-114.9225,54.4243],[-114.8301,54.4695],[-114.8012,54.5022],[-114.7447,54.5109],[-114.7403,54.5322],[-114.7264,54.5364],[-114.7363,54.5594],[-114.7741,54.5612],[-114.7604,54.5831],[-114.7752,54.5993],[-114.8021,54.6022],[-114.7948,54.6155],[-114.8178,54.6336],[-114.7407,54.6093],[-114.7097,54.6691],[-114.6919,54.743],[-114.7345,54.7695],[-114.7532,54.7455],[-114.799,54.7302],[-114.6027,54.8544],[-114.5547,54.9023],[-114.5045,54.9162],[-114.4588,54.9601],[-114.4517,55.0163],[-114.4299,55.0517],[-114.3679,55.0651],[-114.3438,55.0928],[-114.3565,55.1153],[-114.3332,55.1536],[-114.342,55.1703],[-114.398,55.1832],[-114.4314,55.2325],[-114.4992,55.2378],[-114.6238,55.2214],[-114.6724,55.2364],[-114.7314,55.2169],[-114.7595,55.2341],[-114.7771,55.287],[-114.6759,55.2922],[-114.6303,55.3158],[-114.6139,55.3383],[-114.6099,55.3643],[-114.6593,55.4075],[-114.6306,55.4127],[-114.6207,55.4305],[-114.4986,55.3981],[-114.4807,55.3966],[-114.4713,55.4106],[-114.4475,55.4038],[-114.4365,55.3845],[-114.3893,55.3899],[-114.3684,55.4101],[-114.3159,55.4055],[-114.3109,55.4305],[-114.3581,55.4464],[-114.3165,55.4446],[-114.337,55.4583],[-114.3329,55.4817],[-114.3181,55.4894],[-114.2754,55.4498],[-114.2315,55.457],[-114.1967,55.4385],[-114.1425,55.4352],[-114.0759,55.46],[-114.0816,55.4467],[-114.0563,55.401],[-114.0174,55.4031],[-114.0011,55.4272],[-113.9443,55.3964],[-113.883,55.403],[-113.8294,55.4185],[-113.8157,55.4394],[-113.8321,55.4555],[-113.8005,55.4624],[-113.8208,55.4797],[-113.7909,55.4766],[-113.7741,55.4888],[-113.7235,55.46],[-113.6394,55.4557],[-113.5852,55.486],[-113.6117,55.4911],[-113.5724,55.4898],[-113.5818,55.5006],[-113.5688,55.5112],[-113.5479,55.5069],[-113.5497,55.4873],[-113.5359,55.507],[-113.479,55.5119],[-113.4473,55.5644],[-113.4108,55.5501],[-113.3348,55.5695],[-113.3177,55.5426],[-113.2974,55.5451],[-113.2861,55.5284],[-113.2416,55.5381],[-113.2449,55.5531],[-113.2093,55.603],[-113.1921,55.556],[-113.1679,55.5583],[-113.1501,55.5455],[-113.1312,55.575],[-113.1203,55.6361],[-113.1332,55.6303],[-113.1341,55.6604],[-113.1529,55.6749],[-113.1862,55.6694],[-113.2039,55.6473],[-113.2301,55.6722],[-113.2553,55.6728],[-113.278,55.6297],[-113.3065,55.646],[-113.323,55.6839],[-113.3685,55.681],[-113.3819,55.6625],[-113.3759,55.6475],[-113.4516,55.6752],[-113.4862,55.6665],[-113.5315,55.6853],[-113.5882,55.6842],[-113.6009,55.6714],[-113.6064,55.6836],[-113.6244,55.6721],[-113.6249,55.685],[-113.717,55.6958],[-113.7398,55.6803],[-113.737,55.6883],[-113.7597,55.69],[-113.8497,55.6832],[-113.6857,55.7145],[-113.5838,55.7198]]],[[[-114.8198,55.5429],[-114.7993,55.5336],[-114.7755,55.5416],[-114.7693,55.5413],[-114.8075,55.5269],[-114.8386,55.4965],[-114.8432,55.5164],[-114.8198,55.5429]]],[[[-114.8245,55.5597],[-114.809,55.5564],[-114.8204,55.5464],[-114.8245,55.5597]]],[[[-116.2346,56.353],[-115.9543,56.3095],[-115.9385,56.2808],[-115.9118,56.266],[-115.7665,56.2523],[-115.44,56.2732],[-115.3871,56.2712],[-115.3172,56.2485],[-115.2355,56.2513],[-115.2041,56.24],[-115.1641,56.1958],[-115.0111,56.1371],[-114.8217,56.1406],[-114.7694,56.1054],[-114.7177,56.0479],[-114.6879,56.0475],[-114.6436,56.0872],[-114.605,56.0957],[-114.5917,56.0729],[-114.6113,56.0296],[-114.4695,55.9456],[-114.465,55.9325],[-114.4918,55.8934],[-114.4841,55.8783],[-114.3403,55.8762],[-114.2336,55.8386],[-114.1414,55.8518],[-114.1031,55.8439],[-114.0907,55.8092],[-114.1132,55.7742],[-114.0906,55.7417],[-114.0961,55.6954],[-114.0801,55.6757],[-114.1355,55.6785],[-114.1263,55.6692],[-114.155,55.6724],[-114.1586,55.6588],[-114.1887,55.6808],[-114.2487,55.6723],[-114.3531,55.6877],[-114.5071,55.654],[-114.5335,55.6664],[-114.6254,55.6585],[-114.6787,55.6434],[-114.6993,55.6176],[-114.7131,55.627],[-114.705,55.6366],[-114.7377,55.6366],[-114.7554,55.662],[-114.8133,55.6323],[-114.8209,55.6591],[-114.8038,55.6698],[-114.8491,55.6727],[-114.8759,55.667],[-114.8844,55.6334],[-114.8628,55.6204],[-114.8667,55.6017],[-114.8076,55.6011],[-114.8289,55.5722],[-114.9036,55.5876],[-115.0633,55.5596],[-115.2074,55.584],[-115.3336,55.5689],[-115.4469,55.5346],[-115.6165,55.5592],[-115.9665,55.519],[-116.0702,55.5218],[-116.0937,55.5376],[-116.0895,55.5688],[-116.031,55.5858],[-116.0505,55.5982],[-115.9516,55.5983],[-116.0078,55.6136],[-116.0288,55.6236],[-116.0328,55.6432],[-116.0688,55.651],[-116.1277,55.6189],[-116.1548,55.6254],[-116.1819,55.6069],[-116.2738,55.6101],[-116.3152,55.5925],[-116.3746,55.6189],[-116.5565,55.599],[-116.613,55.6118],[-116.6206,55.627],[-116.5598,55.6803],[-116.5138,55.6741],[-116.5051,55.6868],[-116.4021,55.6975],[-116.4454,55.7127],[-116.3914,55.7214],[-116.4136,55.743],[-116.3455,55.7961],[-116.3119,55.7764],[-116.3036,55.7907],[-116.3145,55.8063],[-116.2892,55.8097],[-116.2815,55.8384],[-116.3048,55.8498],[-116.3931,55.8337],[-116.4197,55.8063],[-116.5859,55.7262],[-116.6142,55.7252],[-116.6207,55.7659],[-116.5806,55.8309],[-116.6082,55.8481],[-116.6281,55.898],[-116.7207,55.9363],[-116.7315,56.0229],[-116.7725,56.11],[-116.7596,56.1734],[-116.6508,56.2607],[-116.6761,56.2739],[-116.76,56.2484],[-116.7778,56.2517],[-116.7864,56.2741],[-116.7109,56.3577],[-116.6684,56.4409],[-116.5651,56.5031],[-116.5258,56.478],[-116.4944,56.4154],[-116.2346,56.353]]],[[[-114.6814,56.2845],[-114.6728,56.2837],[-114.6838,56.2807],[-114.6814,56.2845]]],[[[-114.7181,56.2791],[-114.7012,56.2838],[-114.6906,56.2789],[-114.7181,56.2791]]],[[[-114.8363,56.3845],[-114.8369,56.3801],[-114.8366,56.385],[-114.8363,56.3845]]],[[[-114.967,56.439],[-114.9757,56.4717],[-114.9478,56.492],[-114.9155,56.481],[-114.9038,56.4924],[-114.913,56.5082],[-114.8932,56.5142],[-114.8468,56.4957],[-114.8718,56.4603],[-114.8206,56.421],[-114.8406,56.4127],[-114.8794,56.4336],[-114.9449,56.4324],[-114.967,56.439]]],[[[-114.8964,56.7033],[-114.8956,56.7022],[-114.8965,56.7009],[-114.8964,56.7033]]],[[[-114.8958,56.7127],[-114.8956,56.7127],[-114.8958,56.7126],[-114.8958,56.7127]]],[[[-116.0788,56.5724],[-116.0301,56.5732],[-115.9987,56.5567],[-116.0065,56.5491],[-115.9977,56.5435],[-116.0745,56.5586],[-116.0788,56.5724]]],[[[-116.2317,56.5524],[-116.2203,56.5561],[-116.2132,56.5569],[-116.2317,56.5524]]],[[[-116.1908,56.5635],[-116.1788,56.5668],[-116.1858,56.575],[-116.1495,56.5842],[-116.1008,56.5797],[-116.1054,56.5617],[-116.1908,56.5635]]],[[[-114.9026,56.7847],[-114.9032,56.7903],[-114.8984,56.7849],[-114.9026,56.7847]]],[[[-116.3923,56.577],[-116.5559,56.5883],[-116.5642,56.5925],[-116.5378,56.6059],[-116.5393,56.6194],[-116.5654,56.6434],[-116.4802,56.6301],[-116.4535,56.63],[-116.4495,56.64],[-116.4299,56.6229],[-116.3449,56.65],[-116.3384,56.6374],[-116.3942,56.6147],[-116.3972,56.603],[-116.3714,56.5933],[-116.3863,56.5872],[-116.3787,56.5752],[-116.2547,56.5473],[-116.3029,56.5457],[-116.3923,56.577]]],[[[-115.5075,57.4281],[-115.5587,57.2737],[-115.538,57.1716],[-115.5831,57.1252],[-115.5802,57.0905],[-115.5907,57.0754],[-115.5841,57.0243],[-115.6014,56.9927],[-115.5898,56.9201],[-115.6521,56.828],[-115.6774,56.7185],[-115.7474,56.6393],[-115.8556,56.564],[-115.9212,56.5458],[-115.9642,56.5428],[-115.9453,56.552],[-115.9703,56.5577],[-115.9656,56.5688],[-115.9245,56.6003],[-115.8896,56.5928],[-115.884,56.6111],[-115.818,56.6288],[-115.8094,56.62],[-115.7578,56.6603],[-115.7199,56.7092],[-115.7239,56.722],[-115.7102,56.7282],[-115.7201,56.744],[-115.6992,56.7637],[-115.706,56.7812],[-115.7542,56.8056],[-115.7165,56.7989],[-115.6506,56.8663],[-115.6604,57.0078],[-115.692,57.0173],[-115.6534,57.0393],[-115.6447,57.0562],[-115.6538,57.0756],[-115.6005,57.1081],[-115.5759,57.1906],[-115.5617,57.1948],[-115.5672,57.2762],[-115.5566,57.2814],[-115.5431,57.3831],[-115.5547,57.4388],[-115.591,57.4513],[-115.5807,57.4726],[-115.6062,57.4848],[-115.6032,57.499],[-115.6292,57.5291],[-115.5996,57.5259],[-115.5712,57.5051],[-115.5075,57.4281]]],[[[-115.6096,57.5358],[-115.6183,57.5368],[-115.6619,57.5722],[-115.6106,57.5579],[-115.6096,57.5358]]],[[[-115.9578,57.9564],[-115.8092,57.9596],[-115.7108,57.9309],[-115.5837,57.9245],[-115.5225,57.8602],[-115.4355,57.8509],[-115.4159,57.8381],[-115.383,57.8041],[-115.385,57.7765],[-115.42,57.7262],[-115.4397,57.6692],[-115.4401,57.5891],[-115.4555,57.5775],[-115.5017,57.5803],[-115.4642,57.6212],[-115.4706,57.6398],[-115.4947,57.6455],[-115.4592,57.6839],[-115.4742,57.6907],[-115.4462,57.7122],[-115.4664,57.7271],[-115.4637,57.7438],[-115.4811,57.7491],[-115.4235,57.745],[-115.4031,57.7591],[-115.409,57.7967],[-115.5736,57.8437],[-115.6295,57.8431],[-115.6214,57.8498],[-115.6438,57.8524],[-115.5906,57.8824],[-115.6427,57.9033],[-115.7488,57.9154],[-115.8089,57.905],[-115.8005,57.9286],[-115.872,57.9439],[-115.976,57.9489],[-115.991,57.9362],[-115.9976,57.9472],[-116.0672,57.9633],[-116.1425,57.9511],[-116.1394,57.9696],[-116.2058,57.9799],[-116.1789,57.9955],[-116.1377,57.9958],[-116.027,57.9811],[-115.9578,57.9564]]],[[[-113.8643,55.6793],[-113.866,55.6801],[-113.8617,55.6809],[-113.8643,55.6793]]],[[[-114.071,55.6696],[-114.0633,55.6663],[-114.0745,55.6719],[-114.071,55.6696]]],[[[-114.1731,56.343],[-114.1652,56.3476],[-114.1614,56.3469],[-114.1731,56.343]]],[[[-114.5857,56.3006],[-114.5572,56.3154],[-114.5717,56.342],[-114.5269,56.3279],[-114.528,56.3165],[-114.5857,56.3006]]],[[[-114.0964,56.3781],[-114.1058,56.3874],[-114.0561,56.4101],[-114.0701,56.418],[-114.0458,56.4297],[-114.0222,56.4733],[-113.9827,56.4836],[-113.9632,56.5095],[-113.9796,56.4829],[-114.0277,56.4315],[-114.0964,56.3781]]],[[[-113.9583,56.5324],[-113.9792,56.5316],[-113.9604,56.5801],[-113.972,56.5934],[-113.9816,56.5861],[-113.9849,56.6163],[-113.96,56.6138],[-113.9061,56.6469],[-113.9012,56.6342],[-113.9346,56.5958],[-113.9583,56.5324]]],[[[-113.8823,56.6548],[-113.8934,56.6704],[-113.8802,56.6597],[-113.8823,56.6548]]],[[[-113.9127,56.6708],[-113.9266,56.6618],[-113.941,56.6702],[-113.9282,56.685],[-113.9127,56.6708]]],[[[-114.0019,56.7769],[-113.9333,56.7187],[-113.9457,56.6933],[-113.9595,56.7324],[-114.2173,56.8457],[-114.2064,56.857],[-114.1748,56.8557],[-114.0019,56.7769]]],[[[-114.1929,56.8037],[-114.1926,56.7897],[-114.2042,56.7867],[-114.1929,56.8037]]],[[[-114.6879,56.8796],[-114.5147,56.8391],[-114.3483,56.8275],[-114.2648,56.8013],[-114.2225,56.7669],[-114.2597,56.7716],[-114.3318,56.8204],[-114.3635,56.8132],[-114.4452,56.8327],[-114.4509,56.8196],[-114.5316,56.8273],[-114.55,56.8427],[-114.5882,56.8408],[-114.6532,56.8685],[-114.6757,56.8664],[-114.6829,56.853],[-114.6875,56.8646],[-114.7089,56.8612],[-114.7291,56.8932],[-114.7838,56.876],[-114.7961,56.9157],[-114.8257,56.8878],[-114.8781,56.8802],[-114.7912,56.9283],[-114.6879,56.8796]]],[[[-114.8914,56.8527],[-114.8727,56.8236],[-114.8996,56.8238],[-114.8914,56.8527]]],[[[-113.8488,57.0716],[-113.85,57.0713],[-113.849,57.0719],[-113.8488,57.0716]]],[[[-114.0499,57.0439],[-114.0507,57.0419],[-114.0509,57.0425],[-114.0499,57.0439]]],[[[-114.1697,57.0419],[-114.1743,57.0418],[-114.1722,57.0423],[-114.1697,57.0419]]],[[[-114.2123,57.0433],[-114.1797,57.0516],[-114.1773,57.0498],[-114.1793,57.0417],[-114.2123,57.0433]]],[[[-114.271,57.0377],[-114.2712,57.0484],[-114.2622,57.0373],[-114.271,57.0377]]],[[[-114.4954,57.2126],[-114.5508,57.1751],[-114.5707,57.181],[-114.5796,57.17],[-114.5969,57.1807],[-114.4954,57.2126]]],[[[-112.6077,55.6559],[-112.3831,55.7163],[-112.4379,55.695],[-112.4031,55.6781],[-112.4482,55.6751],[-112.4576,55.6466],[-112.5709,55.6427],[-112.633,55.6169],[-112.6077,55.6559]]],[[[-112.2226,55.7422],[-112.2352,55.722],[-112.2193,55.7018],[-112.2812,55.7302],[-112.2226,55.7422]]],[[[-112.31,55.7261],[-112.303,55.7281],[-112.3004,55.7253],[-112.31,55.7261]]],[[[-112.344,55.7223],[-112.3464,55.722],[-112.3436,55.7225],[-112.344,55.7223]]],[[[-112.2469,55.784],[-112.2346,55.7858],[-112.2404,55.7788],[-112.2469,55.784]]],[[[-112.179,55.9024],[-112.2234,55.8548],[-112.2174,55.8219],[-112.257,55.8206],[-112.179,55.9024]]],[[[-112.1677,55.9147],[-112.1706,55.9084],[-112.1764,55.9076],[-112.1677,55.9147]]],[[[-110.044,54.3917],[-110.0776,54.386],[-110.029,54.4368],[-110.0562,54.4551],[-110.0717,54.4599],[-110.0779,54.4476],[-110.1087,54.442],[-110.1322,54.4527],[-110.1162,54.4625],[-110.1911,54.4657],[-110.2797,54.5088],[-110.4219,54.5025],[-110.4842,54.5445],[-110.5701,54.5269],[-110.6562,54.5414],[-111.0111,54.5545],[-111.0543,54.5825],[-111.1065,54.5741],[-111.1236,54.5523],[-111.165,54.5394],[-111.1527,54.6061],[-111.1956,54.5967],[-111.2467,54.5499],[-111.3114,54.5436],[-111.3602,54.5081],[-111.3779,54.4378],[-111.3928,54.4331],[-111.4188,54.4516],[-111.4549,54.4421],[-111.478,54.4498],[-111.5501,54.5115],[-111.6667,54.5847],[-111.8894,54.7056],[-111.8714,54.7317],[-111.8034,54.7276],[-111.7767,54.7427],[-111.7755,54.8044],[-111.7299,54.8402],[-111.7291,54.8678],[-111.7771,54.9135],[-111.87,54.9534],[-111.8733,55.0052],[-112.035,55.0761],[-112.1539,55.1519],[-112.1606,55.1855],[-112.0913,55.238],[-112.1091,55.2762],[-112.352,55.4186],[-112.2858,55.3906],[-112.2491,55.3909],[-112.2299,55.3754],[-112.2301,55.3604],[-112.1951,55.3581],[-112.1524,55.3105],[-112.0772,55.2932],[-112.0997,55.2829],[-112.0923,55.2629],[-112.0331,55.2646],[-112.0123,55.2465],[-111.9937,55.2549],[-111.9921,55.2417],[-111.9553,55.2584],[-111.9461,55.2286],[-111.9283,55.2589],[-111.8823,55.2656],[-111.8683,55.2544],[-111.8476,55.2884],[-111.8235,55.2885],[-111.8172,55.3136],[-111.8013,55.3173],[-111.92,55.3715],[-111.8983,55.41],[-111.9194,55.4413],[-111.8887,55.4144],[-111.9043,55.3781],[-111.8824,55.3609],[-111.8314,55.354],[-111.8084,55.3749],[-111.818,55.3986],[-111.7752,55.4126],[-111.7992,55.4305],[-111.7529,55.4495],[-111.746,55.465],[-111.6603,55.4956],[-111.6473,55.5202],[-111.6562,55.5331],[-111.5995,55.5557],[-111.5581,55.5524],[-111.5516,55.5352],[-111.5316,55.5386],[-111.4366,55.5866],[-111.3957,55.639],[-111.392,55.664],[-111.3624,55.6751],[-111.3928,55.6772],[-111.3774,55.6858],[-111.3851,55.6955],[-111.4659,55.6983],[-111.4634,55.7126],[-111.4308,55.703],[-111.417,55.7332],[-111.3925,55.7254],[-111.2703,55.7647],[-111.162,55.8489],[-111.1726,55.8511],[-111.112,55.8791],[-111.0987,55.8977],[-111.0374,55.9102],[-111.056,55.9168],[-111.0108,55.9701],[-111.027,55.9803],[-110.9504,56.0227],[-110.9595,56.0413],[-110.9256,56.0878],[-110.9265,56.1223],[-110.9554,56.1215],[-110.9533,56.1406],[-110.9785,56.1539],[-110.9376,56.1494],[-110.9202,56.1545],[-110.9131,56.1723],[-110.9402,56.2079],[-110.9739,56.2041],[-110.9822,56.2161],[-110.9724,56.2183],[-110.9936,56.2334],[-111.0389,56.2371],[-111.0378,56.2506],[-111.0174,56.2517],[-111.0658,56.2788],[-111.0438,56.2876],[-111.0497,56.3008],[-111.0987,56.3173],[-111.1015,56.352],[-111.1319,56.3456],[-111.1336,56.3632],[-111.1495,56.3677],[-111.1417,56.3723],[-111.1608,56.3778],[-111.1987,56.3682],[-111.1728,56.387],[-111.2182,56.3903],[-111.2244,56.4061],[-111.2763,56.4214],[-111.3264,56.4171],[-111.3883,56.3868],[-111.1963,56.4973],[-111.0649,56.508],[-110.9372,56.4977],[-110.8481,56.5232],[-110.8184,56.5442],[-110.7634,56.648],[-110.681,56.7316],[-110.6828,56.7494],[-110.8573,56.7179],[-111.1496,56.7052],[-111.2838,56.7234],[-111.4014,56.7596],[-111.4778,56.9685],[-111.5102,57.027],[-111.5762,57.0846],[-111.5268,57.1366],[-111.4995,57.1959],[-111.4347,57.262],[-111.3258,57.3158],[-111.1837,57.3632],[-111.0958,57.4206],[-111.0681,57.4634],[-111.0289,57.4681],[-111.0445,57.4891],[-111.0329,57.5382],[-110.9212,57.6447],[-110.7148,57.72],[-110.6882,57.7542],[-110.6767,57.7417],[-110.6795,57.6977],[-110.6355,57.6752],[-110.5331,57.6808],[-110.4436,57.7102],[-110.3588,57.7171],[-110.3564,57.7287],[-110.3844,57.7504],[-110.3784,57.7795],[-110.4347,57.8207],[-110.5714,57.8325],[-110.6041,57.8243],[-110.6409,57.7952],[-110.6753,57.7906],[-110.6839,57.8468],[-110.7048,57.8746],[-110.6508,57.8793],[-110.6223,57.9139],[-110.5322,57.8917],[-110.4944,57.9189],[-110.4472,57.931],[-110.4109,57.9338],[-110.443,57.9082],[-110.3891,57.9192],[-110.2861,57.9141],[-110.2877,57.8776],[-110.2503,57.8731],[-110.2152,57.8427],[-110.1534,57.8276],[-110.068,57.7812],[-110.1243,57.7702],[-110.1888,57.7324],[-110.1834,57.7184],[-110.1195,57.7488],[-110.0751,57.7482],[-110.1431,57.7128],[-110.2083,57.6582],[-110.2157,57.6495],[-110.2035,57.6317],[-110.2206,57.6207],[-110.285,57.6266],[-110.4729,57.5799],[-110.569,57.5015],[-110.5483,57.4852],[-110.3007,57.4717],[-110.23,57.4365],[-110.3324,57.4093],[-110.406,57.3994],[-110.4465,57.4105],[-110.5031,57.3918],[-110.4153,57.3312],[-110.3611,57.3304],[-110.2664,57.3543],[-110.2356,57.3445],[-110.2853,57.2974],[-110.2347,57.255],[-110.2523,57.2441],[-110.3172,57.2427],[-110.3203,57.2096],[-110.3607,57.2181],[-110.2736,57.1071],[-110.2938,57.0681],[-110.3405,57.0761],[-110.3494,57.0297],[-110.3017,56.9717],[-110.3142,56.9613],[-110.3551,56.962],[-110.4217,56.9129],[-110.4326,56.8799],[-110.3985,56.8966],[-110.4182,56.8772],[-110.3608,56.8622],[-110.3557,56.8233],[-110.2242,56.8039],[-110.12,56.7449],[-110.0058,56.7168],[-110.0058,54.4434],[-110.044,54.3917]]],[[[-112.1594,55.9245],[-112.1589,55.9223],[-112.1623,55.9207],[-112.1594,55.9245]]],[[[-112.1528,55.9333],[-112.1537,55.9306],[-112.1559,55.9291],[-112.1528,55.9333]]],[[[-111.9745,56.0928],[-111.9704,56.0724],[-112.0344,56.0337],[-112.0182,56.0191],[-112.0817,55.9991],[-112.1498,55.9372],[-112.0684,56.0202],[-111.9745,56.0928]]],[[[-111.9146,56.1367],[-111.9145,56.1262],[-111.9426,56.1165],[-111.9146,56.1367]]],[[[-111.4878,56.318],[-111.4881,56.3206],[-111.4861,56.3191],[-111.4878,56.318]]],[[[-111.4271,56.3569],[-111.4065,56.3467],[-111.4435,56.3451],[-111.4271,56.3569]]],[[[-111.397,56.3782],[-111.3994,56.3782],[-111.3972,56.3799],[-111.397,56.3782]]],[[[-111.9859,58.0131],[-111.8637,57.9323],[-111.8185,57.8689],[-111.761,57.8225],[-111.7518,57.7998],[-111.7616,57.7526],[-111.7213,57.6943],[-111.7541,57.6019],[-111.9228,57.4262],[-112.0141,57.3908],[-112.0817,57.3828],[-112.0365,57.412],[-112.0311,57.4432],[-112.0068,57.4232],[-111.9755,57.4325],[-111.9488,57.4758],[-111.9305,57.4833],[-111.9499,57.4983],[-111.9253,57.4978],[-111.898,57.5225],[-111.9001,57.5371],[-111.8876,57.5336],[-111.862,57.5609],[-111.8617,57.5948],[-111.8912,57.6064],[-111.8687,57.6132],[-111.8381,57.6034],[-111.8375,57.6184],[-111.8141,57.6294],[-111.8207,57.6507],[-111.8412,57.6607],[-111.8251,57.6651],[-111.8074,57.6513],[-111.7796,57.6708],[-111.7875,57.7219],[-111.8436,57.7305],[-111.7943,57.7527],[-111.8465,57.8009],[-111.8236,57.8163],[-111.8313,57.8369],[-111.8835,57.8629],[-111.8567,57.878],[-111.8821,57.8901],[-111.8802,57.9033],[-111.9006,57.9188],[-111.9233,57.9232],[-111.9184,57.9345],[-111.9568,57.9446],[-112.1042,57.9641],[-112.1192,57.9565],[-112.1196,57.9413],[-112.1353,57.9534],[-112.1543,57.9435],[-112.1486,57.9587],[-112.1801,57.9503],[-112.1489,57.9701],[-112.1721,57.9845],[-112.1314,57.9803],[-112.1213,58.0001],[-112.0541,58.0244],[-112.0689,58.0462],[-112.0213,58.0344],[-112.0296,58.0425],[-112.0159,58.0541],[-111.9945,58.0515],[-112.0353,58.0688],[-112.024,58.0748],[-112.0346,58.0863],[-112.0684,58.0831],[-112.0561,58.0946],[-112.0822,58.1149],[-112.113,58.1046],[-112.1344,58.1295],[-112.195,58.1404],[-112.1762,58.1252],[-112.2004,58.1296],[-112.2263,58.116],[-112.252,58.1395],[-112.286,58.1453],[-112.3703,58.1394],[-112.4106,58.1523],[-112.4177,58.1401],[-112.4309,58.158],[-112.4444,58.1471],[-112.4709,58.1598],[-112.5847,58.1665],[-112.2866,58.1715],[-112.0516,58.1434],[-111.997,58.1186],[-111.956,58.079],[-111.9568,58.0548],[-111.9859,58.0131]]],[[[-112.6078,58.1648],[-112.5866,58.1515],[-112.6322,58.1624],[-112.6078,58.1648]]],[[[-112.6793,58.1555],[-112.651,58.1463],[-112.7117,58.1492],[-112.6793,58.1555]]]]}},{"type":"Feature","properties":{"key":"mid_boreal_uplands","name":"Mid-Boreal Uplands","where":"central AB / SK","sort":111,"ecozone":"Boreal Plains","ab_subregion":""},"geometry":{"type":"MultiPolygon","coordinates":[[[[-116.0467,55.5198],[-116.0157,55.5206],[-115.9665,55.519],[-116.0467,55.5198]]],[[[-116.1109,55.6247],[-116.0986,55.6425],[-116.0814,55.6388],[-116.0688,55.651],[-116.0328,55.6432],[-116.0288,55.6236],[-116.0078,55.6136],[-115.9516,55.5983],[-116.0505,55.5982],[-116.031,55.5858],[-116.0895,55.5688],[-116.0396,55.6233],[-116.0573,55.6327],[-116.1109,55.6247]]],[[[-116.1819,55.6069],[-116.1548,55.6254],[-116.1277,55.6189],[-116.1819,55.6069]]],[[[-116.306,55.5964],[-116.2545,55.6084],[-116.3152,55.5925],[-116.306,55.5964]]],[[[-116.5565,55.599],[-116.4837,55.6056],[-116.4589,55.6071],[-116.5308,55.5968],[-116.5565,55.599]]],[[[-116.5818,55.666],[-116.589,55.653],[-116.6032,55.6482],[-116.5818,55.666]]],[[[-116.4122,55.7374],[-116.3887,55.7241],[-116.4455,55.7105],[-116.404,55.6963],[-116.5051,55.6868],[-116.5138,55.6741],[-116.5528,55.6831],[-116.4122,55.7374]]],[[[-116.3697,55.7744],[-116.3938,55.7642],[-116.3667,55.7835],[-116.3697,55.7744]]],[[[-116.5251,55.7587],[-116.5407,55.7496],[-116.542,55.7523],[-116.5365,55.7571],[-116.5251,55.7587]]],[[[-116.2984,55.8404],[-116.2826,55.8406],[-116.2832,55.8192],[-116.3137,55.8075],[-116.3036,55.7907],[-116.3184,55.7732],[-116.3455,55.7961],[-116.2919,55.8308],[-116.2984,55.8404]]],[[[-116.4932,55.773],[-116.4813,55.7805],[-116.4681,55.7836],[-116.4932,55.773]]],[[[-116.4589,55.7875],[-116.4375,55.801],[-116.4297,55.8015],[-116.4589,55.7875]]],[[[-116.415,55.8087],[-116.3931,55.8337],[-116.3545,55.8372],[-116.415,55.8087]]],[[[-116.5651,56.5031],[-116.6025,56.4811],[-116.5752,56.5072],[-116.5651,56.5031]]],[[[-116.7514,56.691],[-116.7497,56.6895],[-116.7513,56.6876],[-116.7514,56.691]]],[[[-116.6763,56.7574],[-116.6689,56.7464],[-116.6885,56.7364],[-116.6949,56.7054],[-116.7323,56.7069],[-116.6763,56.7574]]],[[[-114.4737,54.3798],[-114.4461,54.336],[-114.456,54.3158],[-114.5696,54.2691],[-114.5589,54.2995],[-114.5232,54.3232],[-114.5489,54.3448],[-114.5416,54.3548],[-114.4384,54.4446],[-114.4023,54.4526],[-114.3362,54.4379],[-114.4427,54.3994],[-114.4737,54.3798]]],[[[-114.2368,54.4753],[-114.2888,54.4802],[-114.2861,54.4997],[-114.2156,54.5237],[-114.2378,54.5061],[-114.2368,54.4753]]],[[[-116.662,56.6649],[-116.734,56.6615],[-116.6769,56.6954],[-116.5644,56.7026],[-116.5265,56.6911],[-116.6191,56.6609],[-116.613,56.6445],[-116.5929,56.6448],[-116.5966,56.6303],[-116.5626,56.6059],[-116.5555,56.597],[-116.5642,56.5925],[-116.662,56.6649]]],[[[-116.7663,56.931],[-116.7979,56.9321],[-116.7664,56.9379],[-116.7069,56.8949],[-116.5671,56.9226],[-116.5205,56.9092],[-116.5558,56.9067],[-116.5528,56.8968],[-116.5996,56.8689],[-116.6452,56.8938],[-116.7265,56.8921],[-116.7663,56.931]]],[[[-116.8889,56.9809],[-116.8114,56.9904],[-116.7945,57.0267],[-116.767,57.0608],[-116.7268,57.0918],[-116.6218,57.1079],[-116.6451,57.0622],[-116.6552,57.0663],[-116.6523,57.0912],[-116.6878,57.0859],[-116.7873,57.0332],[-116.7894,57.0071],[-116.8413,56.9514],[-116.8539,56.9138],[-116.8966,56.9068],[-116.9098,56.9153],[-116.9126,56.9383],[-116.8889,56.9809]]],[[[-116.1653,57.1141],[-116.1126,57.1463],[-116.1117,57.1315],[-116.135,57.1287],[-116.184,57.0846],[-116.1898,57.1164],[-116.2521,57.1361],[-116.2198,57.1409],[-116.1653,57.1141]]],[[[-116.3114,57.1267],[-116.3126,57.1267],[-116.3143,57.1275],[-116.3114,57.1267]]],[[[-116.3209,57.126],[-116.328,57.1294],[-116.3182,57.1287],[-116.3209,57.126]]],[[[-116.0884,57.1728],[-116.0896,57.1767],[-116.089,57.1765],[-116.0884,57.1728]]],[[[-116.0216,57.2567],[-116.0119,57.2493],[-116.0316,57.2343],[-116.0212,57.2301],[-116.0252,57.2168],[-116.0567,57.2194],[-116.0216,57.2567]]],[[[-116.4557,57.1912],[-116.4312,57.1462],[-116.4682,57.1689],[-116.5261,57.1668],[-116.5676,57.1247],[-116.5966,57.1171],[-116.5201,57.1765],[-116.4755,57.1954],[-116.4557,57.1912]]],[[[-116.0567,57.4082],[-116.0656,57.3757],[-116.0743,57.3747],[-116.0567,57.4082]]],[[[-116.0603,57.4714],[-116.0327,57.4727],[-116.051,57.4479],[-116.0603,57.4714]]],[[[-116.2598,57.5077],[-116.2242,57.493],[-116.2144,57.4824],[-116.2598,57.5077]]],[[[-116.4314,57.7514],[-116.4341,57.7525],[-116.4293,57.7543],[-116.4314,57.7514]]],[[[-116.6067,57.8696],[-116.6065,57.906],[-116.5889,57.9465],[-116.5011,58.0073],[-116.3189,57.9834],[-116.1789,57.9955],[-116.2712,57.9534],[-116.3128,57.9755],[-116.4357,57.9773],[-116.5468,57.9614],[-116.5694,57.9528],[-116.5958,57.9055],[-116.5867,57.8769],[-116.541,57.8216],[-116.569,57.8274],[-116.6067,57.8696]]],[[[-110.1076,54.4423],[-110.0674,54.4597],[-110.029,54.4368],[-110.0776,54.386],[-110.0917,54.3899],[-110.1076,54.4423]]],[[[-110.1769,54.4638],[-110.1527,54.4648],[-110.1159,54.462],[-110.1322,54.4527],[-110.1769,54.4638]]],[[[-110.2509,54.5024],[-110.2387,54.4938],[-110.259,54.5022],[-110.2509,54.5024]]],[[[-110.6885,54.5365],[-110.6562,54.5414],[-110.6408,54.5373],[-110.6885,54.5365]]],[[[-111.4811,54.4513],[-111.4631,54.444],[-111.4593,54.4426],[-111.4811,54.4513]]],[[[-111.3112,54.5255],[-111.3674,54.4469],[-111.377,54.4385],[-111.3602,54.5081],[-111.3114,54.5436],[-111.2747,54.5464],[-111.3112,54.5255]]],[[[-111.008,54.555],[-110.9632,54.5599],[-110.8322,54.5436],[-110.9661,54.5377],[-111.008,54.555]]],[[[-111.1236,54.5523],[-111.1084,54.5732],[-111.0877,54.5709],[-111.1236,54.5523]]],[[[-113.7881,54.3869],[-113.8047,54.3964],[-113.8039,54.4333],[-113.7691,54.4259],[-113.7633,54.448],[-113.6919,54.5061],[-113.7347,54.4136],[-113.7539,54.3939],[-113.7881,54.3869]]],[[[-113.6322,54.5639],[-113.6206,54.5787],[-113.6023,54.5918],[-113.6322,54.5639]]],[[[-113.9845,54.561],[-114.1182,54.557],[-114.1434,54.5208],[-114.1862,54.5214],[-114.1634,54.5557],[-114.0696,54.5837],[-114.0498,54.5644],[-114.0052,54.5718],[-113.9845,54.561]]],[[[-113.5192,54.6984],[-113.5467,54.7157],[-113.5192,54.7255],[-113.5081,54.7443],[-113.5192,54.6984]]],[[[-113.5085,54.7547],[-113.5084,54.7515],[-113.5101,54.7573],[-113.5085,54.7547]]],[[[-113.5111,54.7589],[-113.5233,54.7706],[-113.5228,54.7748],[-113.5216,54.7756],[-113.5111,54.7589]]],[[[-113.4172,54.8629],[-113.3859,54.892],[-113.359,54.8855],[-113.4172,54.8629]]],[[[-113.309,54.9103],[-113.3097,54.9419],[-113.2614,54.9295],[-113.2439,54.9363],[-113.2547,54.9674],[-113.2379,54.9795],[-113.1849,54.9816],[-113.1313,54.9566],[-113.2489,54.9115],[-113.309,54.9103]]]]}},{"type":"Feature","properties":{"key":"mid_boreal_uplands","name":"Mid-Boreal Uplands","where":"central AB / SK","sort":111,"ecozone":"Boreal Plains","ab_subregion":"Kazan Uplands"},"geometry":{"type":"Polygon","coordinates":[[[-110.6795,57.6977],[-110.6753,57.7906],[-110.6409,57.7952],[-110.6008,57.8255],[-110.5438,57.8344],[-110.4103,57.8079],[-110.3776,57.7783],[-110.3842,57.7497],[-110.3554,57.7257],[-110.5331,57.6808],[-110.6355,57.6752],[-110.6795,57.6977]]]}},{"type":"Feature","properties":{"key":"mid_boreal_uplands","name":"Mid-Boreal Uplands","where":"central AB / SK","sort":111,"ecozone":"Boreal Plains","ab_subregion":"Lower Boreal Highlands"},"geometry":{"type":"MultiPolygon","coordinates":[[[[-112.352,55.4186],[-112.5553,55.5435],[-112.633,55.6169],[-112.5709,55.6427],[-112.4576,55.6466],[-112.4482,55.6751],[-112.4031,55.6781],[-112.4379,55.695],[-112.3831,55.7163],[-112.2812,55.7302],[-112.2193,55.7018],[-112.2352,55.722],[-112.219,55.754],[-112.2404,55.7788],[-112.2351,55.787],[-112.2542,55.7898],[-112.257,55.8206],[-112.2174,55.8219],[-112.2244,55.8511],[-112.2055,55.8802],[-112.0817,55.9991],[-112.0182,56.0191],[-112.0344,56.0337],[-111.9704,56.0724],[-111.9745,56.0928],[-111.8166,56.1923],[-111.5818,56.2751],[-111.4333,56.3509],[-111.4076,56.3454],[-111.4271,56.3569],[-111.3559,56.4059],[-111.3024,56.421],[-111.2459,56.4171],[-111.2182,56.3903],[-111.1728,56.387],[-111.1934,56.3809],[-111.1987,56.3682],[-111.1608,56.3778],[-111.1417,56.3723],[-111.1495,56.3677],[-111.1336,56.3632],[-111.1319,56.3456],[-111.1015,56.352],[-111.0987,56.3173],[-111.0497,56.3008],[-111.0438,56.2876],[-111.0658,56.2788],[-111.0174,56.2517],[-111.0378,56.2506],[-111.0389,56.2371],[-110.9936,56.2334],[-110.9724,56.2183],[-110.9822,56.2161],[-110.9739,56.2041],[-110.9402,56.2079],[-110.9131,56.1723],[-110.9202,56.1545],[-110.9376,56.1494],[-110.9785,56.1539],[-110.9533,56.1406],[-110.9554,56.1215],[-110.9272,56.1236],[-110.9255,56.0883],[-110.9595,56.0413],[-110.951,56.0221],[-111.027,55.9803],[-111.0108,55.9701],[-111.056,55.9168],[-111.0374,55.9102],[-111.0987,55.8977],[-111.3065,55.7477],[-111.3925,55.7254],[-111.417,55.7332],[-111.4333,55.7024],[-111.4639,55.7121],[-111.4659,55.6983],[-111.3851,55.6955],[-111.3774,55.6858],[-111.3928,55.6772],[-111.3624,55.6751],[-111.392,55.664],[-111.3957,55.639],[-111.4366,55.5866],[-111.5316,55.5386],[-111.5516,55.5352],[-111.5581,55.5524],[-111.5995,55.5557],[-111.6562,55.5331],[-111.6473,55.5202],[-111.6603,55.4956],[-111.746,55.465],[-111.7529,55.4495],[-111.7992,55.4305],[-111.7752,55.4126],[-111.818,55.3986],[-111.8084,55.3749],[-111.8314,55.354],[-111.8824,55.3609],[-111.9043,55.3781],[-111.8887,55.4144],[-111.9194,55.4413],[-111.8983,55.41],[-111.92,55.3715],[-111.8013,55.3173],[-111.8172,55.3136],[-111.8235,55.2885],[-111.8476,55.2884],[-111.8683,55.2544],[-111.8823,55.2656],[-111.9283,55.2589],[-111.9461,55.2286],[-111.9553,55.2584],[-111.9921,55.2417],[-111.9937,55.2549],[-112.0123,55.2465],[-112.0331,55.2646],[-112.0923,55.2629],[-112.0997,55.2829],[-112.0772,55.2932],[-112.1524,55.3105],[-112.1951,55.3581],[-112.2301,55.3604],[-112.2299,55.3754],[-112.2491,55.3909],[-112.2858,55.3906],[-112.352,55.4186]]],[[[-114.2042,56.7867],[-114.1835,56.79],[-114.214,56.8418],[-113.9595,56.7324],[-113.9527,56.7025],[-113.9255,56.681],[-113.9409,56.6691],[-113.9232,56.6627],[-113.9132,56.6774],[-113.8823,56.6548],[-113.9012,56.6342],[-113.9107,56.6474],[-113.96,56.6138],[-113.9829,56.62],[-113.9825,56.5875],[-113.972,56.5934],[-113.9604,56.5801],[-113.9793,56.5325],[-113.9583,56.5324],[-113.9632,56.5095],[-113.9827,56.4836],[-114.0222,56.4733],[-114.0458,56.4297],[-114.0701,56.418],[-114.0609,56.4057],[-114.097,56.3962],[-114.1069,56.384],[-114.0964,56.3781],[-114.1535,56.3494],[-114.3049,56.3249],[-114.528,56.3165],[-114.5269,56.3279],[-114.5686,56.3429],[-114.5719,56.3296],[-114.5572,56.3154],[-114.5846,56.3034],[-114.5806,56.2951],[-114.7181,56.2791],[-114.8302,56.3402],[-114.8406,56.4127],[-114.8196,56.4258],[-114.8718,56.4603],[-114.8497,56.499],[-114.908,56.5146],[-114.9038,56.4924],[-114.9155,56.481],[-114.9478,56.492],[-114.9081,56.5462],[-114.926,56.6127],[-114.8956,56.7022],[-114.8996,56.8238],[-114.8704,56.8272],[-114.89,56.857],[-114.8781,56.8802],[-114.8257,56.8878],[-114.7999,56.9162],[-114.7859,56.8766],[-114.7269,56.8929],[-114.7089,56.8612],[-114.6875,56.8646],[-114.6829,56.853],[-114.6757,56.8664],[-114.6532,56.8685],[-114.5882,56.8408],[-114.55,56.8427],[-114.5316,56.8273],[-114.4509,56.8196],[-114.4452,56.8327],[-114.3635,56.8132],[-114.3318,56.8204],[-114.2305,56.7622],[-114.2225,56.7669],[-114.2318,56.7722],[-114.2117,56.7692],[-114.2042,56.7867]]],[[[-112.1395,57.3831],[-112.2413,57.352],[-112.3073,57.3462],[-112.3309,57.3648],[-112.3688,57.3669],[-113.2618,57.0737],[-113.3482,57.0655],[-113.4823,57.029],[-113.7742,57.0233],[-113.8432,57.0732],[-113.9153,57.0538],[-114.0532,57.0415],[-114.1793,57.0417],[-114.1777,57.0517],[-114.293,57.0388],[-114.3644,57.0644],[-114.4362,57.1164],[-114.5482,57.1405],[-114.6002,57.1732],[-114.5508,57.1751],[-114.5013,57.2118],[-114.347,57.2591],[-114.2142,57.4083],[-114.0472,57.467],[-114.0763,57.4886],[-114.0753,57.5009],[-113.8414,57.5622],[-113.8703,57.6285],[-113.852,57.6623],[-113.7754,57.7039],[-113.5436,57.7715],[-113.4273,57.7415],[-113.3768,57.7514],[-113.3425,57.8603],[-113.2662,57.926],[-113.1288,57.9921],[-112.7349,58.1441],[-112.6541,58.1454],[-112.6793,58.1555],[-112.6322,58.1624],[-112.5823,58.1538],[-112.6078,58.1648],[-112.4709,58.1598],[-112.4444,58.1471],[-112.4309,58.158],[-112.4177,58.1401],[-112.4106,58.1523],[-112.3703,58.1394],[-112.286,58.1453],[-112.252,58.1395],[-112.2263,58.116],[-112.2004,58.1296],[-112.1762,58.1252],[-112.195,58.1404],[-112.1344,58.1295],[-112.113,58.1046],[-112.0797,58.1138],[-112.0561,58.0946],[-112.0684,58.0831],[-112.0346,58.0863],[-112.024,58.0748],[-112.0353,58.0688],[-111.9945,58.0515],[-112.0159,58.0541],[-112.0296,58.0425],[-112.0213,58.0344],[-112.0689,58.0462],[-112.0541,58.0244],[-112.1213,58.0001],[-112.1314,57.9803],[-112.1721,57.9845],[-112.1489,57.9701],[-112.1801,57.9503],[-112.1486,57.9587],[-112.1543,57.9435],[-112.1353,57.9534],[-112.1196,57.9413],[-112.1192,57.9565],[-112.1017,57.964],[-111.9184,57.9345],[-111.9233,57.9232],[-111.9006,57.9188],[-111.8802,57.9033],[-111.8821,57.8901],[-111.8567,57.878],[-111.8827,57.8613],[-111.8296,57.8346],[-111.8236,57.8163],[-111.8465,57.8009],[-111.8101,57.7773],[-111.7942,57.75],[-111.8436,57.7305],[-111.7875,57.7219],[-111.7796,57.6708],[-111.8074,57.6513],[-111.8251,57.6651],[-111.8412,57.6607],[-111.8207,57.6507],[-111.8141,57.6294],[-111.8375,57.6184],[-111.8381,57.6034],[-111.8687,57.6132],[-111.8912,57.6064],[-111.8617,57.5948],[-111.862,57.5609],[-111.8876,57.5336],[-111.9001,57.5371],[-111.898,57.5225],[-111.9253,57.4978],[-111.9499,57.4983],[-111.9305,57.4833],[-111.9488,57.4758],[-111.9755,57.4325],[-112.0068,57.4232],[-112.0311,57.4432],[-112.0365,57.412],[-112.0817,57.3828],[-112.1395,57.3831]],[[-112.6402,57.3796],[-112.5616,57.423],[-112.56,57.4524],[-112.5702,57.4529],[-112.5716,57.4376],[-112.5818,57.4498],[-112.5696,57.4814],[-112.5874,57.5028],[-112.5411,57.5162],[-112.5688,57.5399],[-112.5101,57.5573],[-112.5242,57.5716],[-112.4823,57.5817],[-112.5921,57.6161],[-112.5885,57.6315],[-112.6126,57.6314],[-112.6202,57.6134],[-112.6551,57.6331],[-112.6708,57.6229],[-112.704,57.6336],[-112.7189,57.6231],[-112.771,57.644],[-112.7987,57.6347],[-112.7992,57.6491],[-112.9041,57.6565],[-113.034,57.6167],[-113.0961,57.6345],[-113.1176,57.6253],[-113.1124,57.6006],[-113.1388,57.6189],[-113.13,57.6277],[-113.168,57.6247],[-113.1477,57.6149],[-113.1517,57.6033],[-113.201,57.6141],[-113.248,57.6087],[-113.2548,57.614],[-113.2409,57.624],[-113.2543,57.6373],[-113.3301,57.648],[-113.3896,57.6453],[-113.469,57.6141],[-113.5168,57.6416],[-113.4774,57.6618],[-113.4936,57.7037],[-113.5459,57.7286],[-113.5909,57.7259],[-113.6445,57.6961],[-113.6465,57.677],[-113.603,57.6421],[-113.5406,57.6317],[-113.4985,57.5904],[-113.4174,57.5915],[-113.3407,57.5658],[-113.3186,57.5801],[-113.3102,57.5533],[-113.2223,57.5203],[-113.2707,57.5145],[-113.2541,57.4989],[-113.2937,57.4957],[-113.326,57.4675],[-113.3775,57.4581],[-113.4527,57.4752],[-113.4995,57.5001],[-113.5218,57.4932],[-113.4685,57.4649],[-113.5785,57.4559],[-113.6514,57.4722],[-113.7052,57.4605],[-113.7902,57.4905],[-113.7489,57.4955],[-113.7505,57.5118],[-113.9226,57.5123],[-113.9314,57.5023],[-113.9142,57.4918],[-113.9129,57.4654],[-113.8895,57.4477],[-113.9341,57.4264],[-113.9208,57.3764],[-113.9981,57.3595],[-114.0069,57.3509],[-113.9954,57.3452],[-114.0079,57.3403],[-113.9944,57.3261],[-114.0655,57.332],[-114.1008,57.2999],[-114.0948,57.2924],[-114.1373,57.276],[-114.1446,57.2514],[-114.1676,57.2395],[-114.1556,57.218],[-114.1916,57.1959],[-114.1679,57.1867],[-114.174,57.178],[-114.1529,57.153],[-113.9556,57.1288],[-113.9469,57.1636],[-113.9315,57.1687],[-113.9414,57.1872],[-113.9166,57.206],[-113.9214,57.2266],[-113.9007,57.2217],[-113.8915,57.2017],[-113.8706,57.2305],[-113.8395,57.2051],[-113.8656,57.1879],[-113.8507,57.1727],[-113.8177,57.1707],[-113.7884,57.1998],[-113.7732,57.1763],[-113.7993,57.1559],[-113.7534,57.141],[-113.7533,57.1297],[-113.7004,57.1177],[-113.6884,57.1283],[-113.5843,57.1009],[-113.5806,57.1149],[-113.5351,57.1402],[-113.5479,57.1498],[-113.5353,57.1738],[-113.4897,57.1664],[-113.4848,57.1562],[-113.4562,57.1763],[-113.4348,57.1746],[-113.4434,57.1664],[-113.4309,57.1599],[-113.3587,57.164],[-113.356,57.1783],[-113.3421,57.1758],[-113.2898,57.2123],[-113.279,57.2058],[-113.2852,57.1976],[-113.2666,57.2015],[-113.2605,57.2161],[-113.1789,57.221],[-113.1736,57.2498],[-113.1566,57.2498],[-113.1407,57.2702],[-113.2118,57.3145],[-113.2096,57.3263],[-113.1609,57.3235],[-113.1285,57.3352],[-113.102,57.3213],[-113.0436,57.32],[-113.0344,57.3335],[-113.012,57.303],[-113.0196,57.2971],[-113.0055,57.2955],[-113.0203,57.2835],[-113.003,57.2787],[-112.9958,57.2609],[-113.0051,57.2565],[-112.9911,57.2477],[-112.9341,57.2712],[-112.9263,57.2893],[-112.8399,57.3206],[-112.8647,57.3295],[-112.86,57.3413],[-112.8773,57.3384],[-112.8538,57.3701],[-112.7826,57.3665],[-112.7679,57.3518],[-112.7231,57.3613],[-112.6702,57.3505],[-112.681,57.3269],[-112.7064,57.3145],[-112.656,57.3293],[-112.6396,57.3636],[-112.6205,57.3694],[-112.6402,57.3796]],[[-111.9238,57.906],[-112.0516,57.9179],[-112.0293,57.8923],[-112.1176,57.912],[-112.2883,57.8699],[-112.3231,57.8458],[-112.322,57.8258],[-112.3733,57.8417],[-112.3867,57.8351],[-112.3321,57.8103],[-112.3417,57.8045],[-112.3016,57.7695],[-112.3225,57.7578],[-112.3537,57.7655],[-112.3904,57.7511],[-112.4465,57.7529],[-112.4765,57.7655],[-112.4964,57.753],[-112.5694,57.7541],[-112.5755,57.7453],[-112.6484,57.75],[-112.6564,57.7447],[-112.6447,57.7391],[-112.7191,57.7119],[-112.6681,57.6971],[-112.6792,57.6771],[-112.651,57.6742],[-112.6497,57.6612],[-112.6132,57.6766],[-112.5782,57.6699],[-112.5918,57.6622],[-112.5818,57.6504],[-112.555,57.6648],[-112.5382,57.6524],[-112.5575,57.6471],[-112.5428,57.6427],[-112.5503,57.631],[-112.5099,57.6211],[-112.4419,57.628],[-112.4253,57.6509],[-112.3564,57.6611],[-112.292,57.6896],[-112.2735,57.6838],[-112.2723,57.6673],[-112.2979,57.6607],[-112.2822,57.6535],[-112.2999,57.6416],[-112.3535,57.6417],[-112.3731,57.6297],[-112.3557,57.6101],[-112.3752,57.5914],[-112.4227,57.5798],[-112.422,57.5594],[-112.4764,57.5537],[-112.4645,57.5204],[-112.5029,57.5103],[-112.4834,57.4866],[-112.4908,57.473],[-112.4697,57.4568],[-112.486,57.4379],[-112.4721,57.4185],[-112.4917,57.3826],[-112.4654,57.3908],[-112.4545,57.4133],[-112.4093,57.4166],[-112.4017,57.4025],[-112.3706,57.3947],[-112.3527,57.4017],[-112.3557,57.4146],[-112.2366,57.4309],[-112.2042,57.4537],[-112.1643,57.4487],[-112.0938,57.4974],[-112.096,57.5201],[-112.0642,57.5145],[-112.0891,57.5293],[-112.0211,57.5144],[-111.9812,57.537],[-111.9428,57.5363],[-111.9403,57.5554],[-111.9157,57.5677],[-111.9727,57.6288],[-111.9584,57.649],[-111.9133,57.6333],[-111.8872,57.6388],[-111.8873,57.6526],[-111.9132,57.6558],[-111.9037,57.6667],[-111.8187,57.6857],[-111.8267,57.7078],[-111.9138,57.7227],[-111.8419,57.7564],[-111.9001,57.8034],[-111.862,57.8178],[-111.869,57.8322],[-111.9246,57.8545],[-111.9522,57.8501],[-111.9028,57.8829],[-111.9238,57.906]],[[-112.2558,58.1152],[-112.4891,58.105],[-112.4912,58.0914],[-112.4659,58.0839],[-112.4977,58.0828],[-112.5252,58.0575],[-112.5474,58.0678],[-112.5326,58.0935],[-112.6553,58.0928],[-112.6759,58.0748],[-112.6707,58.0653],[-112.725,58.0406],[-112.7166,58.0052],[-112.7467,57.9731],[-112.6959,57.9621],[-112.7427,57.9464],[-112.761,57.9651],[-112.917,57.9882],[-113.045,57.9551],[-113.297,57.8607],[-113.3472,57.8027],[-113.2515,57.7841],[-113.1453,57.7948],[-113.1148,57.813],[-113.0871,57.8017],[-113.0578,57.8085],[-113.0066,57.7731],[-112.9661,57.7653],[-112.8269,57.8115],[-112.7383,57.8092],[-112.6347,57.8559],[-112.6424,57.8632],[-112.5833,57.8963],[-112.5742,57.9285],[-112.5867,57.945],[-112.5676,57.9765],[-112.2191,58.0252],[-112.1153,58.0688],[-112.156,58.1132],[-112.1612,58.0955],[-112.1995,58.1095],[-112.2426,58.0885],[-112.2692,58.0915],[-112.2558,58.1152]]],[[[-116.7509,56.6734],[-116.7323,56.7069],[-116.6949,56.7054],[-116.6885,56.7364],[-116.6689,56.7464],[-116.6814,56.7593],[-116.6067,56.8322],[-116.5996,56.8689],[-116.5528,56.8968],[-116.5558,56.9067],[-116.5205,56.9092],[-116.5671,56.9226],[-116.7069,56.8949],[-116.7821,56.9404],[-116.8539,56.9138],[-116.8413,56.9514],[-116.7894,57.0071],[-116.7873,57.0332],[-116.6878,57.0859],[-116.6523,57.0912],[-116.6552,57.0663],[-116.6451,57.0622],[-116.6218,57.1079],[-116.5691,57.1237],[-116.5193,57.1684],[-116.4682,57.1689],[-116.4065,57.1214],[-116.2766,57.1244],[-116.2404,57.1356],[-116.1898,57.1164],[-116.184,57.0846],[-116.135,57.1287],[-116.1117,57.1315],[-116.0824,57.2019],[-116.0533,57.2204],[-116.0257,57.2164],[-116.0212,57.2301],[-116.0316,57.2343],[-116.0119,57.2493],[-116.0179,57.268],[-116.0484,57.2898],[-116.0483,57.3218],[-116.0807,57.3575],[-116.0555,57.4064],[-116.0486,57.4563],[-116.0323,57.4743],[-116.1877,57.4727],[-116.2653,57.512],[-116.2859,57.5539],[-116.2911,57.6013],[-116.3396,57.6349],[-116.3512,57.6749],[-116.3702,57.6938],[-116.4385,57.7403],[-116.4214,57.7574],[-116.3795,57.7507],[-116.3665,57.7609],[-116.4173,57.8185],[-116.4042,57.8548],[-116.413,57.8691],[-116.4405,57.8786],[-116.5151,57.8676],[-116.5328,57.8534],[-116.5267,57.829],[-116.541,57.8216],[-116.5941,57.8919],[-116.5926,57.9246],[-116.5687,57.9535],[-116.4357,57.9773],[-116.3084,57.9751],[-116.2712,57.9534],[-116.2528,57.9704],[-116.1969,57.98],[-116.1394,57.9696],[-116.1425,57.9511],[-116.0672,57.9633],[-115.9976,57.9472],[-115.991,57.9362],[-115.976,57.9489],[-115.872,57.9439],[-115.8005,57.9286],[-115.8089,57.905],[-115.7488,57.9154],[-115.6158,57.896],[-115.5905,57.8818],[-115.6438,57.8524],[-115.6214,57.8498],[-115.6295,57.8431],[-115.5736,57.8437],[-115.4078,57.7957],[-115.4031,57.7591],[-115.4235,57.745],[-115.4811,57.7491],[-115.4637,57.7438],[-115.4664,57.7271],[-115.4462,57.7122],[-115.4742,57.6907],[-115.4592,57.6839],[-115.4947,57.6455],[-115.4706,57.6398],[-115.4642,57.6212],[-115.5017,57.5803],[-115.5673,57.5929],[-115.5924,57.5852],[-115.6106,57.5579],[-115.6619,57.5722],[-115.6055,57.5361],[-115.5996,57.5259],[-115.6308,57.5255],[-115.6032,57.499],[-115.6062,57.4848],[-115.5807,57.4726],[-115.591,57.4513],[-115.5719,57.4508],[-115.5499,57.4242],[-115.548,57.3344],[-115.5569,57.2804],[-115.5672,57.2762],[-115.5617,57.1948],[-115.5759,57.1906],[-115.6057,57.1012],[-115.6538,57.0756],[-115.6447,57.0562],[-115.6534,57.0393],[-115.6916,57.0191],[-115.6604,57.0078],[-115.6496,56.8699],[-115.7165,56.7989],[-115.7542,56.8056],[-115.706,56.7812],[-115.6992,56.7637],[-115.7201,56.744],[-115.7102,56.7282],[-115.7239,56.722],[-115.7199,56.7092],[-115.7627,56.6558],[-115.8094,56.62],[-115.818,56.6288],[-115.884,56.6111],[-115.8896,56.5928],[-115.9245,56.6003],[-115.9707,56.5602],[-115.9455,56.5533],[-115.9554,56.5444],[-115.9977,56.5435],[-116.0065,56.5491],[-115.9987,56.5567],[-116.0398,56.5764],[-116.0779,56.5743],[-116.0745,56.5586],[-116.1054,56.5617],[-116.1014,56.5812],[-116.1163,56.5847],[-116.1766,56.579],[-116.1944,56.5596],[-116.2547,56.5473],[-116.3787,56.5752],[-116.3863,56.5872],[-116.3714,56.5933],[-116.3972,56.603],[-116.3942,56.6147],[-116.3384,56.6374],[-116.3449,56.65],[-116.4299,56.6229],[-116.4495,56.64],[-116.4535,56.63],[-116.4802,56.6301],[-116.564,56.6453],[-116.5393,56.6194],[-116.5378,56.6059],[-116.555,56.5968],[-116.5939,56.6257],[-116.5929,56.6448],[-116.613,56.6445],[-116.62,56.6581],[-116.5265,56.6911],[-116.5296,56.6991],[-116.6769,56.6954],[-116.734,56.6615],[-116.7509,56.6734]],[[-115.8939,57.4239],[-115.9773,57.4152],[-115.9788,57.3965],[-115.9292,57.3858],[-115.9104,57.3565],[-115.8701,57.3401],[-115.882,57.3085],[-115.8573,57.3046],[-115.8271,57.2726],[-115.7955,57.2671],[-115.8088,57.2608],[-115.8072,57.2459],[-115.8317,57.2399],[-115.8367,57.1848],[-115.8989,57.1778],[-115.9408,57.1447],[-115.9171,57.1339],[-115.969,57.1172],[-115.9637,57.1065],[-115.9808,57.0872],[-115.9735,57.0667],[-116.0157,57.0165],[-115.9968,56.9972],[-116.0778,56.9719],[-116.1147,56.9284],[-116.0671,56.9189],[-116.0603,56.9303],[-116.0374,56.9296],[-116.0103,56.9122],[-115.9566,56.938],[-115.901,56.9214],[-115.9208,56.8953],[-115.8642,56.8965],[-115.8275,56.8714],[-115.7345,56.8554],[-115.7164,56.8701],[-115.7006,56.9139],[-115.7011,56.9448],[-115.7212,56.9498],[-115.7024,56.9669],[-115.7938,57.006],[-115.7555,57.0219],[-115.758,57.047],[-115.7187,57.0599],[-115.7226,57.0795],[-115.7088,57.0822],[-115.7149,57.1211],[-115.7538,57.1286],[-115.6628,57.14],[-115.6695,57.1501],[-115.6465,57.1745],[-115.6521,57.1918],[-115.6338,57.2191],[-115.6418,57.2361],[-115.6283,57.2449],[-115.7032,57.2848],[-115.734,57.2862],[-115.71,57.3033],[-115.6312,57.3019],[-115.5966,57.3643],[-115.607,57.3813],[-115.6319,57.3828],[-115.6254,57.3903],[-115.6558,57.3897],[-115.6946,57.424],[-115.8627,57.4251],[-115.8814,57.4366],[-115.8939,57.4239]],[[-116.0135,57.9297],[-116.1028,57.936],[-116.1761,57.909],[-116.2137,57.9135],[-116.3104,57.8849],[-116.1843,57.8352],[-116.1904,57.8109],[-116.2253,57.7993],[-116.2434,57.7734],[-116.2136,57.7858],[-116.1939,57.7737],[-116.1774,57.781],[-116.1851,57.7946],[-116.1657,57.7898],[-116.1588,57.7381],[-116.1031,57.7203],[-116.0683,57.7232],[-116.0887,57.7405],[-116.0785,57.7483],[-116.0886,57.7611],[-116.072,57.7675],[-116.0836,57.7848],[-116.0684,57.8225],[-116.0553,57.7852],[-116.0289,57.7743],[-116.0357,57.7654],[-116.0093,57.7365],[-115.9769,57.7457],[-115.9669,57.7653],[-115.8579,57.7144],[-115.8345,57.7376],[-115.8391,57.7548],[-115.7851,57.7332],[-115.7624,57.7484],[-115.7467,57.7432],[-115.7493,57.7341],[-115.7053,57.7433],[-115.7105,57.7244],[-115.6941,57.7079],[-115.7138,57.707],[-115.7686,57.6619],[-115.7613,57.6366],[-115.7387,57.6301],[-115.6619,57.6283],[-115.664,57.6549],[-115.6388,57.6709],[-115.5862,57.6497],[-115.6038,57.6188],[-115.5563,57.6265],[-115.5249,57.6584],[-115.5423,57.6796],[-115.5644,57.6811],[-115.5555,57.6873],[-115.6136,57.716],[-115.6652,57.7165],[-115.6725,57.7282],[-115.5567,57.7683],[-115.4284,57.7719],[-115.442,57.7936],[-115.5873,57.8264],[-115.6527,57.809],[-115.6656,57.7783],[-115.683,57.7975],[-115.6859,57.8313],[-115.7514,57.847],[-115.7137,57.856],[-115.7352,57.8698],[-115.7411,57.8949],[-115.8674,57.8812],[-115.8171,57.9097],[-115.8212,57.9181],[-115.9608,57.9311],[-115.9979,57.8949],[-116.0135,57.9297]]]]}},{"type":"Feature","properties":{"key":"mid_boreal_uplands","name":"Mid-Boreal Uplands","where":"central AB / SK","sort":111,"ecozone":"Boreal Plains","ab_subregion":"Lower Foothills"},"geometry":{"type":"MultiPolygon","coordinates":[[[[-115.6675,54.1061],[-115.6596,54.1026],[-115.6696,54.1062],[-115.6675,54.1061]]],[[[-115.7268,54.1073],[-115.7776,54.0922],[-115.8116,54.0695],[-115.777,54.1047],[-115.7268,54.1073]]],[[[-115.8228,54.0958],[-115.8379,54.0665],[-115.8547,54.0609],[-115.8423,54.0758],[-115.8228,54.0958]]],[[[-115.7156,54.1066],[-115.6978,54.1119],[-115.6897,54.1094],[-115.7156,54.1066]]],[[[-115.8353,54.1525],[-115.7668,54.1448],[-115.7399,54.1275],[-115.7935,54.1226],[-115.8217,54.1029],[-115.8353,54.1525]]],[[[-116.0047,54.1633],[-115.9721,54.169],[-115.9132,54.1697],[-115.9802,54.1597],[-116.0047,54.1633]]],[[[-116.2942,54.2337],[-116.2558,54.2579],[-116.1073,54.2493],[-115.9945,54.2636],[-115.8662,54.2242],[-115.8232,54.2181],[-115.8078,54.2342],[-115.7851,54.2328],[-115.6699,54.1719],[-115.627,54.1707],[-115.667,54.1683],[-115.7326,54.1837],[-115.8041,54.2319],[-115.8124,54.2263],[-115.7756,54.1881],[-115.9985,54.182],[-116.0907,54.2307],[-116.1835,54.2367],[-116.1742,54.2237],[-116.2942,54.2337]]],[[[-116.1441,54.2163],[-116.0892,54.2124],[-116.0629,54.1941],[-116.1441,54.2163]]],[[[-115.5929,54.0856],[-115.5456,54.0922],[-115.5208,54.1097],[-115.5358,54.096],[-115.5548,54.0884],[-115.5929,54.0856]]],[[[-115.6494,54.099],[-115.6467,54.098],[-115.6495,54.099],[-115.6494,54.099]]],[[[-115.5931,54.172],[-115.6049,54.1742],[-115.5861,54.1772],[-115.5931,54.172]]],[[[-115.4433,54.2316],[-115.4544,54.2189],[-115.4475,54.2062],[-115.4882,54.1998],[-115.4433,54.2316]]],[[[-115.3776,54.2779],[-115.2322,54.3322],[-115.2073,54.3297],[-115.2332,54.3216],[-115.2299,54.299],[-115.2562,54.2958],[-115.2522,54.285],[-115.2813,54.2678],[-115.3307,54.265],[-115.347,54.2496],[-115.3524,54.2591],[-115.3917,54.2576],[-115.4134,54.2491],[-115.3912,54.2397],[-115.3963,54.2332],[-115.4404,54.2342],[-115.3776,54.2779]]],[[[-115.078,54.4822],[-115.0643,54.4789],[-115.0394,54.4645],[-115.078,54.4822]]],[[[-115.0242,54.5205],[-114.9831,54.614],[-114.93,54.6537],[-114.7532,54.7455],[-114.7404,54.768],[-114.6922,54.7439],[-114.7097,54.6691],[-114.7407,54.6093],[-114.8178,54.6336],[-114.7948,54.6155],[-114.8021,54.6022],[-114.7752,54.5993],[-114.7604,54.5831],[-114.7741,54.5612],[-114.7363,54.5594],[-114.7264,54.5364],[-114.7403,54.5322],[-114.7457,54.5102],[-114.8012,54.5022],[-114.8301,54.4695],[-114.9271,54.4242],[-114.9715,54.4314],[-115.0246,54.4751],[-115.0692,54.4929],[-115.0242,54.5205]]],[[[-114.1355,55.6785],[-114.0125,55.6547],[-113.7929,55.6899],[-113.737,55.6883],[-113.7398,55.6803],[-113.717,55.6958],[-113.6249,55.685],[-113.6244,55.6721],[-113.585,55.6844],[-113.5315,55.6853],[-113.4862,55.6665],[-113.4516,55.6752],[-113.3759,55.6475],[-113.3777,55.6725],[-113.3419,55.6849],[-113.3217,55.6835],[-113.3065,55.646],[-113.278,55.6297],[-113.2553,55.6728],[-113.2301,55.6722],[-113.2039,55.6473],[-113.1862,55.6694],[-113.1529,55.6749],[-113.1341,55.6604],[-113.1332,55.6303],[-113.1211,55.6375],[-113.1203,55.6264],[-113.1501,55.5455],[-113.1947,55.557],[-113.2093,55.603],[-113.2449,55.5531],[-113.2416,55.5381],[-113.2798,55.5293],[-113.2974,55.5451],[-113.3177,55.5426],[-113.3348,55.5695],[-113.4108,55.5501],[-113.4473,55.5644],[-113.479,55.5119],[-113.5359,55.507],[-113.5497,55.4873],[-113.5479,55.5069],[-113.5688,55.5112],[-113.5818,55.5006],[-113.5724,55.4898],[-113.6117,55.4911],[-113.5852,55.486],[-113.6394,55.4557],[-113.7235,55.46],[-113.7741,55.4888],[-113.7909,55.4766],[-113.8214,55.4794],[-113.8005,55.4624],[-113.8321,55.4555],[-113.8157,55.4394],[-113.8294,55.4185],[-113.8815,55.4032],[-113.9443,55.3964],[-114.0011,55.4272],[-114.0174,55.4031],[-114.0563,55.401],[-114.0816,55.4467],[-114.0759,55.46],[-114.1425,55.4352],[-114.1967,55.4385],[-114.2315,55.457],[-114.2754,55.4498],[-114.3181,55.4894],[-114.3329,55.4817],[-114.337,55.4583],[-114.3165,55.4446],[-114.3581,55.4464],[-114.3109,55.4305],[-114.3159,55.4055],[-114.3684,55.4101],[-114.3893,55.3899],[-114.4365,55.3845],[-114.4475,55.4038],[-114.4713,55.4106],[-114.4807,55.3966],[-114.4986,55.3981],[-114.6207,55.4305],[-114.6306,55.4127],[-114.6601,55.4066],[-114.8298,55.488],[-114.8386,55.4965],[-114.8075,55.5269],[-114.7693,55.5413],[-114.8147,55.5375],[-114.809,55.5581],[-114.8289,55.5722],[-114.8076,55.6011],[-114.8667,55.6017],[-114.8628,55.6204],[-114.8846,55.6356],[-114.8759,55.667],[-114.8417,55.6731],[-114.8038,55.6698],[-114.8209,55.6591],[-114.8133,55.6323],[-114.7554,55.662],[-114.7377,55.6366],[-114.705,55.6366],[-114.7131,55.627],[-114.6993,55.6176],[-114.6787,55.6434],[-114.6254,55.6585],[-114.5335,55.6664],[-114.5071,55.654],[-114.3531,55.6877],[-114.2487,55.6723],[-114.1887,55.6808],[-114.1586,55.6588],[-114.155,55.6724],[-114.1263,55.6692],[-114.1355,55.6785]]]]}},{"type":"Feature","properties":{"key":"mid_boreal_uplands","name":"Mid-Boreal Uplands","where":"central AB / SK","sort":111,"ecozone":"Boreal Plains","ab_subregion":"Upper Boreal Highlands"},"geometry":{"type":"MultiPolygon","coordinates":[[[[-113.5531,57.7302],[-113.4936,57.7037],[-113.476,57.6751],[-113.4838,57.6532],[-113.5168,57.6416],[-113.469,57.6141],[-113.3896,57.6453],[-113.3301,57.648],[-113.2543,57.6373],[-113.2409,57.624],[-113.2548,57.614],[-113.248,57.6087],[-113.201,57.6141],[-113.1517,57.6033],[-113.1477,57.6149],[-113.168,57.6247],[-113.13,57.6277],[-113.1388,57.6189],[-113.1124,57.6006],[-113.1176,57.6253],[-113.0961,57.6345],[-113.034,57.6167],[-112.8901,57.6563],[-112.7992,57.6491],[-112.7987,57.6347],[-112.771,57.644],[-112.7189,57.6231],[-112.704,57.6336],[-112.6708,57.6229],[-112.6405,57.6308],[-112.6202,57.6134],[-112.6126,57.6314],[-112.5885,57.6315],[-112.5921,57.6161],[-112.4823,57.5817],[-112.5242,57.5716],[-112.5101,57.5573],[-112.5688,57.5399],[-112.5411,57.5162],[-112.5874,57.5028],[-112.5696,57.4814],[-112.5818,57.4498],[-112.5716,57.4376],[-112.5702,57.4529],[-112.56,57.4524],[-112.5616,57.423],[-112.6402,57.3796],[-112.6205,57.3694],[-112.6396,57.3636],[-112.656,57.3293],[-112.7087,57.3145],[-112.681,57.3269],[-112.6702,57.3505],[-112.7231,57.3613],[-112.7679,57.3518],[-112.7826,57.3665],[-112.8522,57.3706],[-112.8773,57.3384],[-112.86,57.3413],[-112.8647,57.3295],[-112.8399,57.3206],[-112.9263,57.2893],[-112.9341,57.2712],[-112.9911,57.2477],[-113.0051,57.2565],[-112.9958,57.2609],[-113.003,57.2787],[-113.0203,57.2835],[-113.0055,57.2955],[-113.0196,57.2971],[-113.012,57.303],[-113.0344,57.3335],[-113.0436,57.32],[-113.102,57.3213],[-113.1285,57.3352],[-113.1609,57.3235],[-113.2096,57.3263],[-113.2118,57.3145],[-113.1407,57.2702],[-113.1566,57.2498],[-113.1736,57.2498],[-113.1789,57.221],[-113.2605,57.2161],[-113.2666,57.2015],[-113.2852,57.1976],[-113.279,57.2058],[-113.2898,57.2123],[-113.3421,57.1758],[-113.356,57.1783],[-113.3587,57.164],[-113.4309,57.1599],[-113.4434,57.1664],[-113.4348,57.1746],[-113.4562,57.1763],[-113.4848,57.1562],[-113.4897,57.1664],[-113.5353,57.1738],[-113.5479,57.1498],[-113.5351,57.1402],[-113.5806,57.1149],[-113.5843,57.1009],[-113.6884,57.1283],[-113.7004,57.1177],[-113.7533,57.1297],[-113.7534,57.141],[-113.7993,57.1559],[-113.7732,57.1763],[-113.7884,57.1998],[-113.8177,57.1707],[-113.8507,57.1727],[-113.8656,57.1879],[-113.8395,57.2051],[-113.8706,57.2305],[-113.8915,57.2017],[-113.9007,57.2217],[-113.9214,57.2266],[-113.9166,57.206],[-113.9414,57.1872],[-113.9315,57.1687],[-113.9469,57.1636],[-113.9556,57.1288],[-114.1529,57.153],[-114.174,57.178],[-114.1679,57.1867],[-114.1916,57.1959],[-114.1556,57.218],[-114.1676,57.2395],[-114.1446,57.2514],[-114.1373,57.276],[-114.0948,57.2924],[-114.1008,57.2999],[-114.0655,57.332],[-113.9944,57.3261],[-114.0079,57.3403],[-113.9954,57.3452],[-114.0069,57.3509],[-113.9981,57.3595],[-113.9208,57.3764],[-113.9341,57.4264],[-113.8895,57.4477],[-113.9129,57.4654],[-113.9142,57.4918],[-113.9314,57.5023],[-113.9226,57.5123],[-113.7505,57.5118],[-113.7489,57.4955],[-113.7902,57.4905],[-113.7052,57.4605],[-113.6514,57.4722],[-113.5785,57.4559],[-113.4685,57.4649],[-113.5218,57.4932],[-113.4995,57.5001],[-113.4527,57.4752],[-113.3775,57.4581],[-113.326,57.4675],[-113.2937,57.4957],[-113.2541,57.4989],[-113.2707,57.5145],[-113.2223,57.5203],[-113.3102,57.5533],[-113.3186,57.5801],[-113.3407,57.5658],[-113.4174,57.5915],[-113.4985,57.5904],[-113.5251,57.6235],[-113.603,57.6421],[-113.6465,57.677],[-113.643,57.7008],[-113.6229,57.7169],[-113.5531,57.7302]]],[[[-112.0516,57.9179],[-111.9196,57.9029],[-111.9014,57.8809],[-111.9522,57.8501],[-111.9246,57.8545],[-111.869,57.8322],[-111.862,57.8178],[-111.9001,57.8034],[-111.8419,57.7564],[-111.9129,57.721],[-111.8267,57.7078],[-111.8187,57.6857],[-111.9037,57.6667],[-111.9132,57.6558],[-111.8873,57.6526],[-111.8872,57.6388],[-111.9133,57.6333],[-111.9584,57.649],[-111.9727,57.6288],[-111.9157,57.5677],[-111.9403,57.5554],[-111.9428,57.5363],[-111.9812,57.537],[-112.0211,57.5144],[-112.0891,57.5293],[-112.0642,57.5145],[-112.096,57.5201],[-112.0938,57.4974],[-112.1643,57.4487],[-112.2042,57.4537],[-112.2366,57.4309],[-112.3557,57.4146],[-112.3527,57.4017],[-112.3706,57.3947],[-112.4017,57.4025],[-112.4093,57.4166],[-112.4545,57.4133],[-112.4654,57.3908],[-112.4917,57.3826],[-112.4721,57.4185],[-112.486,57.4379],[-112.4697,57.4568],[-112.4908,57.473],[-112.4834,57.4866],[-112.5029,57.5103],[-112.4645,57.5204],[-112.4764,57.5537],[-112.422,57.5594],[-112.4227,57.5798],[-112.3752,57.5914],[-112.3557,57.6101],[-112.3731,57.6297],[-112.3535,57.6417],[-112.2999,57.6416],[-112.2822,57.6535],[-112.2979,57.6607],[-112.2723,57.6673],[-112.2735,57.6838],[-112.292,57.6896],[-112.3564,57.6611],[-112.4253,57.6509],[-112.4419,57.628],[-112.5099,57.6211],[-112.5503,57.631],[-112.5428,57.6427],[-112.5575,57.6471],[-112.5382,57.6524],[-112.555,57.6648],[-112.5818,57.6504],[-112.5918,57.6622],[-112.5782,57.6699],[-112.6132,57.6766],[-112.6497,57.6612],[-112.651,57.6742],[-112.6792,57.6771],[-112.6681,57.6971],[-112.7191,57.7119],[-112.6447,57.7391],[-112.6564,57.7447],[-112.6484,57.75],[-112.5755,57.7453],[-112.5694,57.7541],[-112.4964,57.753],[-112.4765,57.7655],[-112.4465,57.7529],[-112.3904,57.7511],[-112.3537,57.7655],[-112.3225,57.7578],[-112.3016,57.7695],[-112.3417,57.8045],[-112.3321,57.8103],[-112.3867,57.8351],[-112.3733,57.8417],[-112.322,57.8258],[-112.3231,57.8458],[-112.3037,57.8633],[-112.1685,57.8917],[-112.141,57.9091],[-112.0757,57.91],[-112.0293,57.8923],[-112.0516,57.9179]]],[[[-115.8826,57.4365],[-115.6946,57.424],[-115.6558,57.3897],[-115.6254,57.3903],[-115.6319,57.3828],[-115.607,57.3813],[-115.5966,57.3643],[-115.6312,57.3019],[-115.71,57.3033],[-115.734,57.2862],[-115.7032,57.2848],[-115.6283,57.2449],[-115.6418,57.2361],[-115.6338,57.2191],[-115.6521,57.1918],[-115.6465,57.1745],[-115.6695,57.1501],[-115.6628,57.14],[-115.7538,57.1286],[-115.7149,57.1211],[-115.7088,57.0822],[-115.7226,57.0795],[-115.7187,57.0599],[-115.758,57.047],[-115.7555,57.0219],[-115.7938,57.006],[-115.7024,56.9669],[-115.7212,56.9498],[-115.7011,56.9448],[-115.7006,56.9139],[-115.7164,56.8701],[-115.7345,56.8554],[-115.8275,56.8714],[-115.8642,56.8965],[-115.9208,56.8953],[-115.901,56.9214],[-115.9566,56.938],[-116.0103,56.9122],[-116.0374,56.9296],[-116.0603,56.9303],[-116.0671,56.9189],[-116.1147,56.9284],[-116.0778,56.9719],[-115.9968,56.9972],[-116.0157,57.0158],[-116.0091,57.0343],[-115.9735,57.0667],[-115.9808,57.0872],[-115.9637,57.1065],[-115.969,57.1172],[-115.9149,57.136],[-115.9408,57.1447],[-115.9273,57.158],[-115.8846,57.1838],[-115.8399,57.1833],[-115.8296,57.1934],[-115.8389,57.2136],[-115.8317,57.2399],[-115.8042,57.2482],[-115.8088,57.2608],[-115.795,57.2736],[-115.8271,57.2726],[-115.8573,57.3046],[-115.882,57.3085],[-115.8701,57.3401],[-115.9104,57.3565],[-115.9313,57.387],[-115.977,57.3934],[-115.9804,57.4064],[-115.9773,57.4152],[-115.8939,57.4239],[-115.8826,57.4365]]],[[[-112.4891,58.105],[-112.251,58.1108],[-112.2692,58.0915],[-112.2426,58.0885],[-112.1995,58.1095],[-112.1612,58.0955],[-112.1537,58.1126],[-112.1153,58.0688],[-112.2191,58.0252],[-112.5676,57.9765],[-112.5867,57.945],[-112.5742,57.9285],[-112.5833,57.8963],[-112.6424,57.8632],[-112.6347,57.8559],[-112.7383,57.8092],[-112.8269,57.8115],[-112.9661,57.7653],[-113.0066,57.7731],[-113.0578,57.8085],[-113.0871,57.8017],[-113.1148,57.813],[-113.1453,57.7948],[-113.2515,57.7841],[-113.3472,57.8027],[-113.297,57.8607],[-113.045,57.9551],[-112.917,57.9882],[-112.761,57.9651],[-112.7427,57.9464],[-112.6959,57.9621],[-112.7467,57.9731],[-112.7166,58.0052],[-112.725,58.0406],[-112.6707,58.0653],[-112.6759,58.0748],[-112.6553,58.0928],[-112.5326,58.0935],[-112.5474,58.0678],[-112.5252,58.0575],[-112.4977,58.0828],[-112.4659,58.0839],[-112.4912,58.0914],[-112.4891,58.105]]],[[[-116.1028,57.936],[-116.0045,57.9201],[-115.9979,57.8949],[-115.9608,57.9311],[-115.8212,57.9181],[-115.8171,57.9097],[-115.8674,57.8812],[-115.7411,57.8949],[-115.7352,57.8698],[-115.7137,57.856],[-115.7514,57.847],[-115.6859,57.8313],[-115.683,57.7975],[-115.6656,57.7783],[-115.6527,57.809],[-115.5873,57.8264],[-115.442,57.7936],[-115.4284,57.7719],[-115.5567,57.7683],[-115.6725,57.7282],[-115.6652,57.7165],[-115.6136,57.716],[-115.5555,57.6873],[-115.5644,57.6811],[-115.5423,57.6796],[-115.5249,57.6584],[-115.5563,57.6265],[-115.6038,57.6188],[-115.5862,57.6497],[-115.6388,57.6709],[-115.664,57.6549],[-115.6619,57.6283],[-115.7387,57.6301],[-115.7613,57.6366],[-115.7686,57.6619],[-115.7138,57.707],[-115.6941,57.7079],[-115.7105,57.7244],[-115.7053,57.7433],[-115.7493,57.7341],[-115.7467,57.7432],[-115.7624,57.7484],[-115.7851,57.7332],[-115.8391,57.7548],[-115.8345,57.7376],[-115.8579,57.7144],[-115.9669,57.7653],[-115.9769,57.7457],[-116.0093,57.7365],[-116.0357,57.7654],[-116.0289,57.7743],[-116.0553,57.7852],[-116.0684,57.8225],[-116.0836,57.7848],[-116.072,57.7675],[-116.0886,57.7611],[-116.0785,57.7483],[-116.0887,57.7405],[-116.0683,57.7232],[-116.1031,57.7203],[-116.1588,57.7381],[-116.1657,57.7898],[-116.1851,57.7946],[-116.1774,57.781],[-116.1939,57.7737],[-116.2136,57.7858],[-116.2434,57.7734],[-116.2253,57.7993],[-116.1904,57.8109],[-116.1843,57.8352],[-116.3104,57.8849],[-116.2137,57.9135],[-116.1761,57.909],[-116.1028,57.936]]]]}},{"type":"Feature","properties":{"key":"mixed_grassland","name":"Mixed Grassland","where":"south AB / SK","sort":12,"ecozone":"Prairies","ab_subregion":""},"geometry":{"type":"Polygon","coordinates":[[[-109.2506,52.0128],[-109.1243,52.0217],[-109.0445,51.9888],[-108.9946,51.9862],[-108.9975,51.9496],[-108.9224,51.8894],[-108.8909,51.8481],[-108.9138,51.846],[-108.9129,51.8291],[-108.8806,51.82],[-108.8906,51.7944],[-108.8735,51.7809],[-108.8701,51.7582],[-108.8337,51.7493],[-108.7889,51.7158],[-108.6759,51.6858],[-108.6239,51.6999],[-108.477,51.6889],[-108.3564,51.624],[-108.3337,51.6239],[-108.3071,51.57],[-108.2776,51.5472],[-108.2878,51.4878],[-108.1949,51.4833],[-108.1837,51.496],[-108.1759,51.4854],[-108.1041,51.5104],[-108.0257,51.5059],[-108.0383,51.4586],[-108.1739,51.2993],[-108.179,51.2715],[-108.2062,51.276],[-108.2024,51.259],[-108.2201,51.2445],[-108.2647,51.2588],[-108.2859,51.2419],[-108.2831,51.2251],[-108.235,51.1845],[-108.1115,51.2008],[-108.108,51.1863],[-108.1357,51.1453],[-108.1243,51.1202],[-108.1666,51.1206],[-108.1759,51.1092],[-108.1498,51.0731],[-108.162,51.0674],[-108.1619,51.0407],[-108.1162,51.0306],[-108.094,51.0381],[-108.0807,50.9962],[-108.0464,51.0603],[-108.0664,51.0696],[-108.0592,51.0847],[-108.0798,51.0872],[-108.0354,51.1334],[-108.0206,51.1271],[-108.0174,51.139],[-108.0051,51.1318],[-107.9388,51.1603],[-107.8878,51.1237],[-107.9044,51.1095],[-107.8983,51.1037],[-107.8507,51.1096],[-107.8556,51.0943],[-107.7754,51.0859],[-107.727,51.132],[-107.6662,51.1515],[-107.5569,51.2309],[-107.501,51.2421],[-107.4846,51.2603],[-107.4817,51.2898],[-107.4432,51.2877],[-107.4552,51.3021],[-107.4392,51.3195],[-107.4589,51.3296],[-107.4352,51.388],[-107.3898,51.3824],[-107.3397,51.4154],[-107.3343,51.4336],[-107.2056,51.4643],[-107.1524,51.4461],[-107.0935,51.4081],[-107.0555,51.3496],[-107.0161,51.3286],[-107.0288,51.3149],[-106.9206,51.2782],[-106.9176,51.2656],[-106.9588,51.2501],[-106.9585,51.2401],[-106.9005,51.2226],[-106.8508,51.166],[-106.8485,51.1438],[-106.8823,51.0917],[-106.8677,51.0335],[-106.8784,51.0168],[-106.8584,51.0197],[-106.8654,51.0016],[-106.8448,50.9647],[-106.863,50.9578],[-106.875,50.918],[-106.8635,50.9004],[-106.9276,50.8787],[-106.9247,50.8684],[-106.883,50.8615],[-106.9021,50.8579],[-106.8999,50.8337],[-106.9297,50.8063],[-106.8845,50.8018],[-106.869,50.8116],[-106.8485,50.8025],[-106.8343,50.8113],[-106.827,50.8569],[-106.8057,50.8746],[-106.8163,50.8807],[-106.6781,50.9587],[-106.6258,50.9613],[-106.6069,50.9421],[-106.5812,50.9443],[-106.584,50.9293],[-106.5365,50.9228],[-106.5312,50.9109],[-106.5706,50.8919],[-106.5174,50.8858],[-106.5051,50.8514],[-106.4874,50.851],[-106.4858,50.8642],[-106.4621,50.8539],[-106.4549,50.8356],[-106.4367,50.8369],[-106.3937,50.7968],[-106.392,50.7698],[-106.3439,50.6949],[-106.2812,50.7078],[-106.2373,50.7007],[-106.2357,50.6578],[-106.1205,50.5963],[-106.1676,50.5933],[-106.1894,50.567],[-106.2178,50.5718],[-106.2508,50.5488],[-106.2968,50.5759],[-106.3353,50.5699],[-106.3309,50.5556],[-106.2462,50.5289],[-106.2267,50.5012],[-106.2498,50.481],[-106.2343,50.4687],[-106.0678,50.4204],[-106.0326,50.3973],[-105.9121,50.4166],[-105.8435,50.4019],[-105.816,50.3692],[-105.7762,50.3535],[-105.7805,50.3685],[-105.6349,50.3393],[-105.6197,50.3296],[-105.6441,50.33],[-105.6123,50.3168],[-105.4939,50.3153],[-105.4398,50.2938],[-105.402,50.2564],[-105.4002,50.2395],[-105.425,50.2259],[-105.4196,50.2143],[-105.3919,50.2181],[-105.3119,50.1611],[-105.2561,50.163],[-105.2182,50.1444],[-105.1492,50.1376],[-105.0674,50.1016],[-105.0506,50.08],[-105.0221,50.0818],[-104.9946,50.0577],[-105.0069,50.0259],[-105.0039,49.9826],[-104.9372,49.9248],[-104.977,49.9004],[-104.9798,49.8784],[-105.0103,49.8689],[-105.0352,49.8796],[-105.0364,49.8632],[-105.0171,49.8643],[-104.9285,49.8204],[-104.9147,49.7916],[-104.8609,49.7898],[-104.9231,49.7663],[-104.8798,49.7548],[-104.8424,49.7788],[-104.7569,49.7443],[-104.7285,49.7146],[-104.6791,49.704],[-104.6398,49.6546],[-104.6301,49.6608],[-104.5826,49.6123],[-104.4481,49.5827],[-104.4431,49.5638],[-104.4586,49.5628],[-104.4499,49.5558],[-104.4204,49.5578],[-104.4219,49.5768],[-104.408,49.588],[-104.3811,49.5762],[-104.3775,49.5615],[-104.3373,49.5418],[-104.267,49.4504],[-104.1996,49.4266],[-104.1382,49.368],[-103.9084,49.2429],[-103.8543,49.1873],[-103.8203,49.1764],[-103.7991,49.1813],[-103.7909,49.1973],[-103.7433,49.177],[-103.746,49.145],[-103.7265,49.1297],[-103.6357,49.1128],[-103.4852,49.0412],[-103.5212,49.0296],[-103.4726,49.0287],[-103.47,49.0177],[-103.3762,48.9968],[-112.0442,48.9957],[-110.0051,48.9996],[-110.0051,49.4212],[-109.9905,49.4237],[-109.9463,49.3882],[-109.8653,49.3973],[-109.8447,49.4261],[-109.8274,49.4016],[-109.7575,49.3935],[-109.6137,49.4209],[-109.5457,49.4155],[-109.4619,49.4272],[-109.3003,49.4176],[-109.1895,49.3944],[-109.0985,49.4037],[-109.0914,49.4085],[-109.1384,49.417],[-109.1098,49.4375],[-109.0189,49.4083],[-108.9635,49.4337],[-108.9045,49.4397],[-108.8764,49.4799],[-108.8524,49.4709],[-108.7784,49.5174],[-108.7663,49.5592],[-108.7238,49.5739],[-108.6905,49.6029],[-108.6495,49.6111],[-108.6103,49.6541],[-108.5894,49.7103],[-108.5914,49.7458],[-108.5438,49.7943],[-108.5447,49.8449],[-108.5592,49.8555],[-108.5523,49.872],[-108.5669,49.8648],[-108.5701,49.8787],[-108.5475,49.8835],[-108.618,49.9206],[-108.678,49.8954],[-108.6949,49.9149],[-108.7146,49.9169],[-108.716,49.8957],[-108.7602,49.9161],[-108.8124,49.9087],[-108.8087,49.9191],[-108.8269,49.9314],[-108.8931,49.8931],[-108.8652,49.891],[-108.8661,49.8794],[-108.913,49.8636],[-108.9867,49.8795],[-109.0043,49.8632],[-109.0336,49.8726],[-109.0985,49.856],[-109.1165,49.8608],[-109.1143,49.8801],[-109.1347,49.8961],[-109.1531,49.8889],[-109.1574,49.9017],[-109.218,49.9034],[-109.249,49.9173],[-109.2569,49.9028],[-109.2751,49.9124],[-109.3036,49.8897],[-109.3775,49.8862],[-109.5257,49.8388],[-109.5742,49.8546],[-109.6285,49.8512],[-109.7168,49.8789],[-109.7787,49.8593],[-109.8013,49.8873],[-109.9291,49.9131],[-109.9259,49.9015],[-109.9502,49.8891],[-109.9496,49.9098],[-109.9696,49.9086],[-109.9622,49.9207],[-109.9768,49.9249],[-110.005,49.9087],[-110.0051,51.6309],[-109.9591,51.6112],[-109.9115,51.6102],[-109.8274,51.6462],[-109.7841,51.6318],[-109.778,51.64],[-109.7924,51.6527],[-109.7576,51.7184],[-109.7143,51.7069],[-109.6983,51.7216],[-109.6968,51.7558],[-109.7307,51.7752],[-109.7346,51.7897],[-109.5938,51.7538],[-109.543,51.7675],[-109.6368,51.8501],[-109.7843,51.9399],[-109.7979,51.9561],[-109.7854,51.9739],[-109.7295,51.9669],[-109.6548,51.9063],[-109.6115,51.933],[-109.4802,51.8989],[-109.3947,51.9296],[-109.3899,51.959],[-109.4054,51.9961],[-109.3802,52.0309],[-109.3269,52.0387],[-109.2506,52.0128]]]}},{"type":"Feature","properties":{"key":"mixed_grassland","name":"Mixed Grassland","where":"south AB / SK","sort":12,"ecozone":"Prairies","ab_subregion":"Dry Mixedgrass"},"geometry":{"type":"Polygon","coordinates":[[[-112.05,49.0164],[-112.0318,49.0626],[-112.0322,49.1036],[-111.9938,49.1346],[-111.9912,49.1837],[-112.1592,49.205],[-112.1962,49.2302],[-112.2225,49.2876],[-112.22,49.3312],[-112.1992,49.3484],[-112.21,49.3995],[-112.3555,49.5608],[-112.347,49.5971],[-112.3725,49.6577],[-112.3553,49.6714],[-112.4093,49.698],[-112.463,49.7447],[-112.4655,49.7995],[-112.4475,49.861],[-112.4751,49.8625],[-112.4624,49.8974],[-112.4966,49.9108],[-112.4951,49.9513],[-112.5139,49.9855],[-112.5431,50.011],[-112.609,50.0276],[-112.6501,50.0682],[-112.6635,50.1953],[-112.6276,50.2535],[-112.5989,50.3884],[-112.5477,50.4119],[-112.5105,50.4088],[-112.5063,50.4563],[-112.4878,50.4882],[-112.4057,50.5656],[-112.3974,50.5883],[-112.406,50.6052],[-112.4996,50.6359],[-112.5175,50.6753],[-112.569,50.725],[-112.56,50.7687],[-112.4417,50.7739],[-112.4016,50.8228],[-112.3021,50.8477],[-112.261,50.8865],[-112.1389,51.1427],[-112.1487,51.1837],[-112.0706,51.2386],[-112.0318,51.296],[-112.0377,51.344],[-112.0726,51.4028],[-111.912,51.4602],[-111.9592,51.5495],[-111.9983,51.5898],[-111.9828,51.6225],[-111.9518,51.6517],[-111.8691,51.682],[-111.8477,51.7079],[-111.8474,51.6693],[-111.8341,51.6562],[-111.7845,51.673],[-111.766,51.7009],[-111.6596,51.6935],[-111.5835,51.7675],[-111.4918,51.802],[-111.3565,51.7896],[-111.2158,51.8201],[-111.1112,51.792],[-111.0343,51.8217],[-110.9978,51.8228],[-110.9152,51.8208],[-110.7371,51.7814],[-110.6538,51.781],[-110.6134,51.7489],[-110.5933,51.7077],[-110.5642,51.7002],[-110.4884,51.7247],[-110.4115,51.7225],[-110.3987,51.7131],[-110.4089,51.6992],[-110.3988,51.6963],[-110.3896,51.6549],[-110.1373,51.6633],[-110.105,51.6427],[-110.1405,51.6176],[-110.1068,51.5807],[-110.0687,51.5755],[-110.0051,51.619],[-110.005,49.9087],[-110.1926,49.9267],[-110.2876,49.9643],[-110.3438,49.9388],[-110.508,49.927],[-110.5853,49.8743],[-110.6555,49.8675],[-110.7368,49.835],[-110.8341,49.7541],[-110.8982,49.7218],[-110.9296,49.6715],[-110.8929,49.6221],[-110.846,49.6039],[-110.8315,49.5818],[-110.8362,49.5624],[-110.7831,49.5152],[-110.6006,49.4607],[-110.5959,49.319],[-110.565,49.2906],[-110.3683,49.2796],[-110.3256,49.2993],[-110.3125,49.3227],[-110.2453,49.3138],[-110.2367,49.3333],[-110.1124,49.3509],[-110.0741,49.4071],[-110.0051,49.4212],[-110.0051,48.9996],[-110.8954,48.9981],[-110.915,49.0211],[-110.9034,49.0314],[-110.9136,49.0549],[-110.9961,49.056],[-111.0549,49.0651],[-111.0635,49.0761],[-111.1327,49.0731],[-111.1709,49.0877],[-111.1915,49.084],[-111.2227,49.0476],[-111.3071,49.0584],[-111.4006,49.0373],[-111.4436,49.0609],[-111.4789,49.0389],[-111.517,49.0365],[-111.6769,49.051],[-111.7016,49.025],[-111.7523,49.0158],[-111.7613,48.9975],[-112.0451,48.9987],[-112.05,49.0164]]]}},{"type":"Feature","properties":{"key":"mixed_grassland","name":"Mixed Grassland","where":"south AB / SK","sort":12,"ecozone":"Prairies","ab_subregion":"Mixedgrass"},"geometry":{"type":"MultiPolygon","coordinates":[[[[-111.0549,49.0651],[-110.9136,49.0549],[-110.9034,49.0314],[-110.915,49.0211],[-110.8954,48.9981],[-111.7625,49.0012],[-111.7356,49.0233],[-111.6876,49.0326],[-111.6893,49.0486],[-111.6769,49.051],[-111.517,49.0365],[-111.4789,49.0389],[-111.4436,49.0609],[-111.4006,49.0373],[-111.3071,49.0584],[-111.2227,49.0476],[-111.1915,49.084],[-111.1709,49.0877],[-111.1327,49.0731],[-111.0635,49.0761],[-111.0549,49.0651]]],[[[-111.9938,49.1686],[-111.9982,49.1285],[-112.0322,49.1036],[-111.9938,49.1686]]],[[[-112.0914,49.192],[-112.0513,49.1875],[-112.0384,49.1867],[-112.0914,49.192]]],[[[-112.2435,49.4355],[-112.1997,49.376],[-112.2006,49.3431],[-112.22,49.3312],[-112.2435,49.4355]]],[[[-112.5362,49.8642],[-112.6059,49.912],[-112.5974,49.9306],[-112.541,49.9175],[-112.5315,49.9339],[-112.5637,49.9895],[-112.609,50.0276],[-112.5406,50.0099],[-112.509,49.978],[-112.4942,49.9472],[-112.4966,49.9108],[-112.4624,49.8974],[-112.4751,49.8625],[-112.4475,49.861],[-112.4662,49.7924],[-112.5362,49.8642]]],[[[-112.5173,50.5008],[-112.4215,50.5811],[-112.4147,50.6002],[-112.4257,50.6112],[-112.3987,50.6002],[-112.4057,50.5656],[-112.4878,50.4882],[-112.5063,50.4563],[-112.5105,50.4088],[-112.5477,50.4119],[-112.5989,50.3884],[-112.5173,50.5008]]],[[[-112.569,50.725],[-112.5175,50.6753],[-112.4992,50.6354],[-112.556,50.6701],[-112.569,50.725]]],[[[-112.5241,50.8144],[-112.3205,50.887],[-112.2763,50.917],[-112.1596,51.1007],[-112.2557,50.8954],[-112.2867,50.8572],[-112.4001,50.8236],[-112.4417,50.7739],[-112.56,50.7687],[-112.5241,50.8144]]],[[[-110.3678,49.3358],[-110.2367,49.3333],[-110.2377,49.3223],[-110.2453,49.3138],[-110.3125,49.3227],[-110.3473,49.2859],[-110.3963,49.2881],[-110.3678,49.3358]]],[[[-110.1289,49.3925],[-110.149,49.4414],[-110.06,49.445],[-110.011,49.4231],[-110.0741,49.4071],[-110.1124,49.3509],[-110.1946,49.339],[-110.1355,49.3664],[-110.1289,49.3925]]],[[[-110.6036,49.384],[-110.597,49.387],[-110.5982,49.3684],[-110.6036,49.384]]],[[[-110.5972,49.4204],[-110.6043,49.4374],[-110.6006,49.4607],[-110.5946,49.4519],[-110.5972,49.4204]]],[[[-110.7831,49.5152],[-110.6165,49.4729],[-110.6071,49.4658],[-110.6839,49.4777],[-110.7831,49.5152]]],[[[-110.8557,49.6137],[-110.8498,49.6077],[-110.8608,49.6128],[-110.8557,49.6137]]],[[[-112.1741,51.1918],[-112.1465,51.2614],[-112.063,51.3214],[-112.1087,51.3849],[-112.0699,51.4065],[-112.0377,51.344],[-112.0311,51.2981],[-112.0706,51.2386],[-112.1487,51.1837],[-112.1389,51.1427],[-112.1574,51.1081],[-112.1741,51.1918]]]]}},{"type":"Feature","properties":{"key":"mixed_grassland","name":"Mixed Grassland","where":"south AB / SK","sort":12,"ecozone":"Prairies","ab_subregion":"Northern Fescue"},"geometry":{"type":"MultiPolygon","coordinates":[[[[-110.105,51.6427],[-110.0051,51.6309],[-110.0051,51.619],[-110.0687,51.5755],[-110.1141,51.5827],[-110.1402,51.6153],[-110.135,51.6306],[-110.105,51.6427]]],[[[-110.4343,51.7438],[-110.3509,51.7447],[-110.2924,51.7263],[-110.2808,51.7171],[-110.3004,51.6726],[-110.1783,51.6843],[-110.1373,51.6633],[-110.3896,51.6549],[-110.4061,51.7208],[-110.4508,51.7285],[-110.5255,51.7187],[-110.4343,51.7438]]],[[[-112.1053,51.3937],[-111.9717,51.4785],[-111.9552,51.5038],[-111.9667,51.5555],[-111.912,51.4602],[-112.1053,51.3937]]],[[[-110.6034,51.772],[-110.593,51.7539],[-110.5979,51.7254],[-110.6287,51.7669],[-110.6548,51.7812],[-110.6034,51.772]]],[[[-110.7076,51.7806],[-110.7178,51.7809],[-110.7071,51.7807],[-110.7076,51.7806]]],[[[-111.9518,51.6517],[-111.8037,51.7323],[-111.5227,51.7952],[-111.5835,51.7675],[-111.6596,51.6935],[-111.766,51.7009],[-111.7845,51.673],[-111.8341,51.6562],[-111.8474,51.6693],[-111.8477,51.7079],[-111.8759,51.6782],[-111.9518,51.6517]]],[[[-111.2158,51.8201],[-110.983,51.8287],[-110.9152,51.8208],[-111.0343,51.8217],[-111.1112,51.792],[-111.2158,51.8201]]],[[[-111.3896,51.8116],[-111.3281,51.7993],[-111.3565,51.7896],[-111.4918,51.802],[-111.3896,51.8116]]]]}},{"type":"Feature","properties":{"key":"moist_mixed_grassland","name":"Moist Mixed Grassland","where":"south AB / SK","sort":13,"ecozone":"Prairies","ab_subregion":""},"geometry":{"type":"MultiPolygon","coordinates":[[[[-112.0442,48.9957],[-112.7244,48.9955],[-112.7386,48.9972],[-112.0442,48.9957]]],[[[-109.0401,52.608],[-108.9508,52.6126],[-108.879,52.5847],[-108.8886,52.5685],[-108.8239,52.5508],[-108.8266,52.5316],[-108.813,52.5251],[-108.7932,52.5372],[-108.7547,52.5308],[-108.7444,52.5458],[-108.7164,52.5393],[-108.6957,52.561],[-108.5587,52.5766],[-108.5323,52.5614],[-108.5267,52.5278],[-108.5826,52.4351],[-108.5704,52.4292],[-108.5703,52.405],[-108.4768,52.4403],[-108.4469,52.4275],[-108.399,52.4287],[-108.3947,52.4385],[-108.3723,52.4255],[-108.3407,52.4302],[-108.3163,52.4026],[-108.2649,52.415],[-108.2359,52.396],[-108.2728,52.3897],[-108.2527,52.3823],[-108.1501,52.3765],[-108.1354,52.381],[-108.1428,52.3922],[-108.1092,52.3971],[-108.0263,52.3747],[-108.052,52.3543],[-107.9767,52.3406],[-107.9587,52.3072],[-107.8553,52.2517],[-107.809,52.2403],[-107.7551,52.2489],[-107.7603,52.2606],[-107.7317,52.2712],[-107.7127,52.2985],[-107.6901,52.2717],[-107.6708,52.2747],[-107.654,52.2975],[-107.6657,52.3066],[-107.6591,52.3274],[-107.6693,52.3466],[-107.6337,52.3198],[-107.6388,52.3723],[-107.5796,52.3866],[-107.5646,52.4175],[-107.3971,52.3392],[-107.1931,52.3454],[-107.1085,52.3819],[-107.0502,52.3634],[-107.0049,52.3725],[-106.9341,52.361],[-106.908,52.3388],[-106.858,52.3579],[-106.833,52.3414],[-106.7754,52.3434],[-106.7476,52.361],[-106.7236,52.3348],[-106.713,52.3385],[-106.7072,52.3209],[-106.6146,52.3076],[-106.5858,52.2849],[-106.529,52.2878],[-106.5151,52.3294],[-106.4991,52.3129],[-106.418,52.3483],[-106.4079,52.3468],[-106.4113,52.3321],[-106.3996,52.3334],[-106.4088,52.3039],[-106.3592,52.3068],[-106.3392,52.2751],[-106.2685,52.3048],[-106.2294,52.3614],[-106.1436,52.3649],[-106.1312,52.3463],[-106.1381,52.3266],[-106.1152,52.3262],[-106.1189,52.3041],[-106.0708,52.2985],[-105.994,52.3258],[-105.9887,52.3148],[-105.9264,52.3491],[-105.8284,52.3455],[-105.7709,52.3788],[-105.6912,52.3476],[-105.6127,52.3426],[-105.5607,52.306],[-105.4368,52.283],[-105.2938,52.2769],[-105.2712,52.2556],[-105.2731,52.2385],[-105.3699,52.1552],[-105.3822,52.0989],[-105.433,52.0232],[-105.382,51.9307],[-105.3877,51.8824],[-105.3758,51.8344],[-105.3415,51.8092],[-105.323,51.7675],[-105.2677,51.7212],[-105.2298,51.721],[-105.1826,51.7404],[-105.1432,51.7275],[-105.0941,51.7349],[-104.9192,51.7186],[-104.7559,51.7282],[-104.7157,51.7499],[-104.7411,51.7686],[-104.6951,51.7738],[-104.6386,51.8284],[-104.6155,51.8076],[-104.5862,51.8252],[-104.5884,51.8001],[-104.5654,51.7827],[-104.4954,51.791],[-104.389,51.7664],[-104.4003,51.748],[-104.4476,51.7393],[-104.4613,51.7025],[-104.5788,51.5965],[-104.5969,51.5624],[-104.601,51.4904],[-104.6437,51.459],[-104.6614,51.4213],[-104.7054,51.3869],[-104.7155,51.3612],[-104.6978,51.3254],[-104.6292,51.2786],[-104.625,51.2103],[-104.5196,51.0791],[-104.4322,51.0431],[-104.3702,51.08],[-104.3351,51.0464],[-104.224,50.9911],[-104.2974,50.9858],[-104.3049,50.9446],[-104.3277,50.9342],[-104.3163,50.8991],[-104.3828,50.8604],[-104.3461,50.8495],[-104.3685,50.8332],[-104.3397,50.8347],[-104.3649,50.7894],[-104.4532,50.7941],[-104.5185,50.829],[-104.5971,50.8187],[-104.6189,50.8358],[-104.6218,50.8191],[-104.6679,50.8469],[-104.6419,50.8165],[-104.6469,50.8052],[-104.5795,50.8147],[-104.5478,50.7877],[-104.6514,50.7628],[-104.684,50.7228],[-104.73,50.7072],[-104.739,50.6932],[-104.7728,50.6911],[-104.777,50.6768],[-104.7122,50.6912],[-104.7054,50.6751],[-104.6889,50.7007],[-104.6005,50.6483],[-104.5564,50.5694],[-104.4846,50.529],[-104.4821,50.5154],[-104.4974,50.5066],[-104.4333,50.5078],[-104.4135,50.5192],[-104.3172,50.4611],[-104.3075,50.4408],[-104.2906,50.4503],[-104.2493,50.4378],[-104.2353,50.4208],[-104.2223,50.4347],[-104.221,50.4148],[-104.2001,50.4145],[-104.2059,50.3918],[-104.2176,50.3894],[-104.21,50.3775],[-104.1945,50.3808],[-104.206,50.3573],[-104.185,50.3201],[-104.0986,50.291],[-104.0554,50.2453],[-104.0,50.2416],[-103.9677,50.2128],[-103.9269,50.1981],[-103.9169,50.1765],[-103.9454,50.1706],[-103.9343,50.1518],[-103.8769,50.1489],[-103.8509,50.1245],[-103.8251,50.1236],[-103.8119,50.0995],[-103.7764,50.0828],[-103.761,50.0882],[-103.7464,50.056],[-103.719,50.052],[-103.6594,50.0085],[-103.6248,50.0141],[-103.6125,50.0438],[-103.562,50.029],[-103.571,50.0449],[-103.5584,50.0822],[-103.5362,50.0697],[-103.4875,50.0759],[-103.484,50.0499],[-103.3964,50.0197],[-103.4082,49.9992],[-103.3768,49.9651],[-103.2499,49.9233],[-103.2149,49.9332],[-103.2069,49.9145],[-103.1647,49.8974],[-103.1615,49.8685],[-103.1334,49.8399],[-103.1517,49.8185],[-103.1164,49.7861],[-103.0499,49.7619],[-103.0188,49.7366],[-102.9898,49.6949],[-102.9881,49.6663],[-102.9695,49.6516],[-102.9834,49.6401],[-102.9785,49.6163],[-102.9346,49.568],[-102.8632,49.5205],[-102.7015,49.4589],[-102.6817,49.4851],[-102.5748,49.5224],[-102.4959,49.4807],[-102.4228,49.4784],[-102.3698,49.4177],[-102.2657,49.3849],[-102.251,49.3701],[-102.2531,49.2959],[-102.2292,49.2764],[-102.2133,49.3152],[-102.194,49.318],[-102.2089,49.2374],[-102.1528,49.2149],[-102.1296,49.1642],[-102.0515,49.1947],[-102.0066,49.1784],[-101.9718,49.1106],[-101.9901,49.0786],[-101.9565,48.9968],[-103.3762,48.9968],[-103.47,49.0177],[-103.4726,49.0287],[-103.5212,49.0296],[-103.4852,49.0412],[-103.6357,49.1128],[-103.7265,49.1297],[-103.746,49.145],[-103.7473,49.1789],[-103.7944,49.1984],[-103.7991,49.1813],[-103.8203,49.1764],[-103.8543,49.1873],[-103.9084,49.2429],[-104.1382,49.368],[-104.1996,49.4266],[-104.267,49.4504],[-104.3373,49.5418],[-104.3775,49.5615],[-104.3811,49.5762],[-104.408,49.588],[-104.4219,49.5768],[-104.4204,49.5578],[-104.4499,49.5558],[-104.4586,49.5628],[-104.4431,49.5638],[-104.4481,49.5827],[-104.5826,49.6123],[-104.6301,49.6608],[-104.6398,49.6546],[-104.6791,49.704],[-104.7285,49.7146],[-104.7569,49.7443],[-104.8424,49.7788],[-104.8798,49.7548],[-104.9231,49.7663],[-104.8609,49.7898],[-104.9147,49.7916],[-104.9285,49.8204],[-105.0171,49.8643],[-105.0364,49.8632],[-105.0352,49.8796],[-105.0103,49.8689],[-104.9798,49.8784],[-104.977,49.9004],[-104.9372,49.9248],[-105.0039,49.9826],[-105.0069,50.0259],[-104.9946,50.0577],[-105.0221,50.0818],[-105.0506,50.08],[-105.0674,50.1016],[-105.1492,50.1376],[-105.2182,50.1444],[-105.2561,50.163],[-105.3119,50.1611],[-105.3919,50.2181],[-105.4196,50.2143],[-105.425,50.2259],[-105.4002,50.2395],[-105.402,50.2564],[-105.4398,50.2938],[-105.4939,50.3153],[-105.6123,50.3168],[-105.6441,50.33],[-105.6197,50.3296],[-105.6349,50.3393],[-105.7805,50.3685],[-105.7762,50.3535],[-105.816,50.3692],[-105.8435,50.4019],[-105.9121,50.4166],[-106.0326,50.3973],[-106.0577,50.4168],[-106.2494,50.478],[-106.2267,50.5012],[-106.2462,50.5289],[-106.3309,50.5556],[-106.3353,50.5699],[-106.2968,50.5759],[-106.2508,50.5488],[-106.2178,50.5718],[-106.1894,50.567],[-106.1676,50.5933],[-106.1205,50.5963],[-106.2357,50.6578],[-106.2373,50.7007],[-106.2812,50.7078],[-106.3439,50.6949],[-106.392,50.7698],[-106.3937,50.7968],[-106.4367,50.8369],[-106.4549,50.8356],[-106.4621,50.8539],[-106.4858,50.8642],[-106.4874,50.851],[-106.5051,50.8514],[-106.5174,50.8858],[-106.5706,50.8919],[-106.5312,50.9109],[-106.5365,50.9228],[-106.584,50.9293],[-106.5812,50.9443],[-106.6069,50.9421],[-106.6258,50.9613],[-106.6781,50.9587],[-106.8163,50.8807],[-106.8057,50.8746],[-106.827,50.8569],[-106.8343,50.8113],[-106.8485,50.8025],[-106.869,50.8116],[-106.8845,50.8018],[-106.9297,50.8063],[-106.8999,50.8337],[-106.9021,50.8579],[-106.883,50.8615],[-106.9247,50.8684],[-106.9276,50.8787],[-106.8635,50.9004],[-106.875,50.918],[-106.863,50.9578],[-106.8448,50.9647],[-106.8654,51.0016],[-106.8584,51.0197],[-106.8784,51.0168],[-106.8677,51.0335],[-106.8823,51.0917],[-106.8485,51.1438],[-106.8508,51.166],[-106.9005,51.2226],[-106.9585,51.2401],[-106.9588,51.2501],[-106.9176,51.2656],[-106.9206,51.2782],[-107.0288,51.3149],[-107.0161,51.3286],[-107.0555,51.3496],[-107.0935,51.4081],[-107.1905,51.4635],[-107.3343,51.4336],[-107.3397,51.4154],[-107.3898,51.3824],[-107.4352,51.388],[-107.4589,51.3296],[-107.4392,51.3195],[-107.4552,51.3021],[-107.4432,51.2877],[-107.4817,51.2898],[-107.4846,51.2603],[-107.501,51.2421],[-107.5569,51.2309],[-107.6662,51.1515],[-107.727,51.132],[-107.7754,51.0859],[-107.8556,51.0943],[-107.8507,51.1096],[-107.8983,51.1037],[-107.9044,51.1095],[-107.8878,51.1237],[-107.9388,51.1603],[-108.0051,51.1318],[-108.0174,51.139],[-108.0206,51.1271],[-108.0354,51.1334],[-108.0798,51.0872],[-108.0592,51.0847],[-108.0664,51.0696],[-108.0464,51.0603],[-108.0807,50.9962],[-108.094,51.0381],[-108.1162,51.0306],[-108.1619,51.0407],[-108.162,51.0674],[-108.1498,51.0731],[-108.1759,51.1092],[-108.1666,51.1206],[-108.1243,51.1202],[-108.1357,51.1453],[-108.108,51.1863],[-108.1115,51.2008],[-108.235,51.1845],[-108.2831,51.2251],[-108.2859,51.2419],[-108.2647,51.2588],[-108.2201,51.2445],[-108.2024,51.259],[-108.2062,51.276],[-108.179,51.2715],[-108.1739,51.2993],[-108.0383,51.4586],[-108.0257,51.5059],[-108.1041,51.5104],[-108.1759,51.4854],[-108.1837,51.496],[-108.1949,51.4833],[-108.2878,51.4878],[-108.2776,51.5472],[-108.3071,51.57],[-108.3337,51.6239],[-108.3564,51.624],[-108.477,51.6889],[-108.6239,51.6999],[-108.6759,51.6858],[-108.7998,51.7207],[-108.8337,51.7493],[-108.8701,51.7582],[-108.8735,51.7809],[-108.8906,51.7944],[-108.8806,51.82],[-108.9129,51.8291],[-108.9138,51.846],[-108.8909,51.8481],[-108.9224,51.8894],[-108.9975,51.9496],[-108.9946,51.9862],[-109.0445,51.9888],[-109.1243,52.0217],[-109.2373,52.0118],[-109.3584,52.0388],[-109.3936,52.019],[-109.4054,51.9961],[-109.3899,51.959],[-109.3947,51.9296],[-109.4896,51.8984],[-109.6115,51.933],[-109.6548,51.9063],[-109.7295,51.9669],[-109.7854,51.9739],[-109.7979,51.9561],[-109.7843,51.9399],[-109.6368,51.8501],[-109.543,51.7675],[-109.5938,51.7538],[-109.7346,51.7897],[-109.7307,51.7752],[-109.6968,51.7558],[-109.6983,51.7216],[-109.7143,51.7069],[-109.7576,51.7184],[-109.7924,51.6527],[-109.778,51.64],[-109.7841,51.6318],[-109.8274,51.6462],[-109.9115,51.6102],[-109.9591,51.6112],[-110.0051,51.6309],[-110.005,52.0988],[-109.9678,52.1382],[-109.9811,52.1749],[-109.9351,52.1587],[-109.9603,52.2282],[-109.933,52.2625],[-109.9064,52.262],[-109.8859,52.2806],[-109.913,52.3161],[-109.8599,52.3182],[-109.769,52.2477],[-109.7227,52.2447],[-109.7525,52.28],[-109.7882,52.2844],[-109.7792,52.3037],[-109.805,52.3261],[-109.7573,52.3271],[-109.7895,52.3543],[-109.7662,52.3705],[-109.8273,52.4276],[-109.8274,52.4488],[-109.763,52.529],[-109.7424,52.5418],[-109.716,52.5383],[-109.7092,52.5206],[-109.6784,52.5295],[-109.6319,52.5206],[-109.6166,52.5326],[-109.5626,52.5118],[-109.4891,52.5036],[-109.4766,52.4855],[-109.3993,52.5137],[-109.3506,52.4821],[-109.2164,52.4666],[-109.311,52.5482],[-109.3108,52.5614],[-109.2806,52.5626],[-109.3031,52.6051],[-109.2644,52.5985],[-109.278,52.6195],[-109.2169,52.6513],[-109.1889,52.6404],[-109.1962,52.6247],[-109.1559,52.6335],[-109.1417,52.6426],[-109.1501,52.6576],[-109.1306,52.6648],[-109.0687,52.6546],[-109.0401,52.608]]]]}},{"type":"Feature","properties":{"key":"moist_mixed_grassland","name":"Moist Mixed Grassland","where":"south AB / SK","sort":13,"ecozone":"Prairies","ab_subregion":"Central Parkland"},"geometry":{"type":"MultiPolygon","coordinates":[[[[-113.3947,51.8016],[-113.3593,51.8027],[-113.3407,51.788],[-113.2379,51.6676],[-113.143,51.6104],[-113.0903,51.6135],[-113.0927,51.6021],[-113.1213,51.5979],[-113.2204,51.6321],[-113.2499,51.6277],[-113.2414,51.6125],[-113.1098,51.5394],[-113.1056,51.5165],[-113.1146,51.5116],[-113.1472,51.5042],[-113.128,51.5225],[-113.1456,51.5548],[-113.2478,51.6001],[-113.3934,51.7146],[-113.4141,51.7492],[-113.3947,51.8016]]],[[[-112.9832,51.7464],[-112.9798,51.7648],[-112.975,51.7477],[-112.9832,51.7464]]],[[[-113.161,51.8471],[-113.1682,51.7898],[-113.1257,51.7142],[-113.1142,51.635],[-113.2167,51.7149],[-113.2722,51.8289],[-113.1982,51.9011],[-113.1565,51.8844],[-113.1811,51.8734],[-113.161,51.8471]]],[[[-113.0723,51.8197],[-113.0082,51.6995],[-113.0505,51.7307],[-113.0806,51.8175],[-113.1039,51.8468],[-113.0723,51.8197]]],[[[-112.9276,51.7485],[-112.9468,51.7532],[-112.9482,51.7808],[-112.7851,51.8457],[-112.7965,51.8257],[-112.8453,51.807],[-112.8985,51.7629],[-112.9276,51.7485]]],[[[-112.5784,51.9231],[-112.7198,51.8814],[-112.56275832648787,51.95267352846223],[-112.5784,51.9231]]],[[[-112.56275832648787,51.95267352846223],[-112.56269013346045,51.952802460218514],[-112.5627,51.9527],[-112.56275832648787,51.95267352846223]]],[[[-112.5003,52.1601],[-112.2761,52.29],[-111.9126,52.4368],[-111.8255,52.435],[-111.6776,52.3552],[-111.4901,52.314],[-111.324,52.2519],[-111.4238,52.2647],[-111.463,52.2861],[-111.5683,52.3033],[-111.6075,52.2832],[-111.6055,52.2551],[-111.6283,52.2533],[-111.7366,52.302],[-111.8204,52.3186],[-111.9285,52.2956],[-112.0322,52.3003],[-112.0958,52.2546],[-112.1707,52.265],[-112.2482,52.2353],[-112.3055,52.1946],[-112.3786,52.1869],[-112.4584,52.1445],[-112.5075,52.0781],[-112.5792,52.0371],[-112.5501,52.0375],[-112.5447,52.0263],[-112.5537,51.9698],[-112.56269013346045,51.952802460218514],[-112.5601,51.9797],[-112.5844,52.039],[-112.5819,52.0565],[-112.5501,52.1223],[-112.5003,52.1601]]],[[[-110.3893,52.0895],[-110.3978,52.0926],[-110.3639,52.0882],[-110.3522,52.0829],[-110.3893,52.0895]]],[[[-110.1774,52.1135],[-110.1635,52.1148],[-110.1835,52.1126],[-110.1774,52.1135]]],[[[-110.1206,52.1173],[-110.1313,52.1166],[-110.1203,52.12],[-110.1064,52.1192],[-110.1206,52.1173]]],[[[-110.4259,52.0928],[-110.4065,52.0934],[-110.4041,52.0932],[-110.4451,52.0701],[-110.4804,52.0782],[-110.5122,52.0654],[-110.5266,52.0876],[-110.6161,52.1218],[-110.6533,52.1713],[-110.7093,52.1876],[-110.6211,52.1768],[-110.5994,52.1663],[-110.5695,52.121],[-110.5198,52.1227],[-110.4713,52.0892],[-110.4498,52.0854],[-110.4259,52.0928]]],[[[-110.8277,52.2088],[-110.7462,52.1912],[-110.8283,52.1945],[-110.8452,52.2208],[-110.8023,52.2592],[-110.7845,52.2928],[-110.7968,52.3681],[-110.7334,52.3484],[-110.7696,52.297],[-110.7467,52.2756],[-110.7552,52.2545],[-110.8041,52.2359],[-110.8277,52.2088]]],[[[-111.0781,52.331],[-111.0998,52.3301],[-111.0844,52.3379],[-111.05,52.3395],[-111.0781,52.331]]],[[[-110.9297,52.3799],[-110.9265,52.3859],[-110.9098,52.3886],[-110.9035,52.3539],[-110.9297,52.3799]]]]}},{"type":"Feature","properties":{"key":"moist_mixed_grassland","name":"Moist Mixed Grassland","where":"south AB / SK","sort":13,"ecozone":"Prairies","ab_subregion":""},"geometry":{"type":"MultiPolygon","coordinates":[[[[-112.0451,48.9987],[-112.0789,49.0061],[-112.0397,49.0738],[-112.0545,49.088],[-112.0322,49.1036],[-112.0451,48.9987]]],[[[-112.0002,49.1894],[-111.9955,49.1755],[-112.0384,49.1867],[-112.0002,49.1894]]],[[[-112.1791,49.2179],[-112.0914,49.192],[-112.1652,49.2054],[-112.2453,49.2387],[-112.243,49.2807],[-112.22,49.3312],[-112.2158,49.2618],[-112.1791,49.2179]]],[[[-112.3553,49.6714],[-112.3725,49.6577],[-112.347,49.5971],[-112.3555,49.5608],[-112.2435,49.4355],[-112.3349,49.4844],[-112.3502,49.4977],[-112.3448,49.5099],[-112.3946,49.5348],[-112.4013,49.5681],[-112.3847,49.6331],[-112.4683,49.7419],[-112.4662,49.7924],[-112.463,49.7447],[-112.4093,49.698],[-112.3553,49.6714]]],[[[-112.6276,50.2535],[-112.6635,50.1953],[-112.6606,50.0918],[-112.609,50.0276],[-112.6456,50.0166],[-112.6601,50.0271],[-112.6849,50.0943],[-112.6659,50.1498],[-112.6965,50.1711],[-112.6892,50.1897],[-112.6999,50.2031],[-112.683,50.2078],[-112.6825,50.2338],[-112.708,50.3131],[-112.6837,50.3464],[-112.5989,50.3884],[-112.6276,50.2535]]],[[[-112.4257,50.6112],[-112.4946,50.6181],[-112.508,50.6318],[-112.4992,50.6354],[-112.4257,50.6112]]],[[[-112.569,50.725],[-112.5941,50.7362],[-112.5716,50.7495],[-112.5902,50.7588],[-112.56,50.7687],[-112.569,50.725]]],[[[-112.1596,51.1007],[-112.1574,51.1081],[-112.1576,51.1054],[-112.1596,51.1007]]],[[[-110.1373,51.6633],[-110.1009,51.6608],[-110.1007,51.6454],[-110.1373,51.6633]]],[[[-110.5979,51.7254],[-110.5762,51.7205],[-110.5255,51.7187],[-110.5642,51.7002],[-110.5933,51.7077],[-110.5979,51.7254]]],[[[-110.7071,51.7807],[-110.6755,51.7845],[-110.6548,51.7812],[-110.7071,51.7807]]],[[[-110.7178,51.7809],[-110.9152,51.8208],[-110.8111,51.8168],[-110.7178,51.7809]]],[[[-111.9709,51.5555],[-112.0235,51.5573],[-112.0478,51.5749],[-112.012,51.6305],[-112.0176,51.6689],[-111.9739,51.7371],[-111.9518,51.6517],[-111.9983,51.5898],[-111.9709,51.5555]]],[[[-111.3281,51.7993],[-111.258,51.8361],[-111.2158,51.8201],[-111.2683,51.8059],[-111.3281,51.7993]]],[[[-111.5227,51.7952],[-111.504,51.8028],[-111.4918,51.802],[-111.5227,51.7952]]]]}},{"type":"Feature","properties":{"key":"moist_mixed_grassland","name":"Moist Mixed Grassland","where":"south AB / SK","sort":13,"ecozone":"Prairies","ab_subregion":"Foothills Fescue"},"geometry":{"type":"MultiPolygon","coordinates":[[[[-113.403,49.3599],[-113.4366,49.3583],[-113.4508,49.3827],[-113.4189,49.4354],[-113.3258,49.4019],[-113.403,49.3599]]],[[[-113.2831,49.4292],[-113.2802,49.456],[-113.2643,49.5023],[-113.2574,49.4558],[-113.2831,49.4292]]],[[[-113.3712,49.6073],[-113.3639,49.5643],[-113.4039,49.5088],[-113.3812,49.5507],[-113.3712,49.6073]]],[[[-113.784,49.5471],[-113.7738,49.5479],[-113.768,49.547],[-113.7698,49.5408],[-113.784,49.5471]]],[[[-113.6424,49.5859],[-113.6108,49.6098],[-113.5745,49.6182],[-113.6424,49.5859]]],[[[-113.6763,49.6877],[-113.6372,49.7908],[-113.6213,49.7589],[-113.6333,49.6821],[-113.6763,49.6877]]],[[[-113.6982,50.1638],[-113.7109,50.1388],[-113.7443,50.129],[-113.7406,50.1435],[-113.6982,50.1638]]],[[[-112.7063,49.0555],[-112.7043,49.035],[-112.7372,49.003],[-112.735,49.012],[-112.7063,49.0555]]],[[[-112.4232,49.2632],[-112.3346,49.2184],[-112.336,49.1866],[-112.4838,49.1724],[-112.5381,49.1915],[-112.4417,49.2257],[-112.4232,49.2632]]],[[[-112.5201,49.3346],[-112.4774,49.3322],[-112.4394,49.2975],[-112.4509,49.298],[-112.5201,49.3346]]],[[[-112.9817,49.4658],[-112.9699,49.488],[-112.952,49.4819],[-112.9487,49.4679],[-112.9817,49.4658]]],[[[-113.4162,50.8627],[-113.4011,50.9167],[-113.3534,50.9858],[-113.3535,50.8813],[-113.3421,50.8616],[-113.3117,50.8508],[-113.3539,50.8489],[-113.3976,50.8277],[-113.3827,50.8194],[-113.3823,50.8029],[-113.4018,50.8328],[-113.4162,50.8627]]],[[[-113.3483,50.991],[-113.348,50.9913],[-113.3489,50.9904],[-113.3483,50.991]]]]}},{"type":"Feature","properties":{"key":"moist_mixed_grassland","name":"Moist Mixed Grassland","where":"south AB / SK","sort":13,"ecozone":"Prairies","ab_subregion":"Mixedgrass"},"geometry":{"type":"Polygon","coordinates":[[[-112.1053,51.3937],[-112.063,51.3214],[-112.1642,51.237],[-112.1741,51.1918],[-112.1558,51.132],[-112.1596,51.1007],[-112.2563,50.9409],[-112.3205,50.887],[-112.4801,50.8392],[-112.5365,50.8048],[-112.56,50.7687],[-112.5902,50.7588],[-112.5716,50.7495],[-112.5941,50.7362],[-112.569,50.725],[-112.556,50.6701],[-112.4992,50.6354],[-112.508,50.6318],[-112.4946,50.6181],[-112.4257,50.6112],[-112.4169,50.5874],[-112.5439,50.4749],[-112.5989,50.3884],[-112.6857,50.3449],[-112.7082,50.308],[-112.6825,50.2338],[-112.683,50.2078],[-112.6999,50.2031],[-112.6892,50.1897],[-112.6965,50.1711],[-112.6659,50.1498],[-112.6851,50.0954],[-112.6601,50.0271],[-112.6456,50.0166],[-112.609,50.0276],[-112.5927,50.016],[-112.5382,49.9581],[-112.5315,49.9339],[-112.541,49.9175],[-112.5974,49.9306],[-112.6059,49.912],[-112.5033,49.838],[-112.4662,49.7924],[-112.4683,49.7419],[-112.3847,49.6331],[-112.4013,49.5681],[-112.3946,49.5348],[-112.2396,49.4282],[-112.2196,49.335],[-112.2487,49.2426],[-112.1467,49.2005],[-111.9955,49.1755],[-112.0322,49.1036],[-112.0545,49.088],[-112.0397,49.0738],[-112.0789,49.0061],[-112.0672,48.9987],[-112.7383,48.9986],[-112.7043,49.035],[-112.6974,49.0676],[-112.5927,49.1663],[-112.5381,49.1915],[-112.4854,49.1724],[-112.3469,49.1818],[-112.3335,49.1905],[-112.3326,49.216],[-112.4232,49.2632],[-112.4509,49.298],[-112.4368,49.3057],[-112.4897,49.3375],[-112.5201,49.3346],[-112.6673,49.3805],[-112.8682,49.3819],[-112.9179,49.4242],[-112.9577,49.486],[-112.9699,49.488],[-112.9822,49.4652],[-113.013,49.4487],[-113.0506,49.4608],[-113.0782,49.4951],[-113.2133,49.5722],[-113.2524,49.5602],[-113.2659,49.5384],[-113.2831,49.4292],[-113.3274,49.4015],[-113.3636,49.4114],[-113.3891,49.4325],[-113.4189,49.4354],[-113.4183,49.4859],[-113.3617,49.5728],[-113.3851,49.6609],[-113.4519,49.6782],[-113.726,49.5487],[-113.7875,49.5473],[-113.7931,49.578],[-113.7644,49.6121],[-113.6763,49.6877],[-113.6333,49.6821],[-113.6214,49.7551],[-113.6504,49.8607],[-113.7299,49.9843],[-113.7312,50.0248],[-113.7508,50.0674],[-113.7443,50.129],[-113.7109,50.1388],[-113.6982,50.1638],[-113.6044,50.2032],[-113.5603,50.2355],[-113.5437,50.2926],[-113.5451,50.3871],[-113.526,50.5217],[-113.4819,50.6326],[-113.4119,50.6886],[-113.297,50.7399],[-113.2991,50.7512],[-113.3783,50.7974],[-113.3827,50.8194],[-113.3976,50.8277],[-113.3539,50.8489],[-113.3117,50.8508],[-113.3421,50.8616],[-113.3535,50.8813],[-113.3534,50.9855],[-113.2447,51.0638],[-113.2833,51.1334],[-113.2328,51.1304],[-113.1925,51.1607],[-113.1518,51.1658],[-113.0814,51.1462],[-113.0576,51.1181],[-112.9495,51.1461],[-112.8804,51.1419],[-112.8576,51.1263],[-112.7882,51.16],[-112.709,51.1604],[-112.6147,51.185],[-112.5039,51.1396],[-112.4574,51.142],[-112.3495,51.1787],[-112.3245,51.2223],[-112.3428,51.2516],[-112.3413,51.2786],[-112.4189,51.2939],[-112.5394,51.3392],[-112.5237,51.3771],[-112.4551,51.3979],[-112.3842,51.3794],[-112.3063,51.3432],[-112.2587,51.2946],[-112.1918,51.3555],[-112.1053,51.3937]]]}},{"type":"Feature","properties":{"key":"moist_mixed_grassland","name":"Moist Mixed Grassland","where":"south AB / SK","sort":13,"ecozone":"Prairies","ab_subregion":"Northern Fescue"},"geometry":{"type":"Polygon","coordinates":[[[-110.0077,51.6308],[-110.1035,51.6417],[-110.1009,51.6608],[-110.1373,51.6633],[-110.1783,51.6843],[-110.3004,51.6726],[-110.2808,51.7171],[-110.3274,51.7401],[-110.4343,51.7438],[-110.5255,51.7187],[-110.5815,51.7211],[-110.5979,51.7254],[-110.593,51.7539],[-110.6136,51.7804],[-110.7253,51.7818],[-110.8111,51.8168],[-110.983,51.8287],[-111.2158,51.8201],[-111.2502,51.8368],[-111.3281,51.7993],[-111.3896,51.8116],[-111.504,51.8028],[-111.8037,51.7323],[-111.9518,51.6517],[-111.9739,51.7371],[-112.0176,51.6689],[-112.012,51.6305],[-112.0478,51.5749],[-112.0235,51.5573],[-111.9709,51.5555],[-111.9552,51.5038],[-111.9717,51.4785],[-112.1215,51.3839],[-112.1918,51.3555],[-112.2587,51.2946],[-112.3063,51.3432],[-112.3842,51.3794],[-112.4551,51.3979],[-112.5237,51.3771],[-112.5394,51.3392],[-112.4189,51.2939],[-112.3413,51.2786],[-112.3428,51.2516],[-112.3235,51.2171],[-112.3528,51.1769],[-112.4854,51.1382],[-112.6147,51.185],[-112.709,51.1604],[-112.7882,51.16],[-112.8576,51.1263],[-112.8804,51.1419],[-112.9495,51.1461],[-113.0576,51.1181],[-113.0814,51.1462],[-113.1518,51.1658],[-113.1925,51.1607],[-113.2328,51.1304],[-113.2833,51.1334],[-113.2856,51.1542],[-113.2663,51.1803],[-113.1883,51.2375],[-113.1255,51.2662],[-113.1183,51.2801],[-113.1516,51.3095],[-113.0993,51.379],[-113.1194,51.4017],[-113.2177,51.4373],[-113.2493,51.4664],[-113.2405,51.4938],[-113.1339,51.5065],[-113.1089,51.5135],[-113.1021,51.5292],[-113.2414,51.6125],[-113.2493,51.6282],[-113.2204,51.6321],[-113.1272,51.5986],[-113.0878,51.6075],[-113.1142,51.635],[-113.1257,51.7142],[-113.1682,51.7898],[-113.1622,51.8525],[-113.1811,51.8734],[-113.1565,51.8844],[-113.1039,51.8468],[-113.0806,51.8175],[-113.0475,51.7262],[-113.0179,51.7],[-112.9968,51.7036],[-112.975,51.7477],[-112.9793,51.7674],[-112.9629,51.7797],[-112.9482,51.7808],[-112.9468,51.7532],[-112.9276,51.7485],[-112.8437,51.808],[-112.7965,51.8257],[-112.7581,51.8662],[-112.5784,51.9231],[-112.5537,51.9698],[-112.5447,52.0263],[-112.5501,52.0375],[-112.5792,52.0371],[-112.509,52.0768],[-112.4774,52.1302],[-112.4107,52.1747],[-112.3122,52.192],[-112.2482,52.2353],[-112.1707,52.265],[-112.0843,52.2571],[-112.0305,52.3006],[-111.9323,52.2953],[-111.8266,52.3185],[-111.7713,52.3137],[-111.6122,52.2533],[-111.6062,52.2846],[-111.5629,52.303],[-111.463,52.2861],[-111.4238,52.2647],[-111.2734,52.2469],[-111.2039,52.2529],[-111.0998,52.3301],[-110.9938,52.3433],[-110.938,52.3641],[-110.9297,52.3799],[-110.8945,52.3383],[-110.7968,52.3681],[-110.785,52.2909],[-110.8422,52.226],[-110.8403,52.2032],[-110.8103,52.1895],[-110.7093,52.1876],[-110.66,52.1746],[-110.6161,52.1218],[-110.5266,52.0876],[-110.5122,52.0654],[-110.4804,52.0782],[-110.4451,52.0701],[-110.4084,52.0932],[-110.3136,52.0787],[-110.1835,52.1126],[-110.1064,52.1192],[-110.0632,52.0961],[-110.005,52.0988],[-110.0077,51.6308]]]}},{"type":"Feature","properties":{"key":"northern_alberta_uplands","name":"Northern Alberta Uplands","where":"north AB","sort":314,"ecozone":"Taiga Plains","ab_subregion":""},"geometry":{"type":"MultiPolygon","coordinates":[[[[-117.1639,60.0001],[-118.7003,59.9996],[-119.3542,60.0001],[-117.1639,60.0001]]],[[[-119.5964,60.0003],[-119.4262,60.0002],[-119.5087,60.0002],[-119.5964,60.0003]]],[[[-119.7772,60.0004],[-119.5981,60.0003],[-119.7385,60.0003],[-119.7772,60.0004]]]]}},{"type":"Feature","properties":{"key":"northern_alberta_uplands","name":"Northern Alberta Uplands","where":"north AB","sort":314,"ecozone":"Taiga Plains","ab_subregion":"Boreal Subarctic"},"geometry":{"type":"MultiPolygon","coordinates":[[[[-115.1648,59.6856],[-114.9128,59.6415],[-114.9123,59.6287],[-114.9501,59.6216],[-115.0099,59.5819],[-114.9729,59.559],[-114.9038,59.5718],[-114.8342,59.5267],[-114.8079,59.5388],[-114.7665,59.5142],[-114.7182,59.5492],[-114.6751,59.547],[-114.6494,59.5609],[-114.5337,59.5406],[-114.5148,59.5189],[-114.5423,59.4526],[-114.5288,59.4213],[-114.5729,59.4332],[-114.5797,59.3901],[-114.5625,59.3666],[-114.5323,59.3619],[-114.4941,59.3778],[-114.4867,59.3962],[-114.4502,59.4101],[-114.4387,59.4488],[-114.3817,59.4688],[-114.2819,59.4271],[-114.3226,59.3931],[-114.3092,59.3813],[-114.3232,59.3587],[-114.3121,59.3528],[-114.344,59.3104],[-114.325,59.3053],[-114.2715,59.324],[-114.2223,59.3445],[-114.2247,59.36],[-114.2004,59.3692],[-114.032,59.3097],[-113.9799,59.2566],[-114.0072,59.2531],[-113.9878,59.2245],[-114.0018,59.2188],[-113.9863,59.2102],[-113.9978,59.1999],[-114.0869,59.1948],[-114.2329,59.2193],[-114.2016,59.1974],[-114.1633,59.1353],[-114.1147,59.1347],[-114.0584,59.1132],[-114.054,59.0829],[-114.0739,59.0631],[-114.0442,59.0542],[-114.0395,59.0299],[-113.9975,59.0399],[-114.0028,59.0188],[-114.0465,59.0178],[-114.0586,59.0396],[-114.0921,59.0426],[-114.099,59.0145],[-114.0849,59.0078],[-114.0908,58.9899],[-114.1104,58.9874],[-114.1018,58.9729],[-114.2103,58.9341],[-114.2447,58.914],[-114.2217,58.8973],[-114.2846,58.8785],[-114.3076,58.888],[-114.291,58.9071],[-114.3503,58.957],[-114.3437,59.0026],[-114.3922,59.0266],[-114.3795,59.0421],[-114.3221,59.0461],[-114.3905,59.0538],[-114.4301,59.0938],[-114.5218,59.0703],[-114.5518,59.0385],[-114.5539,59.0148],[-114.6133,58.9746],[-114.7062,58.9876],[-114.7076,58.972],[-114.726,58.963],[-114.8385,58.9535],[-114.8401,58.9367],[-114.7823,58.917],[-114.7938,58.8959],[-114.717,58.8592],[-114.7149,58.8262],[-114.7475,58.8502],[-114.7298,58.8074],[-114.7577,58.7985],[-114.7498,58.7877],[-114.7597,58.7722],[-114.7865,58.7567],[-114.8225,58.7606],[-114.8457,58.7332],[-114.8945,58.7284],[-114.8896,58.7174],[-114.9067,58.7054],[-114.9816,58.6736],[-115.0336,58.69],[-115.0017,58.7172],[-115.0296,58.7383],[-115.0809,58.7263],[-115.1738,58.774],[-115.208,58.7755],[-115.2384,58.7516],[-115.1668,58.6986],[-115.1691,58.6741],[-115.5531,58.7225],[-115.5746,58.7354],[-115.6329,58.7393],[-115.6764,58.7631],[-115.7622,58.763],[-115.7571,58.7947],[-115.723,58.8173],[-115.811,58.78],[-115.833,58.7977],[-115.8124,58.8056],[-115.8376,58.8081],[-115.8124,58.8312],[-115.8213,58.8399],[-115.8268,58.8272],[-115.9134,58.8157],[-115.9935,58.843],[-116.0117,58.8679],[-115.9902,58.9255],[-116.0188,58.9165],[-116.0283,58.9329],[-116.0453,58.9264],[-116.0475,58.8946],[-116.0867,58.8596],[-116.2135,58.9026],[-116.2881,58.9458],[-116.3656,58.962],[-116.3905,58.984],[-116.4034,59.018],[-116.3859,59.0243],[-116.3979,59.1218],[-116.3695,59.1394],[-116.3602,59.1625],[-116.3341,59.1707],[-116.3545,59.1748],[-116.3389,59.1899],[-116.3032,59.1987],[-116.3114,59.2213],[-116.3003,59.2428],[-116.238,59.2888],[-116.1064,59.323],[-116.0665,59.3863],[-116.0119,59.4004],[-115.9753,59.4256],[-115.8861,59.4106],[-115.9203,59.4425],[-115.9168,59.4704],[-115.6981,59.5665],[-115.6242,59.5628],[-115.6199,59.5748],[-115.4229,59.5011],[-115.449,59.5518],[-115.4337,59.5607],[-115.4839,59.5842],[-115.4743,59.597],[-115.4437,59.5984],[-115.5072,59.6176],[-115.3471,59.669],[-115.1648,59.6856]]],[[[-118.8012,59.603],[-118.6711,59.5631],[-118.6268,59.5237],[-118.6435,59.4926],[-118.5938,59.503],[-118.5641,59.4897],[-118.5357,59.4371],[-118.5789,59.4012],[-118.6089,59.4071],[-118.6516,59.3842],[-118.6658,59.4019],[-118.5965,59.4221],[-118.5985,59.4362],[-118.6338,59.4298],[-118.6684,59.4476],[-118.6805,59.4314],[-118.7172,59.4412],[-118.7492,59.4221],[-118.7707,59.4248],[-118.741,59.4496],[-118.7958,59.4674],[-118.7834,59.4801],[-118.8229,59.5101],[-118.8167,59.548],[-118.8328,59.5531],[-118.8082,59.5691],[-118.8326,59.595],[-118.8012,59.603]]],[[[-119.6093,59.5327],[-119.5112,59.5153],[-119.4931,59.4899],[-119.503,59.4586],[-119.4729,59.4393],[-119.5861,59.3826],[-119.6261,59.3714],[-119.6555,59.3793],[-119.6402,59.4176],[-119.6695,59.4436],[-119.6057,59.4717],[-119.6338,59.5175],[-119.6093,59.5327]]],[[[-117.2783,59.9998],[-117.3419,59.9723],[-117.3832,59.99],[-117.4189,59.9835],[-117.4295,59.9403],[-117.3989,59.9179],[-117.4042,59.9021],[-117.551,59.7999],[-117.6098,59.7755],[-117.6543,59.7843],[-117.7139,59.7578],[-117.7283,59.7642],[-117.754,59.7407],[-117.7268,59.7268],[-117.7493,59.7013],[-117.6895,59.6962],[-117.7395,59.6495],[-117.8141,59.6226],[-117.8264,59.6382],[-117.8468,59.6356],[-117.8797,59.6111],[-117.9799,59.5755],[-117.9858,59.5864],[-117.9432,59.6335],[-118.0688,59.6322],[-118.1118,59.6495],[-118.1692,59.6475],[-118.1649,59.6554],[-118.2006,59.6648],[-118.3083,59.731],[-118.3637,59.744],[-118.5068,59.8269],[-118.5613,59.9128],[-118.5532,59.9381],[-118.5313,59.9551],[-118.414,59.9997],[-117.2783,59.9998]]]]}},{"type":"Feature","properties":{"key":"northern_alberta_uplands","name":"Northern Alberta Uplands","where":"north AB","sort":314,"ecozone":"Taiga Plains","ab_subregion":"Central Mixedwood"},"geometry":{"type":"MultiPolygon","coordinates":[[[[-114.5003,58.813],[-114.7333,58.6881],[-114.7976,58.6691],[-114.825,58.665],[-114.7295,58.6989],[-114.7193,58.7098],[-114.7279,58.7159],[-114.6978,58.7163],[-114.7018,58.7258],[-114.6104,58.7708],[-114.5896,58.7933],[-114.5744,58.7891],[-114.5464,58.8053],[-114.5583,58.8185],[-114.5003,58.813]]],[[[-115.3642,58.6418],[-115.5105,58.6751],[-115.6384,58.6727],[-115.7131,58.6857],[-115.8126,58.7221],[-115.2652,58.6455],[-115.1089,58.6352],[-115.0839,58.6522],[-115.0915,58.6345],[-115.1707,58.6292],[-115.3642,58.6418]]],[[[-115.8351,58.7328],[-115.8304,58.7289],[-115.837,58.7316],[-115.8351,58.7328]]],[[[-113.8496,59.2601],[-113.8416,59.2017],[-113.7809,59.1761],[-113.753,59.1454],[-113.7451,59.0957],[-113.7794,59.0422],[-113.8221,58.9945],[-113.8699,58.9663],[-114.1071,58.9138],[-114.0731,58.9334],[-114.0345,58.9344],[-114.0003,58.9586],[-113.9844,58.9531],[-113.9145,58.9789],[-113.8389,59.0395],[-113.8476,59.048],[-113.8198,59.0613],[-113.8103,59.0898],[-113.8132,59.1205],[-113.9309,59.1616],[-113.9177,59.1745],[-113.9368,59.2503],[-113.9287,59.2594],[-113.9968,59.3248],[-113.9929,59.3429],[-113.9269,59.3146],[-113.8496,59.2601]]],[[[-116.4011,58.7841],[-116.6542,58.7987],[-116.6164,58.7985],[-116.7583,58.8864],[-116.8092,58.9532],[-116.8112,59.043],[-116.7232,59.0699],[-116.7125,59.0636],[-116.7289,59.0355],[-116.7219,59.0302],[-116.7517,59.0061],[-116.7695,58.9639],[-116.7647,58.9291],[-116.7747,58.9216],[-116.7432,58.88],[-116.6427,58.837],[-116.4011,58.7841]]]]}},{"type":"Feature","properties":{"key":"northern_alberta_uplands","name":"Northern Alberta Uplands","where":"north AB","sort":314,"ecozone":"Taiga Plains","ab_subregion":"Lower Boreal Highlands"},"geometry":{"type":"MultiPolygon","coordinates":[[[[-114.6278,59.5786],[-114.4009,59.5033],[-114.2959,59.4851],[-114.2621,59.4624],[-114.2447,59.4257],[-114.0105,59.3431],[-113.9293,59.2612],[-113.9368,59.2503],[-113.9177,59.1745],[-113.9309,59.1616],[-113.8126,59.1199],[-113.8198,59.0613],[-113.8466,59.0489],[-113.8389,59.0395],[-113.8499,59.028],[-113.9145,58.9789],[-113.9787,58.9544],[-114.0017,58.9581],[-114.0345,58.9344],[-114.0731,58.9334],[-114.1071,58.9138],[-114.5003,58.813],[-114.5583,58.8185],[-114.5464,58.8053],[-114.5744,58.7891],[-114.5896,58.7933],[-114.6104,58.7708],[-114.7018,58.7258],[-114.6978,58.7163],[-114.7279,58.7159],[-114.7193,58.7098],[-114.7295,58.6989],[-114.8014,58.6706],[-114.9479,58.6438],[-115.0915,58.6345],[-115.0839,58.6522],[-115.1089,58.6352],[-115.2652,58.6455],[-115.797,58.7175],[-115.9462,58.7617],[-115.9871,58.7901],[-116.0339,58.8558],[-116.1006,58.8572],[-116.2552,58.8998],[-116.3122,58.86],[-116.321,58.8311],[-116.3503,58.8031],[-116.4011,58.7841],[-116.5031,58.7988],[-116.6517,58.8397],[-116.7432,58.88],[-116.7747,58.9216],[-116.7647,58.9291],[-116.7726,58.9365],[-116.7634,58.9836],[-116.7219,59.0302],[-116.7183,59.0722],[-116.6687,59.1232],[-116.6467,59.1298],[-116.6466,59.1481],[-116.5521,59.2075],[-116.5313,59.2045],[-116.5247,59.2277],[-116.3378,59.3611],[-116.3096,59.3638],[-116.316,59.3727],[-116.2161,59.4411],[-116.123,59.4789],[-116.102,59.474],[-116.1111,59.4825],[-115.8385,59.5398],[-115.2485,59.7071],[-115.1615,59.7213],[-114.8921,59.6644],[-114.7577,59.5815],[-114.6278,59.5786]],[[-115.1648,59.6856],[-115.3931,59.6587],[-115.5122,59.6136],[-115.4437,59.5984],[-115.4743,59.597],[-115.4839,59.5842],[-115.4337,59.5607],[-115.449,59.5518],[-115.4229,59.5011],[-115.6199,59.5748],[-115.6242,59.5628],[-115.6981,59.5665],[-115.9168,59.4704],[-115.9203,59.4425],[-115.8861,59.4106],[-115.9753,59.4256],[-116.0119,59.4004],[-116.0665,59.3863],[-116.1064,59.323],[-116.238,59.2888],[-116.3003,59.2428],[-116.3114,59.2213],[-116.3032,59.1987],[-116.3389,59.1899],[-116.3545,59.1748],[-116.3341,59.1707],[-116.3602,59.1625],[-116.3695,59.1394],[-116.3979,59.1218],[-116.3859,59.0243],[-116.4034,59.018],[-116.3905,58.984],[-116.3656,58.962],[-116.2881,58.9458],[-116.2135,58.9026],[-116.0867,58.8596],[-116.0475,58.8946],[-116.0453,58.9264],[-116.0283,58.9329],[-116.0188,58.9165],[-115.9902,58.9255],[-116.0117,58.8679],[-115.9935,58.843],[-115.9134,58.8157],[-115.8268,58.8272],[-115.8213,58.8399],[-115.8124,58.8312],[-115.8376,58.8081],[-115.8124,58.8056],[-115.833,58.7977],[-115.811,58.78],[-115.7937,58.7811],[-115.7882,58.7926],[-115.723,58.8173],[-115.7571,58.7947],[-115.7622,58.763],[-115.6764,58.7631],[-115.6329,58.7393],[-115.5746,58.7354],[-115.5531,58.7225],[-115.1691,58.6741],[-115.1668,58.6986],[-115.2384,58.7516],[-115.208,58.7755],[-115.1738,58.774],[-115.0809,58.7263],[-115.0296,58.7383],[-115.0017,58.7172],[-115.0336,58.69],[-114.9816,58.6736],[-114.9067,58.7054],[-114.8896,58.7174],[-114.8945,58.7284],[-114.8457,58.7332],[-114.8225,58.7606],[-114.7865,58.7567],[-114.7597,58.7722],[-114.7498,58.7877],[-114.7577,58.7985],[-114.7298,58.8074],[-114.7475,58.8502],[-114.7149,58.8262],[-114.717,58.8592],[-114.7938,58.8959],[-114.7823,58.917],[-114.8401,58.9367],[-114.8385,58.9535],[-114.726,58.963],[-114.7076,58.972],[-114.7062,58.9876],[-114.6133,58.9746],[-114.5539,59.0148],[-114.5518,59.0385],[-114.5218,59.0703],[-114.4301,59.0938],[-114.3905,59.0538],[-114.3221,59.0461],[-114.3795,59.0421],[-114.3922,59.0266],[-114.3437,59.0026],[-114.3503,58.957],[-114.291,58.9071],[-114.3076,58.888],[-114.2846,58.8785],[-114.2217,58.8973],[-114.2447,58.914],[-114.2103,58.9341],[-114.1018,58.9729],[-114.1104,58.9874],[-114.0908,58.9899],[-114.0849,59.0078],[-114.099,59.0145],[-114.0921,59.0426],[-114.0586,59.0396],[-114.0465,59.0178],[-114.0028,59.0188],[-113.9975,59.0399],[-114.0395,59.0299],[-114.0442,59.0542],[-114.0739,59.0631],[-114.054,59.0829],[-114.0584,59.1132],[-114.1147,59.1347],[-114.1633,59.1353],[-114.2016,59.1974],[-114.2329,59.2193],[-114.0869,59.1948],[-113.9978,59.1999],[-113.9863,59.2102],[-114.0018,59.2188],[-113.9878,59.2245],[-114.0072,59.2531],[-113.9799,59.2566],[-114.032,59.3097],[-114.2004,59.3692],[-114.2247,59.36],[-114.2223,59.3445],[-114.2715,59.324],[-114.325,59.3053],[-114.344,59.3104],[-114.3121,59.3528],[-114.3232,59.3587],[-114.3092,59.3813],[-114.3226,59.3931],[-114.2819,59.4271],[-114.3817,59.4688],[-114.4387,59.4488],[-114.4502,59.4101],[-114.4867,59.3962],[-114.4941,59.3778],[-114.5323,59.3619],[-114.5591,59.3655],[-114.5797,59.3901],[-114.5716,59.434],[-114.5288,59.4213],[-114.5423,59.4526],[-114.5148,59.5189],[-114.5337,59.5406],[-114.6494,59.5609],[-114.6751,59.547],[-114.7182,59.5492],[-114.7665,59.5142],[-114.8079,59.5388],[-114.8342,59.5267],[-114.9038,59.5718],[-114.9729,59.559],[-115.0099,59.5819],[-114.9501,59.6216],[-114.9123,59.6287],[-114.9128,59.6415],[-115.1648,59.6856]]],[[[-117.1839,59.9997],[-117.3901,59.8416],[-117.5064,59.7275],[-117.5775,59.6863],[-117.6751,59.6011],[-117.783,59.5409],[-118.0847,59.4092],[-118.1455,59.3894],[-118.2689,59.3836],[-118.3021,59.3501],[-118.3921,59.3114],[-118.5811,59.2587],[-118.8755,59.2103],[-119.0753,59.216],[-119.2487,59.2466],[-119.2787,59.2363],[-119.3385,59.1698],[-119.394,59.1591],[-119.7011,59.1729],[-119.8119,59.2036],[-119.8483,59.2307],[-119.8642,59.2491],[-119.8385,59.2345],[-119.7677,59.2386],[-119.7202,59.2656],[-119.7177,59.2851],[-119.7453,59.3214],[-119.7513,59.3554],[-119.8249,59.4681],[-119.8185,59.4845],[-119.7995,59.5034],[-119.72,59.5122],[-119.6109,59.5602],[-119.5565,59.5666],[-119.4258,59.5397],[-119.4204,59.4728],[-119.3793,59.4594],[-119.3954,59.4484],[-119.3937,59.4212],[-119.4207,59.3958],[-119.4499,59.3349],[-119.6015,59.2814],[-119.6112,59.2646],[-119.593,59.2583],[-119.5928,59.2466],[-119.5076,59.2523],[-119.4275,59.2412],[-119.3393,59.3065],[-119.1867,59.3263],[-119.1651,59.3252],[-119.1333,59.2895],[-119.0849,59.2631],[-119.0062,59.2434],[-118.8869,59.2421],[-118.8463,59.2505],[-118.8438,59.2858],[-118.8215,59.2865],[-118.802,59.3038],[-118.6999,59.3098],[-118.6952,59.3235],[-118.6656,59.3336],[-118.6691,59.3469],[-118.8073,59.3544],[-118.8062,59.3786],[-118.858,59.3992],[-118.8834,59.4355],[-118.9023,59.4415],[-118.9098,59.4656],[-118.8854,59.4782],[-118.8982,59.4956],[-118.9686,59.5303],[-118.9602,59.5586],[-118.9404,59.5658],[-118.9567,59.5923],[-118.9423,59.6039],[-118.9464,59.6254],[-118.8879,59.6427],[-118.8016,59.6467],[-118.6323,59.6058],[-118.6105,59.6103],[-118.5684,59.5485],[-118.5206,59.5173],[-118.5089,59.5266],[-118.4866,59.5129],[-118.4796,59.4888],[-118.3724,59.452],[-118.3294,59.4511],[-118.3087,59.4792],[-118.3226,59.5178],[-118.3027,59.5431],[-118.3133,59.5764],[-118.2848,59.5943],[-118.3112,59.602],[-118.301,59.6129],[-118.3266,59.6292],[-118.2803,59.6542],[-118.3362,59.6708],[-118.4768,59.7759],[-118.5146,59.7776],[-118.5359,59.7577],[-118.5543,59.8097],[-118.5898,59.829],[-118.5945,59.8485],[-118.6197,59.8678],[-118.5611,59.9139],[-118.5068,59.8269],[-118.3637,59.744],[-118.3083,59.731],[-118.2006,59.6648],[-118.1649,59.6554],[-118.1692,59.6475],[-118.1118,59.6495],[-118.0688,59.6322],[-117.9432,59.6335],[-117.9858,59.5864],[-117.9799,59.5755],[-117.8797,59.6111],[-117.8468,59.6356],[-117.8264,59.6382],[-117.8141,59.6226],[-117.7939,59.6288],[-117.6985,59.6789],[-117.6895,59.6962],[-117.7043,59.7049],[-117.7493,59.7013],[-117.7268,59.7268],[-117.7542,59.7355],[-117.7506,59.7466],[-117.7269,59.765],[-117.7139,59.7578],[-117.6543,59.7843],[-117.5975,59.7796],[-117.4383,59.872],[-117.399,59.9137],[-117.4295,59.9403],[-117.4189,59.9835],[-117.3832,59.99],[-117.3419,59.9723],[-117.2783,59.9998],[-117.1839,59.9997]],[[-118.5348,59.4393],[-118.5913,59.5027],[-118.6435,59.4926],[-118.6277,59.5251],[-118.6728,59.5641],[-118.7159,59.5699],[-118.7026,59.5798],[-118.7886,59.6031],[-118.8326,59.595],[-118.8082,59.5691],[-118.8329,59.5548],[-118.8167,59.548],[-118.8229,59.5101],[-118.7847,59.4819],[-118.7962,59.4685],[-118.7789,59.4659],[-118.7815,59.4549],[-118.7404,59.4484],[-118.7707,59.4248],[-118.7492,59.4221],[-118.7172,59.4412],[-118.6805,59.4314],[-118.6684,59.4476],[-118.6338,59.4298],[-118.5985,59.4362],[-118.5965,59.4221],[-118.6658,59.4019],[-118.6516,59.3842],[-118.6089,59.4071],[-118.5797,59.401],[-118.5608,59.4129],[-118.5348,59.4393]],[[-119.6171,59.3756],[-119.4729,59.4393],[-119.503,59.4586],[-119.4931,59.4899],[-119.5112,59.5153],[-119.5894,59.5331],[-119.6337,59.5192],[-119.6057,59.4717],[-119.6697,59.4401],[-119.6402,59.4176],[-119.6568,59.3808],[-119.6171,59.3756]]]]}},{"type":"Feature","properties":{"key":"northern_alberta_uplands","name":"Northern Alberta Uplands","where":"north AB","sort":314,"ecozone":"Taiga Plains","ab_subregion":"Northern Mixedwood"},"geometry":{"type":"MultiPolygon","coordinates":[[[[-113.996,59.3329],[-114.0319,59.3547],[-114.0966,59.3791],[-113.9929,59.3429],[-113.996,59.3329]]],[[[-116.7706,59.1101],[-116.5989,59.2639],[-116.411,59.3701],[-116.1925,59.4549],[-116.316,59.3727],[-116.3096,59.3638],[-116.3378,59.3611],[-116.5247,59.2277],[-116.5313,59.2045],[-116.5521,59.2075],[-116.5848,59.1896],[-116.5776,59.1835],[-116.6162,59.173],[-116.6466,59.1481],[-116.6467,59.1298],[-116.6939,59.1024],[-116.6893,59.0949],[-116.7185,59.0706],[-116.8112,59.043],[-116.7706,59.1101]]],[[[-116.174,59.4612],[-116.1771,59.4585],[-116.1804,59.459],[-116.174,59.4612]]],[[[-116.1509,59.4692],[-116.154,59.4671],[-116.1568,59.4672],[-116.1509,59.4692]]],[[[-116.1417,59.4723],[-116.1419,59.4723],[-116.141,59.4726],[-116.1417,59.4723]]],[[[-116.1111,59.4825],[-116.102,59.474],[-116.123,59.4789],[-116.1111,59.4825]]],[[[-117.6756,59.6008],[-117.5775,59.6863],[-117.5064,59.7275],[-117.6243,59.6272],[-117.6756,59.6008]]],[[[-117.4956,59.7396],[-117.4929,59.7398],[-117.495,59.7379],[-117.4956,59.7396]]],[[[-117.1991,59.9792],[-117.1839,59.9997],[-117.1644,59.9997],[-117.1991,59.9792]]],[[[-120.0,59.4845],[-120.0,60.0001],[-118.414,59.9997],[-118.5313,59.9551],[-118.5611,59.9139],[-118.6197,59.8678],[-118.5945,59.8485],[-118.5898,59.829],[-118.5543,59.8097],[-118.5359,59.7577],[-118.5146,59.7776],[-118.4768,59.7759],[-118.3362,59.6708],[-118.2803,59.6542],[-118.3266,59.6292],[-118.301,59.6129],[-118.3112,59.602],[-118.2848,59.5943],[-118.3133,59.5764],[-118.3027,59.5431],[-118.3226,59.5178],[-118.3087,59.4792],[-118.3401,59.4485],[-118.4796,59.4888],[-118.4866,59.5129],[-118.5089,59.5266],[-118.5206,59.5173],[-118.5684,59.5485],[-118.6105,59.6103],[-118.6323,59.6058],[-118.8016,59.6467],[-118.9424,59.6296],[-118.9423,59.6039],[-118.9567,59.5923],[-118.9404,59.5658],[-118.9591,59.56],[-118.9705,59.5337],[-118.8967,59.4937],[-118.8857,59.4772],[-118.9099,59.4624],[-118.9023,59.4415],[-118.8672,59.4162],[-118.878,59.4151],[-118.8062,59.3786],[-118.8143,59.3632],[-118.8041,59.3527],[-118.7171,59.3542],[-118.6691,59.3469],[-118.6654,59.3352],[-118.7243,59.3011],[-118.7999,59.3042],[-118.8215,59.2865],[-118.8402,59.2893],[-118.8463,59.2505],[-118.8869,59.2421],[-119.0062,59.2434],[-119.0849,59.2631],[-119.1333,59.2895],[-119.1651,59.3252],[-119.1867,59.3263],[-119.3393,59.3065],[-119.4275,59.2412],[-119.5076,59.2523],[-119.5954,59.2476],[-119.593,59.2583],[-119.6112,59.2646],[-119.6015,59.2814],[-119.4499,59.3349],[-119.4207,59.3958],[-119.3937,59.4212],[-119.3954,59.4484],[-119.3792,59.4576],[-119.4204,59.4728],[-119.4244,59.5389],[-119.5565,59.5666],[-119.6373,59.5544],[-119.72,59.5122],[-119.7995,59.5034],[-119.8185,59.4845],[-119.8249,59.4681],[-119.7709,59.3919],[-119.7453,59.3214],[-119.7173,59.2826],[-119.7206,59.2644],[-119.7677,59.2386],[-119.8398,59.2347],[-119.8786,59.2655],[-119.9854,59.4854],[-120.0,59.4845]]]]}},{"type":"Feature","properties":{"key":"northern_continental_divide","name":"Northern Continental Divide","where":"south AB","sort":515,"ecozone":"Montane Cordillera","ab_subregion":""},"geometry":{"type":"MultiPolygon","coordinates":[[[[-114.6652,49.5523],[-114.6894,49.5473],[-114.6851,49.5566],[-114.6652,49.5523]]],[[[-114.7321,49.5767],[-114.7295,49.577],[-114.7252,49.5725],[-114.7321,49.5767]]],[[[-114.7439,49.5876],[-114.7375,49.5965],[-114.7349,49.5804],[-114.7333,49.5775],[-114.7439,49.5876]]],[[[-114.6779,49.6512],[-114.6647,49.6677],[-114.662,49.6434],[-114.6809,49.6394],[-114.6779,49.6512]]],[[[-114.6704,49.8699],[-114.6705,49.87],[-114.6708,49.8705],[-114.6704,49.8699]]],[[[-114.6723,49.8743],[-114.6775,49.8826],[-114.6735,49.88],[-114.6723,49.8743]]],[[[-114.6877,49.9185],[-114.6869,49.9174],[-114.6873,49.9154],[-114.6877,49.9185]]],[[[-114.684,49.9545],[-114.6862,49.9515],[-114.6835,49.959],[-114.684,49.9545]]],[[[-114.7277,50.1362],[-114.7276,50.136],[-114.7276,50.1359],[-114.7277,50.1362]]],[[[-114.728,50.1371],[-114.7328,50.1617],[-114.7257,50.1618],[-114.728,50.1371]]],[[[-114.7324,50.1705],[-114.7309,50.1933],[-114.7255,50.1833],[-114.7324,50.1705]]],[[[-114.758,50.2726],[-114.7701,50.3026],[-114.7561,50.2995],[-114.7524,50.2735],[-114.758,50.2726]]],[[[-114.7751,50.3541],[-114.7843,50.3629],[-114.7678,50.3502],[-114.7905,50.3375],[-114.7751,50.3541]]],[[[-114.8247,50.3908],[-114.8284,50.393],[-114.8259,50.3933],[-114.8247,50.3908]]],[[[-114.8609,50.4208],[-114.8649,50.4176],[-114.8618,50.4251],[-114.8609,50.4208]]],[[[-114.8759,50.4355],[-114.8782,50.4391],[-114.8753,50.4379],[-114.8759,50.4355]]],[[[-115.1909,50.555],[-115.168,50.5699],[-115.1791,50.5539],[-115.1909,50.555]]],[[[-115.0171,50.5832],[-115.0143,50.5739],[-115.0351,50.5798],[-115.0171,50.5832]]],[[[-115.0761,50.5867],[-115.0747,50.5867],[-115.0707,50.5856],[-115.0761,50.5867]]],[[[-114.0623,48.9958],[-113.4421,48.9971],[-113.6938,48.9944],[-114.0623,48.9958]]],[[[-114.1038,49.0601],[-114.1282,49.0779],[-114.0989,49.0604],[-114.0782,49.0557],[-114.1038,49.0601]]],[[[-114.1317,49.08],[-114.1401,49.0872],[-114.1323,49.0829],[-114.1317,49.08]]],[[[-114.1464,49.0926],[-114.1457,49.0922],[-114.1424,49.0891],[-114.1464,49.0926]]],[[[-114.1532,49.0999],[-114.1598,49.117],[-114.1498,49.1185],[-114.1532,49.0999]]],[[[-114.1533,49.1418],[-114.1539,49.1467],[-114.1501,49.1436],[-114.1533,49.1418]]],[[[-114.1751,49.1641],[-114.1618,49.1527],[-114.1914,49.1677],[-114.1751,49.1641]]],[[[-114.2226,49.1888],[-114.2161,49.1812],[-114.2327,49.1866],[-114.2226,49.1888]]],[[[-114.3163,49.1983],[-114.3384,49.1971],[-114.3184,49.2],[-114.3163,49.1983]]],[[[-114.3589,49.1984],[-114.371,49.2026],[-114.3618,49.2021],[-114.3589,49.1984]]],[[[-114.5083,49.3477],[-114.524,49.3569],[-114.4941,49.3524],[-114.4849,49.343],[-114.5083,49.3477]]],[[[-114.5269,49.3765],[-114.5245,49.3573],[-114.5377,49.3721],[-114.5506,49.374],[-114.5269,49.3765]]],[[[-114.5878,49.5655],[-114.5724,49.5573],[-114.5736,49.5524],[-114.6318,49.5455],[-114.5878,49.5655]]],[[[-114.6648,49.6769],[-114.6659,49.6762],[-114.6654,49.6776],[-114.6648,49.6769]]],[[[-114.6661,49.6958],[-114.6394,49.7198],[-114.6394,49.7391],[-114.6366,49.7004],[-114.6661,49.6958]]],[[[-114.6432,49.7449],[-114.6481,49.753],[-114.6419,49.7469],[-114.6432,49.7449]]],[[[-114.6612,49.8612],[-114.6615,49.8584],[-114.6655,49.8636],[-114.6612,49.8612]]],[[[-114.6585,50.0199],[-114.6605,50.0171],[-114.6619,50.0324],[-114.6585,50.0199]]]]}},{"type":"Feature","properties":{"key":"northern_continental_divide","name":"Northern Continental Divide","where":"south AB","sort":515,"ecozone":"Montane Cordillera","ab_subregion":"Alpine"},"geometry":{"type":"MultiPolygon","coordinates":[[[[-114.4372,49.2887],[-114.4375,49.2854],[-114.4398,49.2901],[-114.4372,49.2887]]],[[[-114.442,49.3065],[-114.4435,49.3133],[-114.4383,49.3115],[-114.442,49.3065]]],[[[-114.4528,49.3485],[-114.437,49.3562],[-114.434,49.3533],[-114.4613,49.3354],[-114.4654,49.3608],[-114.451,49.3598],[-114.4528,49.3485]]],[[[-114.494,49.3798],[-114.5042,49.3787],[-114.5021,49.3898],[-114.494,49.3798]]],[[[-114.5673,49.4041],[-114.5676,49.4126],[-114.5593,49.4093],[-114.5673,49.4041]]],[[[-114.5782,49.429],[-114.5718,49.4378],[-114.5686,49.4369],[-114.5782,49.429]]],[[[-114.5941,49.4559],[-114.5955,49.4542],[-114.5949,49.4568],[-114.5941,49.4559]]],[[[-114.5864,49.4698],[-114.5929,49.4653],[-114.5907,49.4727],[-114.5864,49.4698]]],[[[-114.5726,49.5511],[-114.5771,49.5649],[-114.5586,49.5547],[-114.5726,49.5511]]],[[[-114.5763,49.5806],[-114.5674,49.5816],[-114.5772,49.5784],[-114.5763,49.5806]]],[[[-114.6479,49.5559],[-114.6683,49.5777],[-114.6351,49.5563],[-114.599,49.565],[-114.6479,49.5995],[-114.6395,49.6009],[-114.646,49.6128],[-114.6248,49.5894],[-114.604,49.5913],[-114.6037,49.5791],[-114.5865,49.5765],[-114.5858,49.5635],[-114.6175,49.5471],[-114.6479,49.5559]]],[[[-114.6398,49.6663],[-114.6423,49.6572],[-114.6581,49.6548],[-114.6586,49.6656],[-114.6398,49.6663]]],[[[-114.6346,49.7147],[-114.6368,49.7152],[-114.6381,49.7171],[-114.6346,49.7147]]],[[[-114.6347,49.7488],[-114.6471,49.7523],[-114.6432,49.7557],[-114.6347,49.7488]]],[[[-115.1238,50.5894],[-115.1182,50.5876],[-115.1295,50.5867],[-115.1238,50.5894]]],[[[-115.2073,50.5448],[-115.2148,50.6257],[-115.1944,50.6178],[-115.2071,50.5913],[-115.2004,50.5823],[-115.176,50.5991],[-115.15,50.5995],[-115.1623,50.5879],[-115.1483,50.588],[-115.1888,50.5475],[-115.2073,50.5448]]],[[[-115.2348,50.6676],[-115.2095,50.6923],[-115.1785,50.6569],[-115.1596,50.6604],[-115.154,50.6357],[-115.2045,50.6644],[-115.1981,50.6478],[-115.2265,50.6417],[-115.2348,50.6676]]],[[[-115.2264,50.7971],[-115.227,50.8278],[-115.2084,50.846],[-115.2259,50.8226],[-115.2048,50.8176],[-115.1925,50.7746],[-115.1572,50.7465],[-115.1538,50.7252],[-115.2013,50.7545],[-115.1666,50.7046],[-115.2022,50.727],[-115.2264,50.7971]]],[[[-115.1499,50.8532],[-115.1133,50.8533],[-115.0874,50.8335],[-115.1212,50.8442],[-115.1347,50.8355],[-115.1499,50.8532]]],[[[-115.1828,50.9131],[-115.1822,50.8848],[-115.2043,50.8737],[-115.1828,50.9131]]],[[[-115.2108,50.9884],[-115.1867,50.977],[-115.1874,50.9668],[-115.191,50.9656],[-115.2108,50.9884]]],[[[-115.194,51.0131],[-115.2172,51.0347],[-115.186,51.0149],[-115.194,51.0131]]],[[[-115.2677,51.0966],[-115.2441,51.0687],[-115.2916,51.0946],[-115.2677,51.0966]]],[[[-115.3175,51.1102],[-115.3244,51.1202],[-115.3091,51.1136],[-115.3175,51.1102]]],[[[-115.3424,51.1286],[-115.344,51.1345],[-115.3362,51.1287],[-115.3424,51.1286]]],[[[-115.3736,51.1604],[-115.3732,51.1547],[-115.3773,51.1587],[-115.3736,51.1604]]],[[[-115.5243,51.1573],[-115.4825,51.1513],[-115.482,51.1496],[-115.5243,51.1573]]],[[[-115.3929,51.1778],[-115.4074,51.1891],[-115.406,51.1907],[-115.3929,51.1778]]],[[[-114.3179,49.2008],[-114.3221,49.2049],[-114.3189,49.2064],[-114.3179,49.2008]]],[[[-114.3872,49.2242],[-114.3807,49.2185],[-114.3867,49.2172],[-114.3872,49.2242]]],[[[-114.3735,49.2516],[-114.372,49.2539],[-114.3714,49.2536],[-114.3735,49.2516]]],[[[-114.3771,49.3232],[-114.3648,49.3174],[-114.376,49.3131],[-114.3657,49.2967],[-114.3446,49.2821],[-114.3813,49.299],[-114.3919,49.335],[-114.3708,49.3328],[-114.3771,49.3232]]],[[[-114.529,49.7228],[-114.5213,49.7282],[-114.5247,49.7178],[-114.529,49.7228]]],[[[-114.5849,49.7574],[-114.5696,49.7241],[-114.5819,49.7205],[-114.5688,49.7003],[-114.5755,49.6939],[-114.5914,49.7197],[-114.5849,49.7574]]],[[[-114.6282,49.8045],[-114.6282,49.8034],[-114.6289,49.805],[-114.6282,49.8045]]],[[[-114.6384,49.8272],[-114.6343,49.8241],[-114.636,49.8216],[-114.6384,49.8272]]],[[[-114.6828,49.8922],[-114.6696,49.8868],[-114.6753,49.8815],[-114.6828,49.8922]]],[[[-114.6856,49.9037],[-114.6828,49.9011],[-114.6839,49.897],[-114.6856,49.9037]]],[[[-114.6843,49.9249],[-114.6879,49.9203],[-114.6884,49.9341],[-114.6843,49.9249]]],[[[-114.6658,49.9628],[-114.6209,49.9624],[-114.6465,49.9424],[-114.6028,49.9481],[-114.5986,49.9356],[-114.6151,49.9352],[-114.6297,49.9077],[-114.669,49.9372],[-114.6658,49.9628]]],[[[-114.6881,49.9437],[-114.687,49.9424],[-114.6882,49.9408],[-114.6881,49.9437]]],[[[-114.697,50.0957],[-114.6842,50.0983],[-114.6926,50.0879],[-114.697,50.0957]]],[[[-114.7196,50.1168],[-114.7324,50.1705],[-114.7229,50.1909],[-114.7107,50.1805],[-114.7264,50.1748],[-114.7217,50.1657],[-114.7013,50.1657],[-114.7203,50.1538],[-114.7081,50.1357],[-114.7196,50.1168]]],[[[-114.8124,50.4014],[-114.8334,50.3959],[-114.8214,50.4077],[-114.8124,50.4014]]],[[[-114.8641,50.4165],[-114.8549,50.427],[-114.8513,50.4047],[-114.8641,50.4165]]],[[[-114.8645,50.4274],[-114.8832,50.4447],[-114.8703,50.456],[-114.8491,50.4545],[-114.8645,50.4274]]],[[[-114.8925,50.4612],[-114.8948,50.4553],[-114.8997,50.4594],[-114.8925,50.4612]]],[[[-114.8978,50.4691],[-114.9045,50.4635],[-114.91,50.4682],[-114.8978,50.4691]]],[[[-114.9331,50.4904],[-114.8836,50.5109],[-114.851,50.5062],[-114.8413,50.4935],[-114.8793,50.4985],[-114.9207,50.4867],[-114.9187,50.4763],[-114.9331,50.4904]]],[[[-114.9434,50.5015],[-114.9267,50.5115],[-114.9225,50.5132],[-114.9376,50.4953],[-114.9434,50.5015]]],[[[-114.9542,50.5136],[-114.9409,50.5183],[-114.9502,50.5089],[-114.9542,50.5136]]],[[[-114.9612,50.5218],[-114.9519,50.5214],[-114.957,50.5169],[-114.9612,50.5218]]],[[[-115.1279,50.8205],[-115.1227,50.7869],[-115.1137,50.8139],[-115.0791,50.8185],[-115.0739,50.804],[-115.0865,50.7908],[-115.0707,50.7914],[-115.0793,50.7766],[-115.0598,50.7842],[-115.0233,50.7654],[-115.0735,50.7512],[-115.0384,50.7052],[-115.037,50.741],[-114.9964,50.75],[-115.0127,50.721],[-115.0012,50.6974],[-114.9925,50.7063],[-114.9842,50.6972],[-114.9882,50.7368],[-114.9602,50.7239],[-114.9695,50.7552],[-114.9458,50.7531],[-114.9502,50.7646],[-114.921,50.7808],[-114.9004,50.7793],[-114.9071,50.7728],[-114.8971,50.7668],[-114.9107,50.7619],[-114.8833,50.7582],[-114.9119,50.7478],[-114.8713,50.7479],[-114.9173,50.7317],[-114.8675,50.7312],[-114.8892,50.7019],[-114.9104,50.7106],[-114.9371,50.6857],[-114.9959,50.6885],[-114.9843,50.6803],[-115.0035,50.6684],[-115.0242,50.675],[-115.0092,50.6613],[-115.014,50.6362],[-115.0345,50.6482],[-115.0581,50.6439],[-115.0658,50.6455],[-115.0643,50.658],[-115.0444,50.6634],[-115.0668,50.6681],[-115.0563,50.6827],[-115.0769,50.6795],[-115.0935,50.7093],[-115.0689,50.6923],[-115.0753,50.7159],[-115.1068,50.7371],[-115.0992,50.7494],[-115.1199,50.7636],[-115.1121,50.7718],[-115.1343,50.7741],[-115.1481,50.826],[-115.1279,50.8205]]],[[[-115.1773,51.0345],[-115.1234,50.997],[-115.1288,50.9817],[-115.1626,51.0023],[-115.1773,51.0345]]],[[[-115.1074,51.0203],[-115.1163,51.0204],[-115.1169,51.0217],[-115.1074,51.0203]]],[[[-115.2295,51.0871],[-115.216,51.0862],[-115.216,51.0859],[-115.2227,51.0813],[-115.2295,51.0871]]],[[[-114.1136,49.1046],[-114.128,49.0943],[-114.1333,49.0963],[-114.1274,49.106],[-114.1136,49.1046]]],[[[-114.1606,49.1914],[-114.1636,49.176],[-114.1767,49.1913],[-114.1606,49.1914]]],[[[-114.2284,49.2],[-114.2202,49.1963],[-114.2216,49.1879],[-114.2288,49.1888],[-114.2284,49.2]]],[[[-114.2668,49.1969],[-114.2822,49.2075],[-114.2616,49.2148],[-114.2668,49.1969]]],[[[-114.2888,49.2396],[-114.3076,49.2239],[-114.3284,49.2251],[-114.3342,49.2436],[-114.3165,49.2376],[-114.3136,49.272],[-114.3045,49.2401],[-114.2888,49.2396]]],[[[-114.2426,49.2972],[-114.2082,49.2788],[-114.2067,49.2666],[-114.2415,49.2783],[-114.2336,49.286],[-114.2422,49.2924],[-114.2426,49.2972]]],[[[-114.2308,49.3146],[-114.2401,49.3193],[-114.2282,49.328],[-114.2308,49.3146]]],[[[-114.2745,49.3203],[-114.2564,49.3138],[-114.2762,49.3187],[-114.2745,49.3203]]],[[[-114.2746,49.3263],[-114.279,49.3347],[-114.2754,49.3353],[-114.2746,49.3263]]],[[[-114.2693,49.3423],[-114.2813,49.3448],[-114.2684,49.3446],[-114.2693,49.3423]]],[[[-114.4962,49.7311],[-114.4961,49.7115],[-114.515,49.7295],[-114.4962,49.7311]]],[[[-114.5084,49.7709],[-114.5228,49.7774],[-114.5145,49.7905],[-114.5084,49.7709]]],[[[-114.513,49.8685],[-114.5213,49.8616],[-114.5195,49.8695],[-114.513,49.8685]]],[[[-114.5367,49.9631],[-114.5408,49.937],[-114.5532,49.9585],[-114.5367,49.9631]]],[[[-114.548,49.9953],[-114.5668,50.0028],[-114.5675,50.018],[-114.548,49.9953]]],[[[-114.6531,50.0008],[-114.6331,49.9991],[-114.6107,50.0148],[-114.6073,49.9968],[-114.6456,49.9862],[-114.6531,50.0008]]],[[[-114.6589,50.019],[-114.6611,50.0643],[-114.6779,50.0796],[-114.6584,50.0789],[-114.6434,50.0644],[-114.6541,50.0558],[-114.6366,50.0476],[-114.6591,50.042],[-114.6364,50.029],[-114.6552,50.0045],[-114.6589,50.019]]],[[[-114.7275,50.1962],[-114.7309,50.1933],[-114.7317,50.1986],[-114.7275,50.1962]]],[[[-114.7297,50.2295],[-114.713,50.2232],[-114.7328,50.2039],[-114.7394,50.2148],[-114.7297,50.2295]]],[[[-114.7562,50.2583],[-114.7561,50.2995],[-114.7898,50.3278],[-114.7678,50.3502],[-114.7871,50.3666],[-114.7626,50.3611],[-114.7437,50.338],[-114.7761,50.3273],[-114.7595,50.3082],[-114.736,50.3118],[-114.7469,50.285],[-114.7374,50.2721],[-114.7562,50.2583]]],[[[-114.8053,50.3847],[-114.8064,50.3791],[-114.8131,50.3837],[-114.8053,50.3847]]],[[[-114.8415,50.4428],[-114.8357,50.4306],[-114.8448,50.434],[-114.8415,50.4428]]],[[[-114.9676,50.5293],[-115.0525,50.5965],[-115.0571,50.629],[-115.0294,50.6137],[-115.041,50.6322],[-115.0288,50.6307],[-115.0013,50.5922],[-114.9876,50.5963],[-115.0086,50.6283],[-114.991,50.636],[-114.9907,50.6626],[-114.9609,50.6535],[-114.9635,50.6322],[-114.9476,50.6472],[-114.907,50.6264],[-114.936,50.5952],[-114.8927,50.6108],[-114.8758,50.5908],[-114.8056,50.591],[-114.8543,50.583],[-114.8234,50.5462],[-114.8127,50.5572],[-114.8205,50.5712],[-114.752,50.5866],[-114.7479,50.57],[-114.7648,50.5703],[-114.7777,50.5501],[-114.7436,50.5563],[-114.7603,50.5314],[-114.7417,50.5386],[-114.7435,50.5233],[-114.724,50.5062],[-114.7031,50.5111],[-114.7141,50.5287],[-114.7064,50.5394],[-114.7215,50.5434],[-114.711,50.5601],[-114.6832,50.5579],[-114.651,50.5332],[-114.6451,50.5094],[-114.6623,50.5328],[-114.6873,50.5369],[-114.6712,50.5024],[-114.7054,50.4971],[-114.7078,50.4829],[-114.7025,50.4747],[-114.6856,50.487],[-114.6527,50.4812],[-114.6485,50.4708],[-114.6827,50.4684],[-114.6818,50.4596],[-114.6686,50.4471],[-114.6286,50.4511],[-114.6232,50.4414],[-114.6402,50.4291],[-114.6094,50.4178],[-114.6235,50.4081],[-114.6977,50.4421],[-114.6912,50.4528],[-114.7181,50.4593],[-114.7256,50.4917],[-114.7539,50.4995],[-114.7508,50.4894],[-114.7604,50.4908],[-114.7797,50.5154],[-114.7614,50.5198],[-114.8068,50.5364],[-114.8192,50.5216],[-114.8321,50.5358],[-114.8234,50.541],[-114.8395,50.54],[-114.8526,50.5675],[-114.8792,50.5858],[-114.9069,50.5847],[-114.888,50.5822],[-114.9063,50.5715],[-114.882,50.571],[-114.9016,50.556],[-114.8714,50.5619],[-114.8875,50.5439],[-114.8725,50.5458],[-114.859,50.5293],[-114.9072,50.5273],[-114.9346,50.5392],[-114.9435,50.5514],[-114.9357,50.5603],[-114.979,50.5953],[-114.9579,50.562],[-114.9697,50.5552],[-114.9788,50.5693],[-114.9889,50.554],[-114.962,50.5384],[-114.9676,50.5293]]],[[[-114.8103,50.6894],[-114.8207,50.6773],[-114.8034,50.6773],[-114.7885,50.6435],[-114.8176,50.6535],[-114.8338,50.6467],[-114.8091,50.6412],[-114.835,50.6311],[-114.8015,50.632],[-114.7736,50.6054],[-114.8203,50.6223],[-114.8265,50.6099],[-114.8538,50.6139],[-114.9395,50.6727],[-114.8886,50.6932],[-114.8651,50.6855],[-114.8587,50.6968],[-114.8556,50.6787],[-114.8754,50.6689],[-114.8636,50.6685],[-114.8701,50.6576],[-114.8547,50.6647],[-114.8428,50.656],[-114.8417,50.6748],[-114.8247,50.666],[-114.8226,50.6973],[-114.8438,50.7178],[-114.8191,50.7093],[-114.8103,50.6894]]],[[[-114.9922,50.9377],[-114.9643,50.9333],[-114.9614,50.9225],[-114.9833,50.9295],[-114.9774,50.917],[-115.0035,50.9168],[-115.0067,50.9009],[-114.9917,50.9102],[-114.9642,50.9024],[-115.0251,50.8772],[-115.0004,50.8585],[-114.9826,50.875],[-114.9814,50.8617],[-114.9654,50.8618],[-114.9691,50.8812],[-114.9307,50.8928],[-114.9521,50.8686],[-114.922,50.8581],[-114.8913,50.802],[-114.9327,50.8494],[-114.963,50.8515],[-114.943,50.8316],[-114.9776,50.8303],[-114.9372,50.8228],[-114.9293,50.807],[-115.001,50.8229],[-114.9885,50.8058],[-115.0091,50.8069],[-115.0121,50.7972],[-114.9439,50.7929],[-114.9772,50.7907],[-114.9867,50.772],[-115.0094,50.7664],[-115.0122,50.7842],[-115.0394,50.7831],[-115.0585,50.7989],[-115.064,50.8385],[-115.0426,50.8243],[-115.0133,50.8384],[-115.0407,50.8416],[-115.0243,50.8538],[-115.0505,50.8494],[-115.0601,50.8531],[-115.0551,50.8641],[-115.0751,50.8659],[-115.0455,50.8859],[-115.0863,50.8835],[-115.0696,50.8926],[-115.0882,50.8954],[-115.0917,50.911],[-115.0793,50.9112],[-115.0932,50.9324],[-115.0827,50.9365],[-115.0634,50.9053],[-115.0468,50.9082],[-115.0345,50.894],[-115.0144,50.9268],[-114.9967,50.9329],[-115.0202,50.9408],[-115.0018,50.9456],[-115.0162,50.9578],[-114.9982,50.9635],[-114.9922,50.9377]]],[[[-115.0265,50.9709],[-115.0257,50.9756],[-115.0203,50.9723],[-115.0265,50.9709]]],[[[-115.0382,50.9801],[-115.0306,50.9767],[-115.0412,50.9773],[-115.0382,50.9801]]],[[[-115.1642,51.2607],[-115.1629,51.2654],[-115.1621,51.2634],[-115.1642,51.2607]]],[[[-113.8719,48.9985],[-113.8493,49.0024],[-113.847,48.9984],[-113.8719,48.9985]]],[[[-113.8489,49.0289],[-113.8218,49.008],[-113.8058,49.012],[-113.8169,48.9982],[-113.8364,48.9983],[-113.8282,49.007],[-113.8489,49.0289]]],[[[-113.8095,49.037],[-113.7652,49.0313],[-113.7818,49.0243],[-113.7681,49.0183],[-113.7722,49.0094],[-113.8018,49.0137],[-113.7949,49.0186],[-113.8095,49.037]]],[[[-113.9866,49.0506],[-113.9978,49.0229],[-113.9404,49.0433],[-113.9633,49.0217],[-113.9363,49.0099],[-114.0249,49.0145],[-114.0092,49.0451],[-113.9622,49.0637],[-113.9866,49.0506]]],[[[-114.0391,49.0516],[-114.046,49.046],[-114.0483,49.0491],[-114.0391,49.0516]]],[[[-113.9263,49.0699],[-113.9347,49.0859],[-113.9233,49.0756],[-113.9263,49.0699]]],[[[-114.0799,49.059],[-114.0945,49.0876],[-114.0877,49.1004],[-114.0677,49.0879],[-114.0587,49.1012],[-114.024,49.1075],[-114.0199,49.0813],[-113.9882,49.0889],[-114.0109,49.0761],[-114.0796,49.0786],[-114.0787,49.0678],[-114.0351,49.0665],[-114.0799,49.059]]],[[[-114.0607,49.1279],[-114.13,49.1222],[-114.1436,49.1276],[-114.0931,49.1259],[-114.0805,49.1388],[-114.0607,49.1279]]],[[[-114.1379,49.2663],[-114.1348,49.2485],[-114.1534,49.2401],[-114.1361,49.2303],[-114.06,49.2666],[-114.1295,49.2239],[-114.1225,49.2148],[-114.0423,49.2427],[-114.1079,49.2038],[-114.0977,49.1956],[-114.019,49.2212],[-114.0101,49.2039],[-114.0455,49.2098],[-114.0996,49.1806],[-114.037,49.1854],[-114.0427,49.1671],[-113.9847,49.1782],[-113.9972,49.16],[-113.9607,49.1592],[-113.9456,49.1467],[-113.9543,49.1319],[-113.9439,49.1194],[-113.959,49.1253],[-113.9656,49.148],[-113.9987,49.145],[-114.0177,49.1633],[-114.0382,49.1573],[-114.0722,49.1725],[-114.0791,49.1611],[-114.1017,49.1705],[-114.1026,49.1556],[-114.1325,49.1589],[-114.1117,49.1611],[-114.1175,49.2011],[-114.1419,49.2275],[-114.1922,49.2292],[-114.2046,49.252],[-114.1946,49.2602],[-114.1783,49.2334],[-114.1662,49.2503],[-114.1678,49.2848],[-114.1465,49.2982],[-114.1352,49.2955],[-114.1595,49.2829],[-114.1592,49.248],[-114.1379,49.2663]]],[[[-114.1013,49.2819],[-114.0975,49.2755],[-114.1096,49.2766],[-114.1013,49.2819]]],[[[-114.3709,49.7905],[-114.3426,49.6916],[-114.3525,49.6484],[-114.3518,49.7048],[-114.3809,49.7871],[-114.3694,49.8002],[-114.3729,49.821],[-114.3598,49.8414],[-114.3709,49.7905]]],[[[-114.4456,49.9917],[-114.4565,49.9989],[-114.4493,49.9979],[-114.4456,49.9917]]],[[[-114.4844,50.0729],[-114.5033,50.0626],[-114.4886,50.0347],[-114.5279,50.0509],[-114.5146,50.0647],[-114.5338,50.0673],[-114.518,50.0818],[-114.4844,50.0729]]],[[[-114.3843,50.0883],[-114.3891,50.1047],[-114.3926,50.1127],[-114.3821,50.1047],[-114.3843,50.0883]]],[[[-114.4013,50.1437],[-114.4048,50.1239],[-114.4177,50.139],[-114.4013,50.1437]]],[[[-114.485,50.1201],[-114.5131,50.1229],[-114.484,50.1324],[-114.485,50.1201]]],[[[-114.5954,50.1679],[-114.5645,50.1669],[-114.5742,50.1713],[-114.5677,50.183],[-114.5431,50.1683],[-114.5364,50.1802],[-114.4888,50.1742],[-114.5351,50.1523],[-114.5502,50.1573],[-114.5638,50.142],[-114.5811,50.1536],[-114.5866,50.1432],[-114.574,50.1385],[-114.5839,50.1288],[-114.5667,50.1349],[-114.5516,50.1173],[-114.5482,50.1344],[-114.5284,50.109],[-114.4914,50.1092],[-114.4898,50.0978],[-114.5125,50.0879],[-114.5217,50.1044],[-114.5387,50.0882],[-114.5472,50.0986],[-114.5462,50.0759],[-114.5554,50.076],[-114.5708,50.1194],[-114.5926,50.1134],[-114.6166,50.1753],[-114.6278,50.1771],[-114.6093,50.1897],[-114.5954,50.1679]]],[[[-114.4679,50.2244],[-114.4548,50.1833],[-114.4664,50.1929],[-114.4679,50.2244]]],[[[-114.5083,50.2592],[-114.5131,50.2521],[-114.5018,50.2547],[-114.5058,50.2422],[-114.4905,50.2347],[-114.511,50.2179],[-114.4986,50.2131],[-114.5058,50.206],[-114.4926,50.1859],[-114.5313,50.1912],[-114.5352,50.2119],[-114.5439,50.1961],[-114.5542,50.2175],[-114.5682,50.2045],[-114.5688,50.2399],[-114.5592,50.2236],[-114.551,50.2351],[-114.5353,50.2283],[-114.5207,50.2511],[-114.5291,50.2633],[-114.5083,50.2592]]],[[[-114.5438,50.3233],[-114.5069,50.278],[-114.5332,50.2842],[-114.5278,50.2956],[-114.539,50.2978],[-114.5438,50.3233]]],[[[-114.6337,50.2929],[-114.6434,50.3025],[-114.6403,50.306],[-114.6337,50.2929]]],[[[-114.7687,50.7547],[-114.7885,50.7485],[-114.7972,50.7522],[-114.7919,50.7559],[-114.7687,50.7547]]],[[[-114.7894,50.7709],[-114.8059,50.7637],[-114.8149,50.7729],[-114.7982,50.7878],[-114.8045,50.7736],[-114.7894,50.7709]]],[[[-114.8081,50.7875],[-114.8146,50.7886],[-114.8061,50.7913],[-114.8081,50.7875]]],[[[-114.8491,50.9506],[-114.8147,50.9384],[-114.8374,50.9296],[-114.809,50.9221],[-114.8348,50.9151],[-114.85,50.9314],[-114.8491,50.9506]]]]}},{"type":"Feature","properties":{"key":"northern_continental_divide","name":"Northern Continental Divide","where":"south AB","sort":515,"ecozone":"Montane Cordillera","ab_subregion":"Foothills Fescue"},"geometry":{"type":"MultiPolygon","coordinates":[[[[-113.9264,49.3368],[-113.9248,49.3407],[-113.9254,49.3352],[-113.9264,49.3368]]],[[[-113.9332,49.352],[-113.934,49.3574],[-113.9294,49.3505],[-113.9332,49.352]]],[[[-113.9505,49.3703],[-113.9957,49.3902],[-114.0329,49.442],[-114.02,49.4353],[-113.9505,49.3703]]],[[[-114.0393,49.4469],[-114.0504,49.4573],[-114.0353,49.4464],[-114.0393,49.4469]]],[[[-114.0565,49.4617],[-114.0527,49.459],[-114.0549,49.4602],[-114.0565,49.4617]]],[[[-114.0814,49.4798],[-114.1269,49.4728],[-114.1476,49.5337],[-114.0814,49.4798]]],[[[-114.1602,49.5464],[-114.1616,49.5529],[-114.1542,49.5423],[-114.1602,49.5464]]],[[[-114.1663,49.5596],[-114.1932,49.5772],[-114.2188,49.57],[-114.2002,49.5837],[-114.2118,49.6037],[-114.2051,49.6342],[-114.1663,49.5596]]],[[[-114.2113,49.6524],[-114.2097,49.6576],[-114.2081,49.6492],[-114.2113,49.6524]]],[[[-114.2116,49.7448],[-114.2001,49.7454],[-114.2016,49.7397],[-114.2116,49.7448]]],[[[-114.1846,49.789],[-114.2118,49.7856],[-114.2206,49.8192],[-114.2752,49.8571],[-114.2203,49.8501],[-114.1908,49.828],[-114.1765,49.837],[-114.1846,49.789]]],[[[-113.4556,49.0528],[-113.5122,49.0665],[-113.5506,49.1042],[-113.4855,49.083],[-113.4556,49.0528]]],[[[-113.7226,49.129],[-113.7305,49.1331],[-113.7359,49.1382],[-113.744,49.1573],[-113.7226,49.129]]],[[[-114.0325,49.7888],[-114.0312,49.7877],[-114.0309,49.7868],[-114.0325,49.7888]]],[[[-114.0257,49.7902],[-114.0255,49.8085],[-114.0182,49.8099],[-114.0257,49.7902]]],[[[-113.8931,49.8471],[-113.8998,49.8509],[-113.8982,49.8558],[-113.8931,49.8471]]],[[[-113.9033,49.8647],[-113.917,49.8695],[-113.9098,49.8776],[-113.9033,49.8647]]],[[[-113.9306,49.9236],[-113.934,49.9257],[-113.9355,49.9282],[-113.9306,49.9236]]],[[[-113.9544,49.9492],[-113.9702,49.923],[-113.9835,49.9459],[-114.0042,49.9272],[-113.991,49.9585],[-114.0146,49.9612],[-114.0125,49.9751],[-113.9818,49.9721],[-113.9707,49.9825],[-114.0281,49.9979],[-114.0413,50.0231],[-113.9786,50.0042],[-113.9504,50.0281],[-113.963,49.9631],[-113.9544,49.9492]]],[[[-113.9384,50.0459],[-113.9414,50.0547],[-113.9705,50.0648],[-113.9266,50.068],[-113.9384,50.0459]]],[[[-113.9229,50.0873],[-113.9461,50.1018],[-113.9634,50.0955],[-113.9702,50.1088],[-113.9866,50.1007],[-114.0168,50.1136],[-113.9648,50.1174],[-113.9229,50.0873]]]]}},{"type":"Feature","properties":{"key":"northern_continental_divide","name":"Northern Continental Divide","where":"south AB","sort":515,"ecozone":"Montane Cordillera","ab_subregion":"Foothills Parkland"},"geometry":{"type":"MultiPolygon","coordinates":[[[[-113.8922,49.2709],[-113.8771,49.238],[-113.8117,49.2249],[-113.7841,49.1779],[-113.7579,49.1692],[-113.7328,49.135],[-113.7032,49.1186],[-113.5506,49.1042],[-113.5122,49.0665],[-113.4556,49.0528],[-113.4422,48.998],[-113.5603,49.0077],[-113.5478,49.0156],[-113.5552,49.0426],[-113.6369,49.0894],[-113.7267,49.0837],[-113.753,49.1004],[-113.7884,49.1015],[-113.8479,49.061],[-113.889,49.0598],[-113.8872,49.1072],[-113.8547,49.1744],[-113.9299,49.1712],[-113.9234,49.1877],[-113.9389,49.19],[-113.9459,49.2204],[-113.9721,49.2051],[-113.9827,49.2391],[-114.0039,49.25],[-113.9582,49.2663],[-113.9846,49.2761],[-113.9736,49.2857],[-113.993,49.2956],[-113.9721,49.2955],[-113.9679,49.3237],[-113.8922,49.2709]]],[[[-114.1666,50.1064],[-114.1657,50.0481],[-114.1728,50.0282],[-114.1849,50.101],[-114.1666,50.1064]]],[[[-114.1985,50.0952],[-114.2089,50.0748],[-114.2371,50.0818],[-114.1985,50.0952]]],[[[-114.1196,50.1144],[-114.1201,50.1149],[-114.1181,50.1151],[-114.1196,50.1144]]],[[[-114.2476,50.1111],[-114.2482,50.1091],[-114.2484,50.1095],[-114.2476,50.1111]]],[[[-114.229,50.1543],[-114.2393,50.1481],[-114.2419,50.1501],[-114.229,50.1543]]],[[[-114.2347,50.1837],[-114.2817,50.1913],[-114.28,50.2031],[-114.253,50.1975],[-114.2507,50.2066],[-114.2347,50.1837]]],[[[-114.6048,51.3346],[-114.5734,51.1727],[-114.7136,51.1502],[-114.734,51.1815],[-114.8014,51.1828],[-114.6971,51.2471],[-114.623,51.2592],[-114.6332,51.341],[-114.6048,51.3346]]]]}},{"type":"Feature","properties":{"key":"northern_continental_divide","name":"Northern Continental Divide","where":"south AB","sort":515,"ecozone":"Montane Cordillera","ab_subregion":""},"geometry":{"type":"Polygon","coordinates":[[[-114.8582,51.3528],[-114.6857,51.3546],[-114.6541,51.3457],[-114.6964,51.3411],[-114.6932,51.3222],[-114.7065,51.3222],[-114.708,51.3022],[-114.7306,51.3087],[-114.7407,51.3274],[-114.7538,51.3063],[-114.7898,51.293],[-114.8281,51.3349],[-114.846,51.3364],[-114.8431,51.3248],[-114.8517,51.3229],[-114.8582,51.3528]]]}},{"type":"Feature","properties":{"key":"northern_continental_divide","name":"Northern Continental Divide","where":"south AB","sort":515,"ecozone":"Montane Cordillera","ab_subregion":"Montane"},"geometry":{"type":"MultiPolygon","coordinates":[[[[-114.2507,50.2066],[-114.253,50.1975],[-114.2784,50.2042],[-114.282,50.1928],[-114.2296,50.1821],[-114.229,50.1543],[-114.2419,50.1501],[-114.2287,50.142],[-114.2488,50.0938],[-114.2089,50.0748],[-114.1849,50.101],[-114.1728,50.0282],[-114.1662,50.1082],[-114.0168,50.1136],[-113.9228,50.0872],[-113.9227,50.0623],[-113.9705,50.0648],[-113.9333,50.0439],[-113.9667,50.0071],[-114.041,50.0162],[-114.0234,49.9954],[-113.9717,49.9845],[-113.9818,49.9721],[-114.0125,49.9751],[-114.0146,49.9612],[-113.991,49.9585],[-114.0042,49.9272],[-113.9835,49.9459],[-113.9702,49.923],[-113.9544,49.9492],[-113.9246,49.9179],[-113.9083,49.8736],[-113.917,49.8695],[-113.9033,49.8647],[-113.8642,49.7994],[-113.8647,49.7811],[-113.8791,49.7709],[-113.9264,49.7781],[-113.9393,49.7324],[-113.9891,49.7365],[-114.0335,49.79],[-114.0182,49.8099],[-114.0373,49.7961],[-114.1291,49.9722],[-114.1539,49.9865],[-114.1812,49.8305],[-114.2203,49.8501],[-114.2752,49.8571],[-114.2206,49.8192],[-114.2118,49.7856],[-114.1846,49.789],[-114.2001,49.7454],[-114.2116,49.7448],[-114.2016,49.7397],[-114.2118,49.6037],[-114.2002,49.5837],[-114.2188,49.57],[-114.1837,49.5747],[-114.1476,49.5337],[-114.1269,49.4728],[-114.0814,49.4798],[-114.031,49.4432],[-113.9957,49.3902],[-113.9667,49.3824],[-113.9294,49.3505],[-113.9351,49.3074],[-113.9679,49.3237],[-113.9721,49.2955],[-113.993,49.2956],[-113.9736,49.2857],[-113.9846,49.2761],[-113.9582,49.2663],[-114.0039,49.25],[-113.9827,49.2391],[-113.9721,49.2051],[-113.9459,49.2204],[-113.9389,49.19],[-113.9234,49.1877],[-113.9299,49.1712],[-113.8547,49.1744],[-113.8872,49.1072],[-113.889,49.0598],[-113.8479,49.061],[-113.7884,49.1015],[-113.753,49.1004],[-113.7267,49.0837],[-113.6369,49.0894],[-113.5552,49.0426],[-113.5478,49.0156],[-113.5613,49.0082],[-113.5272,49.0113],[-113.51,48.9979],[-113.7084,48.9976],[-113.7072,49.0096],[-113.7571,48.9979],[-113.7081,49.0338],[-113.782,49.0528],[-113.7831,49.0722],[-113.8254,49.0439],[-113.8234,49.034],[-113.8273,49.0493],[-113.8753,49.0424],[-113.8846,49.0252],[-113.8537,49.0169],[-113.8856,49.0178],[-113.8832,48.9986],[-113.9225,48.9987],[-113.9152,49.0206],[-113.9319,49.0307],[-113.926,49.0494],[-113.9609,49.0482],[-113.9368,49.0599],[-113.9694,49.0717],[-114.0138,49.0505],[-114.0102,49.0652],[-113.9688,49.0812],[-113.9758,49.0933],[-114.0344,49.1183],[-114.0837,49.1064],[-114.0377,49.1232],[-114.055,49.1424],[-114.0848,49.1502],[-114.0224,49.1384],[-114.0044,49.1237],[-113.9806,49.1319],[-113.9924,49.1173],[-113.9724,49.1014],[-113.9633,49.111],[-113.9058,49.1014],[-113.8998,49.13],[-113.9221,49.1259],[-113.9212,49.1447],[-113.904,49.1355],[-113.8996,49.1525],[-113.8804,49.1595],[-113.9571,49.1748],[-113.9647,49.1819],[-113.9517,49.2122],[-113.9826,49.1947],[-114.0162,49.1898],[-113.9799,49.2029],[-113.9801,49.218],[-113.9954,49.2196],[-113.9974,49.2447],[-114.0206,49.2298],[-114.0091,49.2538],[-114.0179,49.2658],[-114.0502,49.2476],[-114.0289,49.2716],[-114.0438,49.2881],[-114.0782,49.2728],[-114.0628,49.3002],[-114.11,49.2968],[-114.0781,49.3193],[-114.0896,49.3459],[-114.1257,49.3494],[-114.1697,49.332],[-114.1672,49.3495],[-114.1798,49.3584],[-114.1933,49.3301],[-114.2132,49.3598],[-114.242,49.3442],[-114.2359,49.3665],[-114.2471,49.3752],[-114.2826,49.3697],[-114.326,49.3289],[-114.2792,49.3061],[-114.2629,49.2869],[-114.2693,49.2742],[-114.3177,49.3114],[-114.335,49.3122],[-114.3328,49.2949],[-114.3437,49.3012],[-114.3516,49.3436],[-114.3659,49.3538],[-114.3969,49.352],[-114.4079,49.3163],[-114.4215,49.3364],[-114.4452,49.3292],[-114.407,49.3723],[-114.419,49.4122],[-114.4374,49.413],[-114.4226,49.3913],[-114.4503,49.3817],[-114.4625,49.386],[-114.465,49.4094],[-114.5032,49.4006],[-114.4812,49.4308],[-114.4647,49.432],[-114.4976,49.4392],[-114.4963,49.4483],[-114.4401,49.4509],[-114.4833,49.4636],[-114.5018,49.4991],[-114.4286,49.4667],[-114.4457,49.5067],[-114.4014,49.462],[-114.3977,49.4852],[-114.382,49.4644],[-114.3712,49.4835],[-114.3521,49.488],[-114.3622,49.5062],[-114.338,49.4935],[-114.3218,49.5101],[-114.2919,49.5099],[-114.2956,49.5185],[-114.3341,49.5151],[-114.3332,49.5307],[-114.3465,49.5175],[-114.3659,49.5223],[-114.3694,49.5097],[-114.3903,49.5205],[-114.3996,49.5066],[-114.4074,49.5236],[-114.3709,49.5466],[-114.4276,49.5519],[-114.426,49.5636],[-114.4006,49.5687],[-114.4174,49.5956],[-114.462,49.5328],[-114.4845,49.5555],[-114.4749,49.5762],[-114.4892,49.5965],[-114.5376,49.5827],[-114.5052,49.6065],[-114.5289,49.6201],[-114.5305,49.5948],[-114.5743,49.5969],[-114.5727,49.6086],[-114.6061,49.6068],[-114.6435,49.6242],[-114.6713,49.604],[-114.6465,49.5841],[-114.6907,49.5909],[-114.6931,49.5707],[-114.7016,49.5829],[-114.7167,49.5695],[-114.7333,49.5775],[-114.7186,49.591],[-114.7248,49.6153],[-114.7086,49.6163],[-114.7191,49.6255],[-114.6809,49.6393],[-114.6434,49.6342],[-114.6215,49.6615],[-114.6268,49.6882],[-114.6161,49.6816],[-114.6121,49.6944],[-114.5755,49.6701],[-114.5381,49.6853],[-114.5326,49.6559],[-114.5089,49.6705],[-114.5067,49.6505],[-114.4862,49.6517],[-114.473,49.672],[-114.4678,49.6483],[-114.4467,49.6634],[-114.4592,49.6791],[-114.444,49.6735],[-114.444,49.6959],[-114.4262,49.6684],[-114.3949,49.6834],[-114.3683,49.6057],[-114.3334,49.5822],[-114.3286,49.592],[-114.3112,49.5791],[-114.2963,49.5911],[-114.3166,49.6211],[-114.3232,49.6086],[-114.3448,49.6164],[-114.3334,49.6389],[-114.314,49.6355],[-114.3111,49.6464],[-114.3216,49.6575],[-114.3177,49.7318],[-114.3386,49.7445],[-114.3308,49.7651],[-114.3422,49.7893],[-114.3428,49.8555],[-114.3578,49.8663],[-114.3754,49.8607],[-114.4037,49.8404],[-114.4044,49.8243],[-114.4199,49.8351],[-114.4292,49.8151],[-114.4309,49.8286],[-114.4767,49.8273],[-114.4191,49.8407],[-114.388,49.8673],[-114.3972,49.8675],[-114.3906,49.8903],[-114.4031,49.9008],[-114.4817,49.8978],[-114.5232,49.9086],[-114.4904,49.9221],[-114.4602,49.9086],[-114.4045,49.9103],[-114.4041,49.9419],[-114.4455,49.9422],[-114.4744,49.9745],[-114.4416,49.9492],[-114.4145,49.9563],[-114.4253,50.0356],[-114.384,49.9844],[-114.3952,49.9743],[-114.3754,49.9484],[-114.3789,49.8821],[-114.3697,49.8673],[-114.3466,49.9019],[-114.3309,49.8908],[-114.3213,49.9002],[-114.3242,49.9269],[-114.3032,49.9152],[-114.3098,49.9658],[-114.2876,49.9689],[-114.2758,49.9391],[-114.2647,49.9577],[-114.2621,50.01],[-114.2931,50.0828],[-114.3039,50.0755],[-114.3094,50.0929],[-114.3352,50.1021],[-114.3174,50.1065],[-114.3146,50.1219],[-114.3566,50.1278],[-114.3436,50.1395],[-114.3534,50.1705],[-114.3933,50.1942],[-114.3711,50.1994],[-114.3672,50.2141],[-114.3843,50.2243],[-114.4085,50.2135],[-114.4151,50.2235],[-114.392,50.2359],[-114.4177,50.2349],[-114.4054,50.2403],[-114.4105,50.2501],[-114.433,50.2508],[-114.422,50.2585],[-114.426,50.2788],[-114.3837,50.2712],[-114.382,50.2583],[-114.3699,50.2634],[-114.376,50.277],[-114.3154,50.2565],[-114.2507,50.2066]],[[-113.9202,49.057],[-113.9037,49.0832],[-113.9395,49.0954],[-113.9656,49.0842],[-113.9202,49.057]],[[-114.3975,49.618],[-114.4078,49.6584],[-114.4362,49.6471],[-114.4302,49.6404],[-114.4423,49.6339],[-114.4254,49.6175],[-114.3975,49.618]],[[-114.6971,49.6189],[-114.6855,49.6012],[-114.6775,49.6175],[-114.6971,49.6189]]],[[[-114.5098,50.3892],[-114.496,50.3791],[-114.4834,50.3582],[-114.4832,50.3533],[-114.5055,50.3709],[-114.4957,50.3769],[-114.5038,50.3844],[-114.5295,50.3911],[-114.5553,50.378],[-114.5703,50.3839],[-114.5636,50.3568],[-114.585,50.3795],[-114.5806,50.3533],[-114.5946,50.3552],[-114.6035,50.3885],[-114.6112,50.3725],[-114.6355,50.3746],[-114.6304,50.3461],[-114.6474,50.3533],[-114.6488,50.3694],[-114.692,50.3801],[-114.7052,50.3721],[-114.6953,50.3851],[-114.7554,50.4129],[-114.768,50.4263],[-114.7656,50.4458],[-114.7069,50.4193],[-114.6725,50.3871],[-114.6408,50.3885],[-114.6378,50.4004],[-114.5889,50.3951],[-114.5731,50.4116],[-114.5098,50.3892]]],[[[-114.7051,50.608],[-114.7386,50.5957],[-114.7482,50.6038],[-114.7052,50.6211],[-114.7051,50.608]]],[[[-114.6924,50.6667],[-114.7104,50.6552],[-114.6987,50.6713],[-114.6924,50.6667]]],[[[-114.7901,50.8136],[-114.8417,50.7932],[-114.8346,50.7492],[-114.8463,50.7379],[-114.8542,50.7799],[-114.8906,50.7887],[-114.7917,50.8318],[-114.7901,50.8136]]],[[[-114.8287,50.9773],[-114.8408,50.9762],[-114.8445,50.9806],[-114.8287,50.9773]]],[[[-114.8482,50.9787],[-114.8617,50.9847],[-114.8803,50.9824],[-114.8603,50.992],[-114.8482,50.9787]]],[[[-114.8679,50.9939],[-114.8737,51.0071],[-114.8616,50.9937],[-114.8679,50.9939]]],[[[-115.1936,50.8646],[-115.1644,50.9042],[-115.1647,50.9195],[-115.1796,50.92],[-115.1637,50.9476],[-115.1692,50.9582],[-115.1377,50.9659],[-115.1587,50.9813],[-115.1278,50.9742],[-115.1141,50.9931],[-115.102,50.9862],[-115.0956,50.9949],[-115.1072,51.039],[-115.1454,51.0406],[-115.131,51.0185],[-115.1811,51.0425],[-115.1923,51.0261],[-115.2278,51.0335],[-115.2335,51.0258],[-115.1968,50.9947],[-115.2161,50.9949],[-115.2381,51.0228],[-115.3407,51.048],[-115.4642,51.1479],[-115.5425,51.1669],[-115.5376,51.1556],[-115.5711,51.1624],[-115.5893,51.1849],[-115.5712,51.1957],[-115.5753,51.2053],[-115.5103,51.2133],[-115.4959,51.2303],[-115.475,51.2304],[-115.402,51.1676],[-115.3869,51.1732],[-115.3873,51.1564],[-115.3494,51.1202],[-115.3174,51.1],[-115.2894,51.105],[-115.3026,51.0882],[-115.2461,51.0596],[-115.2316,51.0667],[-115.2423,51.0826],[-115.2041,51.0694],[-115.1886,51.0751],[-115.1952,51.0849],[-115.143,51.0801],[-115.1371,51.0926],[-115.1115,51.0976],[-115.0951,51.135],[-115.1137,51.1426],[-115.0887,51.2015],[-115.1578,51.2685],[-115.1786,51.2731],[-115.02,51.3525],[-114.935,51.3529],[-114.9198,51.3312],[-114.9113,51.3434],[-114.9201,51.3521],[-114.8943,51.3523],[-114.8587,51.3003],[-114.8669,51.3371],[-114.8541,51.3222],[-114.8382,51.3382],[-114.7898,51.293],[-114.7538,51.3063],[-114.7407,51.3274],[-114.7306,51.3087],[-114.7059,51.3032],[-114.6964,51.3411],[-114.6332,51.341],[-114.6248,51.2576],[-114.649,51.2627],[-114.6971,51.2471],[-114.7318,51.2172],[-114.8022,51.1898],[-114.7744,51.1772],[-114.734,51.1815],[-114.7136,51.1502],[-114.8834,51.1044],[-114.9312,51.0791],[-114.9397,51.065],[-114.929,51.0474],[-114.8801,51.0124],[-114.9334,51.001],[-114.9348,50.9889],[-114.9481,51.0031],[-114.9146,51.0159],[-114.9351,51.0466],[-114.9883,51.0335],[-114.9784,50.9956],[-114.9865,50.982],[-115.0275,50.9878],[-115.0239,50.9998],[-115.047,51.0154],[-115.0624,51.0099],[-115.0625,50.9911],[-115.0385,50.989],[-115.0619,50.9752],[-115.0264,50.963],[-115.0298,50.9541],[-115.0588,50.9644],[-115.0578,50.9526],[-115.0301,50.9348],[-115.0821,50.9609],[-115.0582,50.9233],[-115.0967,50.9592],[-115.1163,50.9535],[-115.1034,50.9283],[-115.1081,50.8863],[-115.0894,50.8547],[-115.1195,50.8681],[-115.1609,50.8628],[-115.1704,50.8566],[-115.1404,50.8325],[-115.1584,50.8406],[-115.1757,50.8261],[-115.1847,50.8548],[-115.2108,50.8614],[-115.1936,50.8646]],[[-115.1255,51.0602],[-115.1155,51.0562],[-115.1042,51.0567],[-115.1072,51.062],[-115.1255,51.0602]]],[[[-114.4413,50.2889],[-114.4451,50.2931],[-114.4378,50.2913],[-114.4413,50.2889]]],[[[-114.452,50.2943],[-114.463,50.2865],[-114.4669,50.2858],[-114.467,50.2986],[-114.452,50.2943]]],[[[-114.4735,50.3026],[-114.4719,50.3011],[-114.4743,50.3017],[-114.4735,50.3026]]],[[[-114.4817,50.3176],[-114.5055,50.3375],[-114.4832,50.3531],[-114.4817,50.3176]]],[[[-114.5494,50.4147],[-114.548,50.4132],[-114.5502,50.4145],[-114.5494,50.4147]]],[[[-114.55,50.4656],[-114.5888,50.4567],[-114.6091,50.4766],[-114.5592,50.4735],[-114.571,50.5251],[-114.55,50.4656]]],[[[-114.6778,50.6899],[-114.687,50.6971],[-114.6693,50.7082],[-114.6778,50.6899]]],[[[-114.6652,50.7206],[-114.6687,50.7275],[-114.6646,50.7275],[-114.6652,50.7206]]],[[[-114.7174,50.9095],[-114.7953,50.8457],[-114.8096,50.8442],[-114.7924,50.8677],[-114.8176,50.8687],[-114.8285,50.8738],[-114.7792,50.8735],[-114.7702,50.8902],[-114.7894,50.8936],[-114.7672,50.9045],[-114.751,50.8972],[-114.7587,50.9282],[-114.7748,50.9303],[-114.7569,50.9377],[-114.7916,50.9511],[-114.7992,50.9694],[-114.824,50.959],[-114.8211,50.9724],[-114.7514,50.9642],[-114.7145,50.9342],[-114.7174,50.9095]]]]}},{"type":"Feature","properties":{"key":"northern_continental_divide","name":"Northern Continental Divide","where":"south AB","sort":515,"ecozone":"Montane Cordillera","ab_subregion":"Subalpine"},"geometry":{"type":"MultiPolygon","coordinates":[[[[-114.7164,49.624],[-114.7086,49.6163],[-114.728,49.6046],[-114.7186,49.591],[-114.7343,49.5792],[-114.7428,49.5988],[-114.7164,49.624]]],[[[-114.6774,49.6159],[-114.6855,49.6012],[-114.6964,49.6036],[-114.6971,49.6189],[-114.6774,49.6159]]],[[[-115.2086,50.8658],[-115.1726,50.9045],[-115.1796,50.92],[-115.1647,50.9195],[-115.1747,50.8816],[-115.1876,50.8651],[-115.2086,50.8658]]],[[[-115.1758,50.9323],[-115.1867,50.977],[-115.211,50.9872],[-115.2238,51.0021],[-115.197,50.9935],[-115.2305,51.0323],[-115.2126,51.0373],[-115.1923,51.0261],[-115.1811,51.0425],[-115.131,51.0185],[-115.1454,51.0406],[-115.1059,51.0378],[-115.0949,51.0135],[-115.1062,51.0088],[-115.0961,51.0025],[-115.1005,50.987],[-115.1141,50.9931],[-115.1278,50.9742],[-115.1587,50.9813],[-115.1383,50.964],[-115.1692,50.9582],[-115.1758,50.9323]],[[-115.1626,51.0023],[-115.1288,50.9817],[-115.1222,50.9884],[-115.1773,51.0345],[-115.1626,51.0023]],[[-115.2146,51.0357],[-115.2046,51.0188],[-115.1866,51.0136],[-115.1878,51.0171],[-115.2146,51.0357]],[[-115.1084,51.0223],[-115.1163,51.0204],[-115.1074,51.0203],[-115.1084,51.0223]]],[[[-115.1371,51.0926],[-115.1455,51.0801],[-115.1515,51.0877],[-115.1371,51.0926]]],[[[-115.1627,51.0871],[-115.1704,51.0812],[-115.1742,51.0857],[-115.1627,51.0871]]],[[[-115.2716,51.0938],[-115.2917,51.0936],[-115.2529,51.067],[-115.2441,51.0687],[-115.2564,51.0779],[-115.2531,51.0919],[-115.1886,51.0751],[-115.2237,51.0709],[-115.2423,51.0826],[-115.2316,51.0667],[-115.2522,51.059],[-115.3052,51.0928],[-115.2894,51.105],[-115.2716,51.0938]]],[[[-115.3802,51.1668],[-115.3175,51.1102],[-115.2956,51.1077],[-115.3273,51.1052],[-115.3873,51.161],[-115.3802,51.1668]]],[[[-115.4643,51.1453],[-115.5376,51.1556],[-115.5441,51.1665],[-115.4954,51.1581],[-115.4643,51.1453]]],[[[-115.475,51.2304],[-115.3869,51.1732],[-115.3927,51.1674],[-115.475,51.2304]]],[[[-115.5796,51.2004],[-115.575,51.1927],[-115.5851,51.1928],[-115.5796,51.2004]]],[[[-115.5474,51.2134],[-115.556,51.206],[-115.5692,51.2075],[-115.5474,51.2134]]],[[[-113.7084,48.9976],[-113.7287,49.0041],[-113.7067,49.0089],[-113.7084,48.9976]]],[[[-113.772,49.0503],[-113.708,49.0317],[-113.7571,48.9979],[-113.8169,48.9982],[-113.8069,49.0178],[-113.8218,49.008],[-113.8489,49.0289],[-113.8289,49.004],[-113.847,48.9984],[-113.8655,49.0111],[-113.8832,48.9986],[-113.8856,49.0178],[-113.8537,49.0169],[-113.8846,49.0252],[-113.8753,49.0424],[-113.8273,49.0493],[-113.829,49.0358],[-113.8234,49.034],[-113.8254,49.0439],[-113.7831,49.0722],[-113.772,49.0503]],[[-113.8091,49.0373],[-113.8018,49.0137],[-113.7722,49.0094],[-113.7681,49.0183],[-113.7818,49.0243],[-113.7641,49.0294],[-113.8091,49.0373]]],[[[-113.9049,49.0786],[-113.9198,49.0569],[-113.9656,49.0842],[-113.932,49.0948],[-113.9049,49.0786]],[[-113.9384,49.0778],[-113.9253,49.0787],[-113.9347,49.0859],[-113.9384,49.0778]]],[[[-114.0375,49.0343],[-114.046,49.046],[-114.0347,49.0517],[-114.0718,49.0551],[-114.0352,49.0669],[-114.0787,49.0678],[-114.0796,49.0786],[-114.0109,49.0761],[-113.9897,49.0902],[-114.0199,49.0813],[-114.024,49.1075],[-114.0587,49.1012],[-114.0677,49.0879],[-114.0854,49.1011],[-114.0945,49.0876],[-114.0866,49.0588],[-114.0972,49.0599],[-114.1532,49.0999],[-114.1501,49.1446],[-114.2161,49.1812],[-114.2234,49.1996],[-114.2327,49.1866],[-114.2582,49.1864],[-114.3189,49.2064],[-114.3422,49.1968],[-114.3764,49.2046],[-114.3867,49.2172],[-114.3763,49.224],[-114.3877,49.2296],[-114.3714,49.2536],[-114.4262,49.2641],[-114.4702,49.3337],[-114.5241,49.3569],[-114.5269,49.3765],[-114.5579,49.3769],[-114.5925,49.4178],[-114.5979,49.4441],[-114.5629,49.5608],[-114.5824,49.5604],[-114.5865,49.5765],[-114.6037,49.5791],[-114.604,49.5913],[-114.6248,49.5894],[-114.6378,49.612],[-114.6479,49.5995],[-114.5995,49.5638],[-114.6351,49.5563],[-114.6674,49.578],[-114.6418,49.5523],[-114.6934,49.5503],[-114.7167,49.5695],[-114.7079,49.5813],[-114.6931,49.5707],[-114.6907,49.5909],[-114.6465,49.5841],[-114.6713,49.604],[-114.6435,49.6242],[-114.6061,49.6068],[-114.5727,49.6086],[-114.5743,49.5969],[-114.5305,49.5948],[-114.5289,49.6201],[-114.5052,49.6065],[-114.5376,49.5827],[-114.4892,49.5965],[-114.4749,49.5762],[-114.4845,49.5555],[-114.462,49.5328],[-114.4174,49.5956],[-114.4006,49.5687],[-114.426,49.5636],[-114.4276,49.5519],[-114.3709,49.5466],[-114.4074,49.5236],[-114.3996,49.5066],[-114.3903,49.5205],[-114.3694,49.5097],[-114.3659,49.5223],[-114.3465,49.5175],[-114.3332,49.5307],[-114.3341,49.5151],[-114.2956,49.5185],[-114.2919,49.5099],[-114.3218,49.5101],[-114.338,49.4935],[-114.3622,49.5062],[-114.3521,49.488],[-114.3712,49.4835],[-114.382,49.4644],[-114.3977,49.4852],[-114.4014,49.462],[-114.4457,49.5067],[-114.4286,49.4667],[-114.5018,49.4991],[-114.4833,49.4636],[-114.4401,49.4509],[-114.4963,49.4483],[-114.4976,49.4392],[-114.4647,49.432],[-114.4812,49.4308],[-114.5032,49.4006],[-114.465,49.4094],[-114.4625,49.386],[-114.4503,49.3817],[-114.4226,49.3913],[-114.4374,49.413],[-114.419,49.4122],[-114.407,49.3723],[-114.4452,49.3292],[-114.4215,49.3364],[-114.4079,49.3163],[-114.3969,49.352],[-114.3659,49.3538],[-114.3516,49.3436],[-114.3437,49.3012],[-114.3328,49.2949],[-114.335,49.3122],[-114.3177,49.3114],[-114.2693,49.2742],[-114.2629,49.2869],[-114.2792,49.3061],[-114.326,49.3289],[-114.2826,49.3697],[-114.2471,49.3752],[-114.2359,49.3665],[-114.242,49.3442],[-114.2132,49.3598],[-114.1933,49.3301],[-114.1798,49.3584],[-114.1672,49.3495],[-114.1697,49.332],[-114.1257,49.3494],[-114.0896,49.3459],[-114.0781,49.3193],[-114.11,49.2968],[-114.0628,49.3002],[-114.0782,49.2728],[-114.0438,49.2881],[-114.0289,49.2716],[-114.0502,49.2476],[-114.0179,49.2658],[-114.0091,49.2538],[-114.0206,49.2298],[-113.9974,49.2447],[-113.9954,49.2196],[-113.9801,49.218],[-113.9799,49.2029],[-114.0162,49.1898],[-113.9517,49.2122],[-113.9647,49.1819],[-113.9571,49.1748],[-113.8804,49.1595],[-113.8996,49.1525],[-113.904,49.1355],[-113.9212,49.1447],[-113.9221,49.1259],[-113.8998,49.13],[-113.9058,49.1014],[-113.9633,49.111],[-113.9724,49.1014],[-113.9924,49.1173],[-113.9806,49.1319],[-114.0044,49.1237],[-114.0224,49.1384],[-114.0848,49.1502],[-114.055,49.1424],[-114.0377,49.1232],[-114.0837,49.1064],[-114.0344,49.1183],[-113.9758,49.0933],[-113.9688,49.0812],[-114.0102,49.0652],[-114.0138,49.0505],[-113.956,49.0694],[-113.9364,49.0568],[-113.9603,49.0468],[-113.926,49.0494],[-113.9319,49.0307],[-113.9153,49.0174],[-113.9225,48.9987],[-114.0608,48.9989],[-114.0375,49.0343]],[[-114.1673,49.2858],[-114.1783,49.2334],[-114.1946,49.2602],[-114.2042,49.2504],[-114.1922,49.2292],[-114.1469,49.2292],[-114.1239,49.2094],[-114.1102,49.167],[-114.1325,49.1589],[-114.1026,49.1556],[-114.1017,49.1705],[-114.0791,49.1611],[-114.0722,49.1725],[-114.0382,49.1573],[-114.0177,49.1633],[-113.9987,49.145],[-113.9656,49.148],[-113.959,49.1253],[-113.9439,49.1194],[-113.9543,49.1319],[-113.9456,49.1467],[-113.9607,49.1592],[-113.9972,49.16],[-113.9847,49.1782],[-114.0427,49.1671],[-114.037,49.1854],[-114.0996,49.1806],[-114.0455,49.2098],[-114.0101,49.2039],[-114.019,49.2212],[-114.0977,49.1956],[-114.1079,49.2038],[-114.0446,49.2332],[-114.0423,49.2427],[-114.1225,49.2148],[-114.1295,49.2239],[-114.06,49.2666],[-114.1361,49.2303],[-114.1534,49.2401],[-114.1348,49.2485],[-114.1312,49.2655],[-114.1592,49.248],[-114.1596,49.2817],[-114.1356,49.2959],[-114.1673,49.2858]],[[-114.0092,49.0451],[-114.0241,49.0137],[-113.9939,49.0184],[-113.9838,49.0094],[-113.9775,49.0153],[-113.9562,49.0069],[-113.9363,49.0099],[-113.9633,49.0217],[-113.9404,49.0433],[-113.9978,49.0229],[-113.9934,49.0459],[-113.9645,49.0651],[-114.0092,49.0451]],[[-114.3284,49.2251],[-114.2888,49.2396],[-114.3045,49.2401],[-114.3136,49.272],[-114.3165,49.2376],[-114.3342,49.2436],[-114.3284,49.2251]],[[-114.3919,49.335],[-114.3813,49.299],[-114.3446,49.2821],[-114.376,49.3126],[-114.3648,49.3174],[-114.3771,49.322],[-114.3708,49.3328],[-114.3919,49.335]],[[-114.0805,49.1388],[-114.0931,49.1259],[-114.1436,49.1276],[-114.0892,49.1182],[-114.0605,49.1267],[-114.0805,49.1388]],[[-114.4619,49.3602],[-114.4613,49.3354],[-114.434,49.3533],[-114.4508,49.3479],[-114.4619,49.3602]],[[-114.2415,49.2783],[-114.2067,49.2666],[-114.2082,49.2788],[-114.2426,49.2972],[-114.2336,49.286],[-114.2415,49.2783]],[[-114.2616,49.2148],[-114.2829,49.206],[-114.2713,49.1953],[-114.2616,49.2148]],[[-114.128,49.0943],[-114.1126,49.104],[-114.1333,49.0963],[-114.128,49.0943]],[[-114.1606,49.1914],[-114.1767,49.1897],[-114.1636,49.176],[-114.1606,49.1914]],[[-114.2324,49.3132],[-114.2401,49.3193],[-114.2428,49.3152],[-114.2324,49.3132]],[[-114.5758,49.4039],[-114.5673,49.4041],[-114.5593,49.4093],[-114.5676,49.4126],[-114.5758,49.4039]],[[-114.5042,49.3787],[-114.494,49.3798],[-114.5021,49.3898],[-114.5042,49.3787]],[[-114.1096,49.2766],[-114.0952,49.2765],[-114.0893,49.281],[-114.1096,49.2766]],[[-114.2564,49.3138],[-114.2745,49.3203],[-114.2762,49.3187],[-114.2564,49.3138]],[[-114.4379,49.3106],[-114.4487,49.3071],[-114.4475,49.3033],[-114.4379,49.3106]],[[-114.2787,49.3402],[-114.272,49.3469],[-114.2813,49.3448],[-114.2787,49.3402]],[[-114.5718,49.4378],[-114.5782,49.429],[-114.5686,49.4369],[-114.5718,49.4378]],[[-114.2746,49.3263],[-114.2781,49.3357],[-114.2813,49.3279],[-114.2746,49.3263]],[[-114.5756,49.5768],[-114.5671,49.5825],[-114.5773,49.5799],[-114.5756,49.5768]]],[[[-114.396,49.6205],[-114.4133,49.6099],[-114.439,49.6282],[-114.4362,49.6471],[-114.4078,49.6584],[-114.396,49.6205]]],[[[-115.2329,50.6542],[-115.2265,50.6417],[-115.1981,50.6478],[-115.2045,50.6644],[-115.154,50.6357],[-115.1596,50.6604],[-115.1785,50.6569],[-115.2095,50.6923],[-115.2283,50.6868],[-115.2042,50.7327],[-115.1781,50.7096],[-115.1666,50.7046],[-115.1628,50.7078],[-115.2013,50.7545],[-115.152,50.7293],[-115.1716,50.7635],[-115.1925,50.7746],[-115.2048,50.8176],[-115.2252,50.8209],[-115.2084,50.846],[-115.2244,50.8343],[-115.2108,50.8614],[-115.1847,50.8548],[-115.1757,50.8261],[-115.1584,50.8406],[-115.1404,50.8325],[-115.1704,50.8566],[-115.1609,50.8628],[-115.1195,50.8681],[-115.0879,50.8562],[-115.1081,50.8863],[-115.1034,50.9283],[-115.1163,50.9535],[-115.0967,50.9592],[-115.0582,50.9233],[-115.0821,50.9609],[-115.0538,50.942],[-115.0301,50.9348],[-115.0578,50.9526],[-115.0588,50.9644],[-115.0298,50.9541],[-115.0264,50.963],[-115.0619,50.9752],[-115.0385,50.989],[-115.0625,50.9911],[-115.0624,51.0099],[-115.047,51.0154],[-115.0239,50.9998],[-115.0275,50.9878],[-114.9865,50.982],[-114.9784,50.9956],[-114.9883,51.0335],[-114.9351,51.0466],[-114.9146,51.0159],[-114.9375,51.0146],[-114.9453,50.9907],[-114.8921,51.0166],[-114.8603,50.992],[-114.8782,50.979],[-114.8119,50.9772],[-114.8256,50.96],[-114.7992,50.9694],[-114.7916,50.9511],[-114.7569,50.9377],[-114.7748,50.9303],[-114.7579,50.9269],[-114.7522,50.8914],[-114.7696,50.9042],[-114.7897,50.8929],[-114.7702,50.8902],[-114.7792,50.8735],[-114.829,50.8733],[-114.7924,50.8677],[-114.8099,50.8449],[-114.7953,50.8457],[-114.7917,50.8318],[-114.8906,50.7887],[-114.8542,50.7799],[-114.8463,50.7379],[-114.8346,50.7492],[-114.8417,50.7932],[-114.7838,50.8189],[-114.7353,50.7835],[-114.7363,50.7354],[-114.6949,50.7583],[-114.6692,50.7473],[-114.6693,50.7082],[-114.7104,50.6552],[-114.7009,50.6554],[-114.7052,50.6211],[-114.7479,50.6029],[-114.7386,50.5957],[-114.702,50.6097],[-114.5839,50.5475],[-114.557,50.478],[-114.5706,50.4693],[-114.6091,50.4766],[-114.5888,50.4567],[-114.55,50.4656],[-114.5464,50.4081],[-114.6706,50.3868],[-114.7632,50.4492],[-114.768,50.4263],[-114.6953,50.3851],[-114.7052,50.3721],[-114.692,50.3801],[-114.6488,50.3694],[-114.6474,50.3533],[-114.6304,50.3461],[-114.6355,50.3746],[-114.6112,50.3725],[-114.6035,50.3885],[-114.5954,50.3808],[-114.6047,50.3621],[-114.5822,50.3527],[-114.585,50.3795],[-114.5636,50.3568],[-114.5703,50.3839],[-114.5038,50.3844],[-114.4957,50.3769],[-114.5055,50.3709],[-114.4832,50.3531],[-114.5055,50.3375],[-114.4855,50.3278],[-114.4669,50.2858],[-114.4502,50.2942],[-114.376,50.277],[-114.3699,50.2634],[-114.382,50.2583],[-114.3826,50.2707],[-114.4187,50.2834],[-114.433,50.2508],[-114.4105,50.2501],[-114.4054,50.2403],[-114.4177,50.2349],[-114.392,50.2359],[-114.4151,50.2235],[-114.4085,50.2135],[-114.3843,50.2243],[-114.3672,50.2141],[-114.3711,50.1994],[-114.3933,50.1942],[-114.3874,50.1827],[-114.3688,50.1846],[-114.3534,50.1705],[-114.3436,50.1395],[-114.3566,50.1278],[-114.3123,50.1202],[-114.3183,50.1057],[-114.3355,50.1028],[-114.3094,50.0929],[-114.3039,50.0755],[-114.2931,50.0828],[-114.2621,50.01],[-114.2745,49.9392],[-114.2876,49.9689],[-114.3098,49.9658],[-114.3032,49.9152],[-114.3242,49.9269],[-114.3213,49.9002],[-114.3309,49.8908],[-114.3466,49.9019],[-114.3697,49.8673],[-114.3789,49.8821],[-114.3754,49.9484],[-114.3952,49.9743],[-114.384,49.9844],[-114.3968,49.9882],[-114.4218,50.0353],[-114.4145,49.9563],[-114.4416,49.9492],[-114.4744,49.9745],[-114.4455,49.9422],[-114.4041,49.9419],[-114.4045,49.9103],[-114.4602,49.9086],[-114.4904,49.9221],[-114.5232,49.9086],[-114.4817,49.8978],[-114.4031,49.9008],[-114.3906,49.8903],[-114.3972,49.8675],[-114.388,49.8673],[-114.4191,49.8407],[-114.4817,49.83],[-114.4767,49.8273],[-114.4309,49.8286],[-114.4292,49.8151],[-114.4199,49.8351],[-114.4044,49.8243],[-114.4037,49.8404],[-114.3754,49.8607],[-114.3578,49.8663],[-114.3428,49.8555],[-114.3422,49.7893],[-114.3308,49.7651],[-114.3386,49.7445],[-114.3177,49.7318],[-114.3216,49.6575],[-114.3111,49.6464],[-114.314,49.6355],[-114.3334,49.6389],[-114.3448,49.6164],[-114.3232,49.6086],[-114.3126,49.6188],[-114.2963,49.5911],[-114.3087,49.58],[-114.326,49.5923],[-114.3334,49.5822],[-114.3754,49.6139],[-114.3703,49.6338],[-114.3858,49.6401],[-114.3934,49.6825],[-114.4262,49.6684],[-114.444,49.6959],[-114.444,49.6735],[-114.4592,49.6791],[-114.4467,49.6634],[-114.4678,49.6483],[-114.473,49.672],[-114.4862,49.6517],[-114.5067,49.6505],[-114.5089,49.6705],[-114.5326,49.6559],[-114.5381,49.6853],[-114.5755,49.6701],[-114.6121,49.6944],[-114.6161,49.6816],[-114.6268,49.6882],[-114.6215,49.6615],[-114.6434,49.6342],[-114.6809,49.6393],[-114.6677,49.6376],[-114.6385,49.6632],[-114.6671,49.6695],[-114.6661,49.6958],[-114.6366,49.7004],[-114.6347,49.7488],[-114.6501,49.7591],[-114.6248,49.7893],[-114.6343,49.8241],[-114.6728,49.8741],[-114.6701,49.888],[-114.6828,49.8922],[-114.6881,49.9464],[-114.6658,49.9628],[-114.6682,49.9358],[-114.6281,49.9083],[-114.6151,49.9352],[-114.5997,49.9333],[-114.6006,49.9465],[-114.6465,49.9424],[-114.6206,49.9643],[-114.6463,49.9681],[-114.6456,49.9862],[-114.6073,49.9968],[-114.6094,50.0133],[-114.6531,50.0008],[-114.653,50.0202],[-114.6364,50.029],[-114.6591,50.042],[-114.6366,50.0476],[-114.6541,50.0558],[-114.6434,50.0644],[-114.6584,50.0789],[-114.6847,50.0759],[-114.6868,50.1027],[-114.697,50.0957],[-114.7196,50.1168],[-114.7081,50.1357],[-114.7203,50.1538],[-114.7012,50.1674],[-114.7217,50.1657],[-114.7264,50.1748],[-114.7107,50.1805],[-114.7328,50.2039],[-114.713,50.2232],[-114.7297,50.2295],[-114.7394,50.2148],[-114.7562,50.2583],[-114.7374,50.2721],[-114.7469,50.285],[-114.736,50.3118],[-114.7595,50.3082],[-114.7761,50.3273],[-114.7505,50.3275],[-114.7472,50.3435],[-114.8218,50.389],[-114.8164,50.405],[-114.8334,50.3959],[-114.8513,50.4047],[-114.8515,50.423],[-114.8657,50.4267],[-114.8491,50.4545],[-114.8623,50.4592],[-114.8832,50.4447],[-114.9045,50.4635],[-114.8978,50.4691],[-114.924,50.4822],[-114.8754,50.4993],[-114.8418,50.4924],[-114.843,50.5015],[-114.8836,50.5109],[-114.9331,50.4904],[-114.9225,50.5132],[-114.9434,50.5015],[-114.9411,50.5188],[-114.9542,50.5136],[-114.952,50.5259],[-114.9676,50.5293],[-114.9609,50.5372],[-114.9889,50.5546],[-114.9788,50.5693],[-114.9697,50.5552],[-114.9579,50.562],[-114.979,50.5953],[-114.9357,50.5603],[-114.9435,50.5514],[-114.9346,50.5392],[-114.9072,50.5273],[-114.859,50.5293],[-114.8725,50.5458],[-114.8875,50.5439],[-114.8714,50.5619],[-114.9016,50.556],[-114.8826,50.5725],[-114.9063,50.5715],[-114.888,50.5822],[-114.9071,50.584],[-114.8994,50.5891],[-114.8739,50.5838],[-114.8395,50.54],[-114.8234,50.541],[-114.8321,50.5358],[-114.8192,50.5216],[-114.8068,50.5364],[-114.762,50.5202],[-114.7797,50.5154],[-114.7721,50.4989],[-114.7256,50.4917],[-114.7181,50.4593],[-114.6912,50.4528],[-114.6977,50.4421],[-114.6223,50.4082],[-114.6094,50.4178],[-114.6232,50.4179],[-114.6172,50.4281],[-114.6405,50.4299],[-114.6232,50.4414],[-114.6286,50.4511],[-114.6686,50.4471],[-114.6818,50.4596],[-114.6827,50.4684],[-114.6485,50.4708],[-114.6527,50.4812],[-114.6856,50.487],[-114.7025,50.4747],[-114.7078,50.4829],[-114.7054,50.4971],[-114.6712,50.5024],[-114.6873,50.5369],[-114.6623,50.5328],[-114.6451,50.5094],[-114.651,50.5332],[-114.6832,50.5579],[-114.711,50.5601],[-114.7215,50.5434],[-114.7064,50.5394],[-114.7141,50.5287],[-114.7031,50.5111],[-114.724,50.5062],[-114.7435,50.5233],[-114.7417,50.5386],[-114.7603,50.5314],[-114.7436,50.5563],[-114.7777,50.5501],[-114.7648,50.5703],[-114.7479,50.57],[-114.7498,50.5857],[-114.8205,50.5712],[-114.8127,50.5572],[-114.8234,50.5462],[-114.8543,50.583],[-114.8056,50.591],[-114.8758,50.5908],[-114.8927,50.6108],[-114.936,50.5952],[-114.907,50.6264],[-114.9476,50.6472],[-114.9635,50.6322],[-114.9609,50.6535],[-114.9894,50.6626],[-114.991,50.636],[-115.0086,50.6283],[-114.9876,50.5963],[-115.0013,50.5922],[-115.0288,50.6307],[-115.041,50.6322],[-115.0317,50.6138],[-115.0519,50.6344],[-115.0592,50.6066],[-115.0351,50.5798],[-115.1218,50.5899],[-115.1526,50.5805],[-115.1483,50.588],[-115.1623,50.5879],[-115.1555,50.5997],[-115.1833,50.5976],[-115.2004,50.5823],[-115.2071,50.5913],[-115.1944,50.6178],[-115.2148,50.6257],[-115.2217,50.615],[-115.2329,50.6542]],[[-115.1471,50.8269],[-115.1343,50.7741],[-115.1121,50.7718],[-115.1199,50.7636],[-115.0992,50.7494],[-115.1076,50.742],[-115.0992,50.7266],[-115.0958,50.7388],[-115.0753,50.7159],[-115.0689,50.6923],[-115.0935,50.7093],[-115.0769,50.6795],[-115.0563,50.6827],[-115.0668,50.6681],[-115.0449,50.6646],[-115.0643,50.658],[-115.0658,50.6455],[-115.0345,50.6482],[-115.014,50.6362],[-115.0092,50.6613],[-115.0242,50.675],[-115.0035,50.6684],[-114.9843,50.6803],[-114.9959,50.6885],[-114.9371,50.6857],[-114.9104,50.7106],[-114.8892,50.7019],[-114.8675,50.7312],[-114.9173,50.7317],[-114.8713,50.7479],[-114.9119,50.7478],[-114.8833,50.7582],[-114.9107,50.7619],[-114.8971,50.7668],[-114.9071,50.7728],[-114.9004,50.7793],[-114.921,50.7808],[-114.9502,50.7646],[-114.9458,50.7531],[-114.9695,50.7552],[-114.9602,50.7239],[-114.9882,50.7368],[-114.9842,50.6972],[-114.9925,50.7063],[-115.0012,50.6974],[-115.0127,50.721],[-114.9964,50.75],[-115.037,50.741],[-115.0384,50.7052],[-115.0735,50.7512],[-115.0202,50.7598],[-115.0567,50.7834],[-115.0793,50.7766],[-115.0707,50.7914],[-115.0865,50.7908],[-115.0739,50.804],[-115.0791,50.8185],[-115.1137,50.8139],[-115.1227,50.7869],[-115.127,50.8228],[-115.1471,50.8269]],[[-115.0633,50.839],[-115.055,50.793],[-115.0136,50.7847],[-115.0171,50.7719],[-114.9947,50.7683],[-114.9772,50.7907],[-114.9439,50.7929],[-115.0121,50.7972],[-115.0091,50.8069],[-114.9885,50.8058],[-115.001,50.8229],[-114.9293,50.807],[-114.9372,50.8228],[-114.9783,50.8317],[-114.943,50.8316],[-114.9636,50.8506],[-114.9461,50.8451],[-114.9459,50.8538],[-114.8913,50.802],[-114.922,50.8581],[-114.9521,50.8686],[-114.9307,50.8928],[-114.9691,50.8812],[-114.9654,50.8618],[-114.9814,50.8617],[-114.9826,50.875],[-115.0004,50.8585],[-115.0251,50.8772],[-114.9642,50.9024],[-114.9917,50.9102],[-115.0067,50.9009],[-115.0035,50.9168],[-114.9774,50.917],[-114.9833,50.9295],[-114.9614,50.9225],[-114.9643,50.9333],[-114.9917,50.937],[-114.9875,50.9526],[-115.0017,50.9641],[-115.0162,50.9578],[-115.0023,50.945],[-115.0204,50.9419],[-114.9967,50.9329],[-115.0144,50.9268],[-115.0306,50.8943],[-115.0468,50.9082],[-115.0609,50.9031],[-115.0841,50.9374],[-115.0932,50.9324],[-115.0793,50.9112],[-115.0917,50.911],[-115.0882,50.8954],[-115.0696,50.8926],[-115.0863,50.8835],[-115.0455,50.8859],[-115.0751,50.8659],[-115.0551,50.8641],[-115.0601,50.8531],[-115.0505,50.8494],[-115.0243,50.8538],[-115.0407,50.8416],[-115.0133,50.8384],[-115.0426,50.8243],[-115.0633,50.839]],[[-115.0877,50.8329],[-115.1133,50.8533],[-115.1499,50.8532],[-115.1347,50.8355],[-115.1212,50.8442],[-115.0877,50.8329]],[[-114.85,50.9314],[-114.8312,50.9142],[-114.8337,50.9225],[-114.809,50.9221],[-114.8365,50.9289],[-114.8148,50.9393],[-114.8446,50.95],[-114.85,50.9314]],[[-114.8438,50.7178],[-114.8226,50.6973],[-114.8247,50.666],[-114.8417,50.6748],[-114.8428,50.656],[-114.8547,50.6647],[-114.8701,50.6576],[-114.8636,50.6685],[-114.8754,50.6689],[-114.8556,50.6787],[-114.8587,50.6968],[-114.8651,50.6855],[-114.8886,50.6932],[-114.9395,50.6727],[-114.8538,50.6139],[-114.8265,50.6099],[-114.8203,50.6223],[-114.772,50.6063],[-114.8015,50.632],[-114.835,50.6311],[-114.8091,50.6412],[-114.8338,50.6467],[-114.8176,50.6535],[-114.7883,50.6456],[-114.8034,50.6773],[-114.8207,50.6773],[-114.8091,50.6927],[-114.8191,50.7093],[-114.8438,50.7178]],[[-114.8333,50.4421],[-114.8448,50.434],[-114.8357,50.4306],[-114.8333,50.4421]],[[-114.5438,50.3233],[-114.5323,50.283],[-114.5069,50.278],[-114.5438,50.3233]],[[-114.6391,50.3053],[-114.6431,50.2939],[-114.6369,50.2883],[-114.6338,50.2945],[-114.6391,50.3053]],[[-114.5291,50.2633],[-114.5353,50.2283],[-114.551,50.2351],[-114.5592,50.2236],[-114.5688,50.2399],[-114.5693,50.2064],[-114.5542,50.2175],[-114.5439,50.1961],[-114.5352,50.2119],[-114.5313,50.1912],[-114.493,50.1856],[-114.5058,50.206],[-114.4986,50.2131],[-114.511,50.2179],[-114.4905,50.2347],[-114.5093,50.2601],[-114.5291,50.2633]],[[-114.4698,50.2076],[-114.4488,50.1871],[-114.4679,50.2244],[-114.4698,50.2076]],[[-114.6061,50.188],[-114.6278,50.1771],[-114.6166,50.1753],[-114.6076,50.1371],[-114.5917,50.1127],[-114.5708,50.1194],[-114.5554,50.076],[-114.5462,50.0759],[-114.5472,50.0986],[-114.5387,50.0882],[-114.5217,50.1044],[-114.5125,50.0879],[-114.4898,50.0978],[-114.4914,50.1092],[-114.5284,50.109],[-114.5482,50.1344],[-114.5516,50.1173],[-114.5667,50.1349],[-114.5839,50.1288],[-114.574,50.1385],[-114.5866,50.1432],[-114.5811,50.1536],[-114.5638,50.142],[-114.5502,50.1573],[-114.5351,50.1523],[-114.4888,50.1742],[-114.5364,50.1802],[-114.5431,50.1683],[-114.5677,50.183],[-114.5742,50.1713],[-114.5645,50.1669],[-114.5843,50.1617],[-114.6061,50.188]],[[-114.4172,50.138],[-114.4063,50.1248],[-114.4009,50.1261],[-114.4013,50.1437],[-114.4172,50.138]],[[-114.4863,50.1343],[-114.5129,50.1218],[-114.485,50.1201],[-114.4863,50.1343]],[[-114.3926,50.1127],[-114.3903,50.0933],[-114.3843,50.0883],[-114.3821,50.1047],[-114.3926,50.1127]],[[-114.5306,50.0671],[-114.5146,50.0647],[-114.5279,50.0509],[-114.4874,50.0355],[-114.5033,50.0626],[-114.4879,50.0774],[-114.518,50.0818],[-114.5306,50.0671]],[[-114.5675,50.018],[-114.556,49.9924],[-114.548,49.9953],[-114.5675,50.018]],[[-114.454,49.9916],[-114.4506,49.9987],[-114.4565,49.9989],[-114.454,49.9916]],[[-114.5519,49.9566],[-114.5408,49.937],[-114.5309,49.9461],[-114.5367,49.9631],[-114.5519,49.9566]],[[-114.5213,49.8616],[-114.5124,49.8676],[-114.5195,49.8695],[-114.5213,49.8616]],[[-114.3738,49.7984],[-114.3684,49.7325],[-114.3518,49.7048],[-114.3525,49.6484],[-114.3427,49.7134],[-114.3709,49.7905],[-114.3584,49.8414],[-114.3738,49.7984]],[[-114.5817,49.7173],[-114.57,49.7331],[-114.5837,49.7577],[-114.5914,49.7197],[-114.5755,49.6939],[-114.5688,49.7003],[-114.5817,49.7173]],[[-114.4962,49.7311],[-114.5081,49.725],[-114.4951,49.7128],[-114.4962,49.7311]],[[-114.5213,49.7243],[-114.529,49.7228],[-114.5247,49.7178],[-114.5213,49.7243]],[[-114.5136,49.7903],[-114.5223,49.776],[-114.5123,49.766],[-114.5136,49.7903]],[[-114.7705,50.7528],[-114.7919,50.7559],[-114.7972,50.7522],[-114.7885,50.7485],[-114.7705,50.7528]],[[-114.7946,50.7699],[-114.8045,50.7736],[-114.7982,50.7878],[-114.8149,50.7729],[-114.7946,50.7699]],[[-114.8099,50.7863],[-114.8061,50.7913],[-114.8147,50.7883],[-114.8099,50.7863]],[[-115.0274,50.9755],[-115.0241,50.9705],[-115.0203,50.9723],[-115.0274,50.9755]],[[-115.0306,50.9767],[-115.0355,50.9809],[-115.0412,50.9773],[-115.0306,50.9767]]],[[[-114.7877,50.8562],[-114.7866,50.8572],[-114.7879,50.8555],[-114.7877,50.8562]]],[[[-115.1072,51.062],[-115.1155,51.0562],[-115.1255,51.0602],[-115.1072,51.062]]],[[[-115.1093,51.1343],[-115.0951,51.135],[-115.1061,51.1241],[-115.1093,51.1343]]],[[[-115.0949,51.1744],[-115.0951,51.1726],[-115.0963,51.1728],[-115.0949,51.1744]]],[[[-115.1407,51.2503],[-115.1472,51.2538],[-115.1413,51.2521],[-115.1407,51.2503]]],[[[-115.1742,51.2692],[-115.1578,51.2685],[-115.1545,51.257],[-115.1629,51.2654],[-115.1742,51.2692]]]]}},{"type":"Feature","properties":{"key":"northern_continental_divide","name":"Northern Continental Divide","where":"south AB","sort":515,"ecozone":"Montane Cordillera","ab_subregion":""},"geometry":{"type":"MultiPolygon","coordinates":[[[[-114.8571,51.3544],[-114.8501,51.3235],[-114.8641,51.3369],[-114.8678,51.3275],[-114.8587,51.3003],[-114.8976,51.3532],[-114.8571,51.3544]]],[[[-114.935,51.3529],[-114.9113,51.3434],[-114.9198,51.3312],[-114.935,51.3529]]]]}},{"type":"Feature","properties":{"key":"peace_lowland","name":"Peace Lowland","where":"north AB","sort":116,"ecozone":"Boreal Plains","ab_subregion":"Central Mixedwood"},"geometry":{"type":"MultiPolygon","coordinates":[[[[-118.0459,54.8506],[-118.1022,54.833],[-118.1077,54.8891],[-118.1609,54.8984],[-118.2475,54.8876],[-118.3155,54.9069],[-118.384,54.9021],[-118.442,54.9412],[-118.545,54.9057],[-118.5365,54.9147],[-118.5435,54.9549],[-118.4895,54.9905],[-118.4653,54.972],[-118.4746,54.954],[-118.4501,54.954],[-118.4514,54.9691],[-118.4217,54.9802],[-118.3904,54.9632],[-118.3253,54.9703],[-118.3217,55.0128],[-118.3391,55.0258],[-118.3048,55.0517],[-118.286,55.0445],[-118.2972,55.0279],[-118.2386,55.0313],[-118.1963,55.0119],[-118.1896,54.9925],[-118.1674,54.986],[-118.1556,54.9668],[-118.0951,54.9821],[-118.0452,54.9645],[-118.0208,54.9404],[-118.0259,54.9256],[-117.9955,54.9205],[-118.0072,54.8934],[-117.988,54.8999],[-117.9831,54.9165],[-117.9594,54.9204],[-117.9619,54.9035],[-118.0459,54.8506]]],[[[-118.5786,54.8513],[-118.5971,54.8685],[-118.5816,54.8889],[-118.5515,54.8941],[-118.5557,54.8559],[-118.5786,54.8513]]],[[[-118.6631,54.8963],[-118.6551,54.8807],[-118.6774,54.8948],[-118.6631,54.8963]]],[[[-117.7907,55.0665],[-117.8005,55.0782],[-117.7904,55.0978],[-117.7823,55.0787],[-117.7907,55.0665]]],[[[-117.9207,55.2985],[-117.8279,55.2484],[-117.8146,55.2017],[-117.7517,55.1732],[-117.7502,55.1528],[-117.7752,55.1317],[-117.837,55.1748],[-117.8345,55.2003],[-117.8657,55.2142],[-117.8739,55.238],[-117.9008,55.2382],[-117.9186,55.261],[-117.9668,55.2708],[-117.9708,55.2874],[-118.0304,55.3191],[-118.0112,55.3364],[-117.9824,55.3226],[-117.9448,55.3369],[-117.9207,55.2985]]],[[[-119.1564,54.9966],[-119.1215,54.9942],[-119.1712,54.9904],[-119.1564,54.9966]]],[[[-119.3344,54.9917],[-119.3262,54.9929],[-119.3059,54.9904],[-119.3344,54.9917]]],[[[-117.8662,55.3542],[-117.875,55.3551],[-117.8696,55.3568],[-117.8662,55.3542]]],[[[-119.702,55.0042],[-119.6885,55.0032],[-119.7059,55.0011],[-119.702,55.0042]]],[[[-119.7565,55.0057],[-119.7507,55.008],[-119.7296,54.9995],[-119.7565,55.0057]]],[[[-119.8404,55.0496],[-119.8296,55.0679],[-119.7834,55.0736],[-119.7252,55.041],[-119.8404,55.0496]]],[[[-119.767,55.214],[-119.7424,55.2391],[-119.6836,55.2325],[-119.7236,55.2179],[-119.767,55.214]]],[[[-119.7482,55.289],[-119.7634,55.2653],[-119.7973,55.2388],[-119.7482,55.289]]],[[[-119.7013,55.3118],[-119.7125,55.302],[-119.7351,55.2976],[-119.7134,55.3173],[-119.7013,55.3118]]],[[[-119.8554,55.3326],[-119.8006,55.3203],[-119.8341,55.3179],[-119.8554,55.3326]]],[[[-119.3367,55.4985],[-119.2735,55.4564],[-119.2815,55.4382],[-119.3202,55.4537],[-119.3309,55.4812],[-119.3678,55.5043],[-119.3367,55.4985]]],[[[-119.8444,55.4381],[-119.8166,55.4686],[-119.7521,55.4842],[-119.6307,55.4566],[-119.5468,55.4577],[-119.5267,55.4352],[-119.5504,55.4125],[-119.6306,55.412],[-119.7685,55.3705],[-119.8156,55.3758],[-119.7813,55.4131],[-119.8365,55.4263],[-119.8444,55.4381]]],[[[-117.0988,54.9863],[-117.0755,55.0011],[-117.0511,54.9998],[-117.0966,54.9764],[-117.0988,54.9863]]],[[[-116.2116,55.158],[-116.2281,55.1604],[-116.2352,55.1693],[-116.2296,55.1687],[-116.2116,55.158]]],[[[-116.2318,55.1893],[-116.2379,55.1801],[-116.248,55.1909],[-116.2423,55.1901],[-116.2318,55.1893]]],[[[-116.3024,55.2263],[-116.2736,55.2182],[-116.3004,55.2246],[-116.3024,55.2263]]],[[[-117.4716,55.0143],[-117.4673,55.0429],[-117.4907,55.0638],[-117.4552,55.068],[-117.439,55.0896],[-117.4129,55.0649],[-117.3872,55.074],[-117.3701,55.0608],[-117.3457,55.068],[-117.2979,55.0532],[-117.2628,55.0775],[-117.2052,55.0819],[-117.2494,55.0499],[-117.2669,55.0132],[-117.2863,55.002],[-117.4716,55.0143]]],[[[-116.312,55.242],[-116.3085,55.2315],[-116.3175,55.2417],[-116.312,55.242]]],[[[-116.8776,55.2265],[-116.9758,55.1081],[-117.0192,55.126],[-117.025,55.155],[-116.9816,55.178],[-116.9287,55.1864],[-116.9018,55.217],[-116.8776,55.2265]]],[[[-116.4663,55.2724],[-116.3722,55.1937],[-116.3634,55.1757],[-116.3717,55.1639],[-116.4274,55.1604],[-116.5146,55.176],[-116.5379,55.1882],[-116.5535,55.2382],[-116.5783,55.2561],[-116.6415,55.2654],[-116.7017,55.3003],[-116.8393,55.2447],[-116.8015,55.2737],[-116.7946,55.2958],[-116.7546,55.3134],[-116.7822,55.3365],[-116.7758,55.3499],[-116.7187,55.333],[-116.7045,55.3429],[-116.6392,55.3157],[-116.5499,55.3159],[-116.5616,55.2981],[-116.5518,55.2922],[-116.5188,55.3164],[-116.4245,55.2973],[-116.4663,55.2724]]],[[[-117.2871,55.1985],[-117.2993,55.183],[-117.3023,55.1831],[-117.2871,55.1985]]],[[[-116.3229,55.591],[-116.3602,55.602],[-116.4589,55.6071],[-116.3746,55.6189],[-116.3229,55.591]]],[[[-117.7426,55.3768],[-117.7492,55.3871],[-117.735,55.4003],[-117.7605,55.4102],[-117.7466,55.4222],[-117.7597,55.4327],[-117.7344,55.4161],[-117.7274,55.3869],[-117.7426,55.3768]]],[[[-116.5565,55.599],[-116.5901,55.6002],[-116.6089,55.6076],[-116.6212,55.6201],[-116.6221,55.6305],[-116.6032,55.6482],[-116.6206,55.627],[-116.613,55.6118],[-116.5565,55.599]]],[[[-116.5818,55.666],[-116.5813,55.6907],[-116.5528,55.6831],[-116.5818,55.666]]],[[[-116.5061,55.761],[-116.5251,55.7587],[-116.4932,55.773],[-116.5061,55.761]]],[[[-116.4589,55.7875],[-116.4601,55.7842],[-116.4681,55.7836],[-116.4589,55.7875]]],[[[-116.7305,56.3325],[-116.7864,56.2741],[-116.7778,56.2517],[-116.6761,56.2739],[-116.6508,56.2607],[-116.7596,56.1734],[-116.7725,56.11],[-116.7315,56.0229],[-116.7207,55.9363],[-116.6281,55.898],[-116.6082,55.8481],[-116.5806,55.8309],[-116.6207,55.7659],[-116.6142,55.7252],[-116.5405,55.749],[-116.5918,55.7166],[-116.6604,55.7271],[-116.7044,55.7149],[-116.744,55.7202],[-116.8962,55.8034],[-116.9244,55.8377],[-116.9273,55.87],[-116.9106,55.9158],[-116.8381,55.9314],[-116.8187,55.9577],[-116.834,56.0001],[-116.9004,56.0188],[-116.9008,56.0389],[-116.8354,56.0801],[-116.8227,56.1224],[-116.6949,56.2396],[-116.7976,56.206],[-116.8054,56.1936],[-116.9161,56.1799],[-116.9858,56.1529],[-116.9959,56.1657],[-116.9851,56.2008],[-116.9923,56.2486],[-116.9425,56.2701],[-116.9006,56.3229],[-116.7865,56.3572],[-116.7951,56.401],[-116.7044,56.4697],[-116.6025,56.4811],[-116.6684,56.4409],[-116.7305,56.3325]]],[[[-118.0404,57.7403],[-118.0704,57.7536],[-118.0588,57.786],[-117.9754,57.7953],[-117.904,57.8272],[-117.9682,57.7845],[-117.901,57.7386],[-117.9713,57.7481],[-118.0404,57.7403]]],[[[-115.9665,55.519],[-115.6165,55.5592],[-115.4469,55.5346],[-115.3336,55.5689],[-115.2074,55.584],[-115.0633,55.5596],[-114.8694,55.5883],[-114.8289,55.5722],[-114.8388,55.5613],[-114.8204,55.5464],[-114.8432,55.5164],[-114.8504,55.4693],[-114.8089,55.4418],[-114.7307,55.4279],[-114.7053,55.4013],[-114.6601,55.4066],[-114.6099,55.3643],[-114.6139,55.3383],[-114.6303,55.3158],[-114.6759,55.2922],[-114.7711,55.2865],[-114.8231,55.2907],[-115.0313,55.3494],[-115.1299,55.3512],[-115.1561,55.3228],[-115.1476,55.3058],[-115.1723,55.2885],[-115.2029,55.2843],[-115.2109,55.2939],[-115.2766,55.2661],[-115.2824,55.2297],[-115.2692,55.1977],[-115.3282,55.1483],[-115.4073,55.1958],[-115.439,55.2033],[-115.517,55.1933],[-115.6152,55.2443],[-115.7317,55.2647],[-115.7897,55.2425],[-115.8164,55.1895],[-115.8334,55.1873],[-115.826,55.1738],[-115.8647,55.16],[-115.8957,55.1701],[-115.9056,55.2318],[-115.9474,55.2887],[-115.9984,55.2933],[-116.0308,55.2699],[-116.0431,55.2443],[-116.1277,55.22],[-116.129,55.2023],[-116.0149,55.1085],[-116.001,55.0649],[-116.0368,55.0527],[-116.0656,55.0894],[-116.1296,55.1332],[-116.1169,55.1445],[-116.1433,55.1798],[-116.1384,55.2032],[-116.1851,55.2343],[-116.1859,55.2608],[-116.1644,55.2809],[-116.2531,55.3249],[-116.2148,55.34],[-116.1721,55.3296],[-116.147,55.3087],[-116.1602,55.2939],[-116.1455,55.2873],[-116.1519,55.2753],[-116.1258,55.2596],[-116.0848,55.2862],[-116.0733,55.328],[-115.8769,55.3482],[-115.872,55.3653],[-115.9873,55.4088],[-116.0256,55.4382],[-116.034,55.4378],[-116.0156,55.4151],[-116.0584,55.4125],[-116.0957,55.4461],[-116.0978,55.4945],[-116.071,55.501],[-116.0409,55.4784],[-115.9759,55.5061],[-115.8789,55.5146],[-115.9665,55.519]]],[[[-116.0539,55.5187],[-116.0687,55.5208],[-116.0976,55.5319],[-116.1415,55.5283],[-116.146,55.54],[-116.0895,55.5688],[-116.0937,55.5376],[-116.0539,55.5187]]],[[[-116.1819,55.6069],[-116.2011,55.5912],[-116.2545,55.6084],[-116.2086,55.612],[-116.1819,55.6069]]],[[[-116.1162,55.6233],[-116.1257,55.6191],[-116.1277,55.6189],[-116.1162,55.6233]]],[[[-116.4136,55.743],[-116.4055,55.7556],[-116.3938,55.7642],[-116.4136,55.743]]],[[[-116.3635,55.7887],[-116.3455,55.7961],[-116.3667,55.7835],[-116.3635,55.7887]]],[[[-116.4197,55.8063],[-116.4228,55.8023],[-116.4297,55.8015],[-116.4197,55.8063]]],[[[-116.3057,55.8419],[-116.3347,55.8343],[-116.3545,55.8372],[-116.3247,55.8488],[-116.3057,55.8419]]],[[[-116.5543,56.5539],[-116.5846,56.5709],[-116.5642,56.5925],[-116.5543,56.5539]]],[[[-115.3705,58.2278],[-115.3279,58.247],[-115.3275,58.2634],[-115.2842,58.2865],[-115.1816,58.2893],[-115.3705,58.2278]]],[[[-115.8279,58.2322],[-115.9892,58.1399],[-116.0769,58.1149],[-115.9169,58.1929],[-115.9044,58.2274],[-115.8775,58.2451],[-115.7716,58.2664],[-115.7012,58.2407],[-115.5948,58.2421],[-115.8279,58.2322]]],[[[-115.5471,58.2555],[-115.543,58.2571],[-115.5397,58.258],[-115.5471,58.2555]]],[[[-117.9641,58.2239],[-117.9695,58.2496],[-117.9528,58.2781],[-117.9284,58.2569],[-117.8615,58.1268],[-117.8675,58.0842],[-117.8571,58.0334],[-117.8962,58.0677],[-117.9029,58.1406],[-117.9641,58.2239]]],[[[-116.8085,58.7814],[-116.6644,58.8005],[-116.4896,58.7785],[-116.2538,58.7756],[-116.2004,58.7622],[-116.1838,58.7861],[-116.1638,58.7702],[-116.1672,58.7606],[-115.9874,58.7389],[-115.9562,58.7568],[-115.9602,58.7399],[-115.837,58.7316],[-115.7131,58.6857],[-115.6384,58.6727],[-115.5105,58.6751],[-115.2867,58.63],[-115.022,58.638],[-114.9437,58.6289],[-114.7333,58.6881],[-114.5003,58.813],[-114.4346,58.8262],[-114.405,58.8167],[-114.2505,58.8461],[-114.1071,58.9138],[-113.8699,58.9663],[-113.8255,58.9925],[-113.8542,58.9474],[-114.0139,58.8554],[-114.6185,58.5455],[-114.7776,58.5395],[-114.9944,58.5557],[-115.0401,58.5864],[-115.057,58.5415],[-115.0739,58.5326],[-115.1136,58.5345],[-115.1403,58.5579],[-115.178,58.54],[-115.2565,58.541],[-115.3067,58.5644],[-115.581,58.5373],[-115.6624,58.5491],[-115.751,58.5238],[-115.8382,58.5389],[-115.8725,58.5255],[-115.9207,58.5377],[-116.0185,58.5263],[-116.2685,58.5879],[-116.3301,58.585],[-116.3559,58.6012],[-116.4284,58.6113],[-116.6506,58.6094],[-116.7272,58.6333],[-116.8791,58.6287],[-116.9135,58.6397],[-116.9261,58.6643],[-117.0251,58.6737],[-117.0651,58.7039],[-117.0023,58.7111],[-116.8085,58.7814]]],[[[-117.9909,58.3872],[-118.0172,58.5005],[-118.0017,58.5324],[-117.9617,58.5623],[-117.9121,58.5784],[-117.8266,58.5912],[-117.533,58.5828],[-117.3814,58.6235],[-117.3013,58.6696],[-117.2624,58.6787],[-117.1928,58.664],[-117.1626,58.6705],[-117.1835,58.6553],[-117.2171,58.6645],[-117.2364,58.6261],[-117.3128,58.613],[-117.3371,58.591],[-117.4388,58.5998],[-117.565,58.5679],[-117.6735,58.5563],[-117.692,58.5344],[-117.6885,58.499],[-117.5437,58.4551],[-117.5754,58.4334],[-117.6781,58.4341],[-117.7153,58.419],[-117.7032,58.3883],[-117.6432,58.3655],[-117.657,58.3512],[-117.7709,58.3594],[-117.8545,58.3278],[-117.9606,58.3227],[-118.0009,58.3583],[-117.9909,58.3872]]]]}},{"type":"Feature","properties":{"key":"peace_lowland","name":"Peace Lowland","where":"north AB","sort":116,"ecozone":"Boreal Plains","ab_subregion":"Dry Mixedwood"},"geometry":{"type":"Polygon","coordinates":[[[-119.7819,56.5154],[-119.7309,56.4775],[-119.7281,56.4879],[-119.6234,56.497],[-119.6943,56.5434],[-119.6841,56.5469],[-119.5977,56.5387],[-119.608,56.5256],[-119.5773,56.5083],[-119.5604,56.5148],[-119.5705,56.5258],[-119.5583,56.5325],[-119.5642,56.5505],[-119.5403,56.5836],[-119.4943,56.566],[-119.5318,56.556],[-119.5071,56.5287],[-119.5098,56.5148],[-119.4943,56.5086],[-119.4665,56.5174],[-119.4503,56.5413],[-119.4181,56.5434],[-119.4238,56.4995],[-119.3979,56.5115],[-119.4025,56.5455],[-119.3862,56.5547],[-119.3286,56.547],[-119.2694,56.5678],[-119.1586,56.5719],[-119.1307,56.5538],[-119.1297,56.5713],[-119.1086,56.5759],[-119.0829,56.5728],[-119.0934,56.5599],[-119.0578,56.5673],[-119.0247,56.5498],[-118.8693,56.5781],[-118.8178,56.5686],[-118.7847,56.588],[-118.7819,56.5642],[-118.7381,56.536],[-118.7046,56.5302],[-118.7437,56.5023],[-118.7133,56.4869],[-118.7181,56.4653],[-118.6496,56.4841],[-118.6223,56.4715],[-118.6379,56.4603],[-118.6333,56.4515],[-118.6191,56.4588],[-118.5851,56.4473],[-118.6056,56.4112],[-118.6645,56.3944],[-118.6695,56.3825],[-118.6436,56.3503],[-118.6633,56.3495],[-118.6064,56.3],[-118.5945,56.3026],[-118.6077,56.3174],[-118.5931,56.3338],[-118.5743,56.324],[-118.5791,56.3162],[-118.5373,56.3037],[-118.551,56.2857],[-118.5263,56.2813],[-118.5093,56.3045],[-118.4962,56.3023],[-118.5029,56.2693],[-118.4843,56.2656],[-118.3955,56.2892],[-118.3609,56.2844],[-118.3442,56.3126],[-118.3035,56.3279],[-118.3133,56.358],[-118.2853,56.3664],[-118.2541,56.3658],[-118.2222,56.3416],[-118.213,56.3234],[-118.2291,56.3074],[-118.1933,56.2802],[-118.1877,56.2703],[-118.2005,56.2623],[-118.1894,56.2517],[-118.1659,56.2627],[-118.1584,56.2503],[-118.0902,56.2655],[-118.0929,56.2823],[-118.0583,56.2701],[-118.0179,56.2922],[-117.9849,56.2809],[-117.968,56.3012],[-117.9552,56.2912],[-117.9427,56.3068],[-117.9112,56.3129],[-117.871,56.3029],[-117.8525,56.3111],[-117.8577,56.3214],[-117.63,56.3868],[-117.6147,56.4004],[-117.66,56.4245],[-117.7458,56.4455],[-117.7765,56.4774],[-117.8331,56.4693],[-117.864,56.4898],[-117.8997,56.4854],[-117.8923,56.479],[-117.914,56.4679],[-117.924,56.5043],[-118.0156,56.5193],[-117.9201,56.5239],[-117.9186,56.551],[-117.8986,56.5307],[-117.8773,56.5428],[-117.8688,56.536],[-117.8347,56.579],[-117.8389,56.5939],[-117.8107,56.5929],[-117.764,56.6443],[-117.7701,56.6686],[-117.7906,56.6798],[-117.775,56.7125],[-117.7831,56.7323],[-117.8024,56.7368],[-117.8034,56.7563],[-117.877,56.7652],[-117.8979,56.7789],[-117.8775,56.8305],[-117.9105,56.8739],[-117.8795,56.8823],[-117.9753,56.8947],[-117.9699,56.9129],[-118.0282,56.9108],[-117.9907,56.9285],[-117.9299,56.9239],[-117.8634,56.9381],[-117.8369,56.9547],[-117.83,56.9922],[-117.7746,57.0528],[-117.8431,57.1358],[-117.7977,57.1432],[-117.6956,57.1183],[-117.6302,57.1353],[-117.6169,57.1533],[-117.6584,57.2347],[-117.6328,57.252],[-117.481,57.2722],[-117.42,57.2656],[-117.3811,57.3489],[-117.3245,57.4275],[-117.3259,57.4653],[-117.4218,57.4914],[-117.4404,57.5268],[-117.5303,57.5397],[-117.5709,57.6044],[-117.7094,57.7015],[-117.8898,57.7341],[-117.9682,57.7845],[-117.843,57.8792],[-117.8182,57.9107],[-117.8147,57.9424],[-117.8293,57.9988],[-117.8571,58.0334],[-117.8675,58.0842],[-117.8615,58.1268],[-117.9284,58.2569],[-117.9528,58.2781],[-117.9606,58.3227],[-117.8545,58.3278],[-117.7709,58.3594],[-117.6664,58.3493],[-117.641,58.3581],[-117.7032,58.3883],[-117.7153,58.419],[-117.6781,58.4341],[-117.5754,58.4334],[-117.5437,58.4551],[-117.6885,58.499],[-117.692,58.5344],[-117.6735,58.5563],[-117.565,58.5679],[-117.4388,58.5998],[-117.3371,58.591],[-117.3128,58.613],[-117.2364,58.6261],[-117.2171,58.6645],[-117.1835,58.6553],[-117.1155,58.6999],[-117.0651,58.7039],[-117.0251,58.6737],[-116.9261,58.6643],[-116.9135,58.6397],[-116.8791,58.6287],[-116.7272,58.6333],[-116.6506,58.6094],[-116.4284,58.6113],[-116.3559,58.6012],[-116.3301,58.585],[-116.2685,58.5879],[-116.0185,58.5263],[-115.9207,58.5377],[-115.8725,58.5255],[-115.8382,58.5389],[-115.751,58.5238],[-115.6624,58.5491],[-115.581,58.5373],[-115.3067,58.5644],[-115.2565,58.541],[-115.178,58.54],[-115.1403,58.5579],[-115.1136,58.5345],[-115.0739,58.5326],[-115.057,58.5415],[-115.0401,58.5864],[-114.9944,58.5557],[-114.7776,58.5395],[-114.6185,58.5455],[-114.7706,58.4913],[-114.8451,58.4505],[-114.8371,58.4238],[-114.7213,58.4068],[-114.8298,58.3645],[-115.1816,58.2893],[-115.2842,58.2865],[-115.3275,58.2634],[-115.3279,58.247],[-115.3716,58.2272],[-115.4971,58.2691],[-115.5948,58.2421],[-115.7012,58.2407],[-115.7716,58.2664],[-115.8775,58.2451],[-115.9044,58.2274],[-115.9169,58.1929],[-116.0769,58.1149],[-116.3919,58.0476],[-116.5172,58.0008],[-116.5889,57.9465],[-116.6065,57.906],[-116.6067,57.8696],[-116.5578,57.8222],[-116.4449,57.8228],[-116.4391,57.797],[-116.4037,57.7759],[-116.4422,57.7464],[-116.4419,57.7302],[-116.3962,57.6954],[-116.4064,57.6938],[-116.4077,57.6722],[-116.3748,57.6595],[-116.3444,57.6154],[-116.2947,57.5837],[-116.3079,57.5613],[-116.2722,57.512],[-116.2191,57.4755],[-116.1738,57.4617],[-116.0501,57.4643],[-116.051,57.4479],[-116.0821,57.4292],[-116.0567,57.4082],[-116.0743,57.3747],[-116.1404,57.3928],[-116.1556,57.3911],[-116.1555,57.3805],[-116.0871,57.3617],[-116.0503,57.3055],[-116.0516,57.2727],[-116.021,57.2589],[-116.0567,57.2194],[-116.1031,57.197],[-116.0907,57.1703],[-116.1126,57.1463],[-116.1653,57.1141],[-116.2198,57.1409],[-116.3829,57.127],[-116.3988,57.1446],[-116.4312,57.1462],[-116.4403,57.1792],[-116.4755,57.1954],[-116.5201,57.1765],[-116.5966,57.1171],[-116.7268,57.0918],[-116.767,57.0608],[-116.8287,56.9808],[-116.8889,56.9809],[-116.9126,56.9383],[-116.8966,56.9068],[-116.83,56.9115],[-116.786,56.9347],[-116.7663,56.931],[-116.7265,56.8921],[-116.6452,56.8938],[-116.6027,56.877],[-116.5996,56.8689],[-116.6315,56.8609],[-116.6329,56.8237],[-116.6781,56.7868],[-116.6814,56.7593],[-116.7711,56.6732],[-116.7667,56.6556],[-116.662,56.6649],[-116.6027,56.6279],[-116.5642,56.5925],[-116.5846,56.5709],[-116.5543,56.5539],[-116.5566,56.5262],[-116.6171,56.4749],[-116.7044,56.4697],[-116.7951,56.401],[-116.7988,56.381],[-116.7846,56.3602],[-116.7949,56.3512],[-116.9125,56.3157],[-116.9383,56.2735],[-116.9923,56.2486],[-116.9851,56.2008],[-116.9959,56.1657],[-116.9794,56.1533],[-116.9161,56.1799],[-116.848,56.1814],[-116.6949,56.2396],[-116.8227,56.1224],[-116.8354,56.0801],[-116.9008,56.0389],[-116.9004,56.0188],[-116.834,56.0001],[-116.8187,55.9577],[-116.8416,55.9299],[-116.9008,55.925],[-116.9273,55.87],[-116.9221,55.8293],[-116.9031,55.8081],[-116.744,55.7202],[-116.7044,55.7149],[-116.6604,55.7271],[-116.5918,55.7166],[-116.3545,55.8372],[-116.299,55.8413],[-116.2919,55.8308],[-116.4147,55.7561],[-116.4159,55.7403],[-116.5528,55.6831],[-116.5878,55.6874],[-116.5818,55.666],[-116.6234,55.6246],[-116.6048,55.6051],[-116.5308,55.5968],[-116.4023,55.6055],[-116.3229,55.591],[-116.2545,55.6084],[-116.2011,55.5912],[-116.1819,55.6069],[-116.0573,55.6327],[-116.0396,55.6233],[-116.0447,55.6078],[-116.1022,55.5566],[-116.144,55.5427],[-116.1454,55.5297],[-115.8789,55.5146],[-115.9759,55.5061],[-116.0409,55.4784],[-116.0893,55.5014],[-116.1037,55.4797],[-116.0938,55.4428],[-116.0584,55.4125],[-116.0156,55.4151],[-116.034,55.4378],[-116.0256,55.4382],[-115.9873,55.4088],[-115.872,55.3653],[-115.8769,55.3482],[-116.0733,55.328],[-116.0848,55.2862],[-116.1258,55.2596],[-116.1519,55.2753],[-116.1455,55.2873],[-116.1602,55.2939],[-116.147,55.3087],[-116.1721,55.3296],[-116.2148,55.34],[-116.2521,55.3301],[-116.1792,55.2794],[-116.1644,55.2809],[-116.1859,55.2608],[-116.1851,55.2343],[-116.1384,55.2032],[-116.1433,55.1798],[-116.1169,55.1445],[-116.1296,55.1332],[-116.2352,55.1693],[-116.2424,55.1809],[-116.2285,55.1874],[-116.3085,55.2315],[-116.3293,55.2849],[-116.351,55.2972],[-116.4505,55.2971],[-116.5188,55.3164],[-116.5518,55.2922],[-116.5616,55.2981],[-116.5499,55.3159],[-116.6392,55.3157],[-116.7045,55.3429],[-116.7187,55.333],[-116.779,55.3498],[-116.7798,55.3326],[-116.7532,55.3164],[-116.7946,55.2958],[-116.8105,55.2638],[-116.9018,55.217],[-116.9287,55.1864],[-116.9816,55.178],[-117.025,55.155],[-117.0192,55.126],[-116.9758,55.1081],[-116.965,55.0572],[-116.9744,55.0281],[-117.0755,55.0011],[-117.0985,54.9887],[-117.0966,54.9764],[-117.1261,54.9474],[-117.1752,54.9384],[-117.2863,55.002],[-117.2068,55.0852],[-117.2628,55.0775],[-117.2957,55.0534],[-117.3457,55.068],[-117.3701,55.0608],[-117.3872,55.074],[-117.4129,55.0649],[-117.4378,55.0896],[-117.4552,55.068],[-117.4907,55.0638],[-117.4561,55.0949],[-117.2845,55.1916],[-117.2683,55.2375],[-117.3016,55.2576],[-117.3079,55.3172],[-117.4074,55.3781],[-117.4133,55.4108],[-117.4506,55.4394],[-117.7694,55.4807],[-117.8039,55.4729],[-117.7946,55.4511],[-117.7468,55.4234],[-117.7605,55.4102],[-117.735,55.4003],[-117.7492,55.3871],[-117.7384,55.3767],[-117.7597,55.3593],[-117.7993,55.348],[-117.8852,55.3576],[-117.9714,55.3243],[-118.0112,55.3364],[-118.0304,55.3191],[-117.9708,55.2874],[-117.9668,55.2708],[-117.9186,55.261],[-117.9008,55.2382],[-117.8739,55.238],[-117.8657,55.2142],[-117.8345,55.2003],[-117.837,55.1748],[-117.7752,55.1317],[-117.7941,55.1177],[-117.7934,55.0529],[-117.931,55.0173],[-117.9612,54.973],[-117.9486,54.9313],[-117.9831,54.9165],[-117.999,54.8916],[-118.0091,54.8959],[-117.9955,54.9205],[-118.0259,54.9256],[-118.0208,54.9404],[-118.0452,54.9645],[-118.0951,54.9821],[-118.1556,54.9668],[-118.1674,54.986],[-118.1896,54.9925],[-118.1963,55.0119],[-118.2386,55.0313],[-118.2972,55.0279],[-118.286,55.0445],[-118.3087,55.0524],[-118.3391,55.0258],[-118.3217,55.0128],[-118.3253,54.9703],[-118.3904,54.9632],[-118.4217,54.9802],[-118.4514,54.9691],[-118.4501,54.954],[-118.4746,54.954],[-118.4653,54.972],[-118.4823,54.9893],[-118.5147,54.978],[-118.5435,54.9549],[-118.5365,54.9147],[-118.5491,54.8921],[-118.5816,54.8889],[-118.5971,54.8685],[-118.5772,54.8486],[-118.6445,54.874],[-118.6631,54.8963],[-118.6774,54.8948],[-118.7914,54.9643],[-118.8874,54.9971],[-119.4422,54.9905],[-119.5946,55.0139],[-119.7296,54.9995],[-119.7536,55.0127],[-119.7236,55.0296],[-119.7442,55.0574],[-119.7717,55.0723],[-119.8296,55.0679],[-119.687,55.1265],[-119.5537,55.1595],[-119.5302,55.1762],[-119.5149,55.2084],[-119.5407,55.2299],[-119.6111,55.2494],[-119.6836,55.2325],[-119.7424,55.2391],[-119.7677,55.2134],[-119.7858,55.219],[-119.7973,55.2388],[-119.7482,55.289],[-119.7013,55.3118],[-119.7166,55.334],[-119.8006,55.3203],[-119.8554,55.3326],[-119.8156,55.3758],[-119.7556,55.3716],[-119.6332,55.4114],[-119.5504,55.4125],[-119.5267,55.4352],[-119.4801,55.4058],[-119.4598,55.417],[-119.4936,55.4669],[-119.3678,55.5043],[-119.3309,55.4812],[-119.3202,55.4537],[-119.2815,55.4382],[-119.2735,55.4564],[-119.2402,55.4611],[-119.2287,55.4862],[-119.2226,55.4726],[-119.1937,55.4854],[-119.1453,55.4643],[-119.0867,55.4686],[-119.0689,55.459],[-119.074,55.4518],[-118.9871,55.4225],[-118.9176,55.421],[-119.0548,55.3662],[-119.1058,55.323],[-119.1066,55.2798],[-119.1354,55.2672],[-119.1148,55.2602],[-119.1142,55.2481],[-118.9929,55.2084],[-118.9442,55.1643],[-119.1318,55.1884],[-119.242,55.1683],[-119.27,55.1465],[-119.2137,55.104],[-119.0669,55.055],[-118.9676,55.0869],[-118.9392,55.0854],[-118.9539,55.1094],[-118.927,55.0941],[-118.8439,55.0959],[-118.8043,55.1243],[-118.7019,55.1296],[-118.5915,55.1557],[-118.4852,55.1589],[-118.4023,55.1442],[-118.3727,55.1549],[-118.4026,55.1709],[-118.3043,55.1447],[-118.2614,55.1607],[-118.2502,55.1715],[-118.2547,55.1871],[-118.2985,55.1953],[-118.2951,55.2301],[-118.3078,55.2506],[-118.2958,55.2809],[-118.3335,55.2892],[-118.3658,55.2756],[-118.4142,55.2758],[-118.459,55.2973],[-118.4241,55.3426],[-118.4257,55.3664],[-118.4398,55.3786],[-118.4993,55.3918],[-118.5829,55.3714],[-118.676,55.3706],[-118.7306,55.3844],[-118.8165,55.4235],[-118.7245,55.4065],[-118.6971,55.3771],[-118.579,55.3879],[-118.4372,55.4355],[-118.3816,55.438],[-118.2928,55.4695],[-118.2482,55.5022],[-118.2626,55.5069],[-118.321,55.4778],[-118.4935,55.5039],[-118.5044,55.5184],[-118.4347,55.5547],[-118.4512,55.5681],[-118.4504,55.584],[-118.55,55.5894],[-118.584,55.6104],[-118.6156,55.606],[-118.6352,55.5767],[-118.6729,55.5741],[-118.6984,55.5483],[-118.7676,55.58],[-118.8112,55.5806],[-118.862,55.5514],[-119.0499,55.5739],[-119.072,55.5871],[-119.0256,55.5861],[-119.0217,55.6019],[-118.9584,55.6185],[-118.8647,55.6237],[-118.8597,55.6431],[-118.8967,55.6577],[-118.8598,55.6831],[-118.8927,55.6949],[-119.021,55.6966],[-119.0383,55.703],[-119.0179,55.7167],[-119.0293,55.7276],[-119.2162,55.7481],[-119.1959,55.7618],[-119.1916,55.7815],[-119.2141,55.7932],[-119.3353,55.7764],[-119.3463,55.7851],[-119.3289,55.8137],[-119.3542,55.8089],[-119.374,55.8204],[-119.2536,55.8976],[-119.3126,55.9243],[-119.2994,55.9288],[-119.3778,55.9351],[-119.4073,55.9582],[-119.3671,55.9858],[-119.463,55.9906],[-119.4586,56.0016],[-119.4745,56.016],[-119.5511,55.9959],[-119.5848,56.0058],[-119.5436,55.9559],[-119.6206,55.947],[-119.651,55.9317],[-119.6465,55.8943],[-119.6127,55.887],[-119.6036,55.8605],[-119.5363,55.8512],[-119.497,55.8206],[-119.5281,55.8088],[-119.5187,55.7861],[-119.5519,55.7999],[-119.5567,55.8109],[-119.5367,55.8173],[-119.7083,55.8333],[-119.8666,55.799],[-119.9334,55.8044],[-119.9564,55.7821],[-119.9505,55.7708],[-119.9279,55.7768],[-120.0,55.7555],[-120.0,56.2353],[-119.8541,56.2655],[-119.8593,56.2832],[-119.83,56.286],[-119.7752,56.3214],[-119.7541,56.3494],[-119.8257,56.3601],[-119.7938,56.3915],[-119.7751,56.378],[-119.73,56.4075],[-119.6435,56.4367],[-119.6048,56.4248],[-119.5973,56.4392],[-119.5558,56.4347],[-119.5149,56.4482],[-119.5987,56.4705],[-119.6933,56.4452],[-119.7343,56.4473],[-119.7522,56.4247],[-119.764,56.4377],[-119.8204,56.42],[-119.8604,56.4193],[-119.8745,56.4304],[-119.7927,56.4562],[-119.8198,56.4811],[-119.7751,56.473],[-119.7677,56.4918],[-119.8026,56.5142],[-119.7819,56.5154]],[[-117.2959,56.3501],[-117.3787,56.2878],[-117.476,56.239],[-117.831,56.0833],[-117.8563,56.0933],[-117.8573,56.122],[-117.9076,56.1259],[-118.0639,56.059],[-118.3097,56.054],[-118.4503,56.0935],[-118.4583,56.1084],[-118.4423,56.1168],[-118.451,56.1762],[-118.6446,56.0711],[-118.7417,56.1126],[-118.7518,56.1079],[-118.6569,56.0534],[-118.6385,56.0297],[-118.6471,56.0255],[-118.6045,55.9981],[-118.6173,55.9621],[-118.6322,55.9589],[-118.6352,55.9341],[-118.7783,55.9507],[-118.6796,55.9317],[-118.5356,55.9242],[-118.4479,55.9002],[-118.3465,55.9058],[-118.3092,55.9249],[-118.2618,55.911],[-118.1858,55.9219],[-118.0075,55.9134],[-117.8882,55.9415],[-117.7407,56.0235],[-117.6684,56.029],[-117.6493,56.0603],[-117.5469,56.1025],[-117.4456,56.1291],[-117.4215,56.126],[-117.4254,56.1084],[-117.4002,56.1068],[-117.3084,56.1893],[-117.2999,56.2311],[-117.3414,56.2587],[-117.2715,56.3496],[-117.2959,56.3501]],[[-118.7709,55.8511],[-118.8812,55.8448],[-118.9757,55.8186],[-118.8133,55.7661],[-118.8103,55.7562],[-118.8328,55.7425],[-118.7656,55.7354],[-118.7701,55.7167],[-118.752,55.6865],[-118.733,55.6784],[-118.6734,55.6858],[-118.5931,55.728],[-118.4841,55.7625],[-118.577,55.7978],[-118.6642,55.7979],[-118.7709,55.8511]],[[-117.447,57.6802],[-117.5042,57.6676],[-117.5068,57.6475],[-117.4846,57.6374],[-117.4267,57.5684],[-117.3694,57.5769],[-117.3523,57.5568],[-117.3299,57.559],[-117.3125,57.5955],[-117.3253,57.6202],[-117.447,57.6802]]]}},{"type":"Feature","properties":{"key":"peace_lowland","name":"Peace Lowland","where":"north AB","sort":116,"ecozone":"Boreal Plains","ab_subregion":"Lower Boreal Highlands"},"geometry":{"type":"MultiPolygon","coordinates":[[[[-117.807,56.3345],[-117.8577,56.3214],[-117.8525,56.3111],[-117.871,56.3029],[-117.9163,56.3117],[-117.8556,56.3382],[-117.807,56.3345]]],[[[-118.1767,56.3288],[-118.1801,56.2958],[-118.1696,56.2802],[-118.1389,56.2823],[-118.0932,56.3166],[-117.9628,56.3182],[-117.9403,56.3017],[-117.9552,56.2912],[-117.968,56.3012],[-117.9849,56.2809],[-118.0179,56.2922],[-118.0583,56.2701],[-118.0929,56.2823],[-118.0938,56.264],[-118.1916,56.252],[-118.2007,56.2632],[-118.1887,56.2679],[-118.1933,56.2802],[-118.2291,56.3074],[-118.2163,56.334],[-118.2432,56.36],[-118.1767,56.3288]]],[[[-118.36,56.3019],[-118.3415,56.3385],[-118.3133,56.358],[-118.3035,56.3279],[-118.3442,56.3126],[-118.3577,56.286],[-118.4343,56.2802],[-118.4029,56.3041],[-118.36,56.3019]]],[[[-118.7909,56.5907],[-118.683,56.5564],[-118.6712,56.5391],[-118.6932,56.4988],[-118.6775,56.4859],[-118.6192,56.4915],[-118.5584,56.4646],[-118.5058,56.4662],[-118.4971,56.4584],[-118.5131,56.4428],[-118.6493,56.376],[-118.6168,56.3408],[-118.5371,56.3259],[-118.4442,56.2793],[-118.5008,56.2665],[-118.4935,56.3006],[-118.5093,56.3045],[-118.5263,56.2813],[-118.551,56.2857],[-118.5373,56.3037],[-118.5791,56.3162],[-118.5874,56.3333],[-118.6077,56.3174],[-118.5951,56.3016],[-118.6228,56.3064],[-118.6633,56.3495],[-118.6436,56.3503],[-118.6699,56.3855],[-118.6056,56.4112],[-118.5851,56.4473],[-118.6191,56.4588],[-118.6333,56.4515],[-118.6379,56.4603],[-118.6223,56.4715],[-118.6496,56.4841],[-118.7181,56.4653],[-118.7133,56.4869],[-118.7437,56.5023],[-118.7046,56.5302],[-118.7381,56.536],[-118.7819,56.5642],[-118.7821,56.5872],[-118.8178,56.5686],[-118.8693,56.5781],[-118.9658,56.5542],[-118.9753,56.566],[-118.9342,56.5893],[-118.7909,56.5907]]],[[[-119.8559,56.5087],[-119.8026,56.5142],[-119.7671,56.4888],[-119.7751,56.473],[-119.8198,56.4811],[-119.7927,56.4562],[-119.8714,56.4375],[-119.8604,56.4193],[-119.764,56.4377],[-119.7522,56.4247],[-119.7343,56.4473],[-119.6933,56.4452],[-119.5987,56.4705],[-119.5149,56.4482],[-119.5558,56.4347],[-119.5973,56.4392],[-119.6048,56.4248],[-119.6435,56.4367],[-119.73,56.4075],[-119.7751,56.378],[-119.7938,56.3915],[-119.8257,56.3601],[-119.7541,56.3494],[-119.7752,56.3214],[-119.83,56.286],[-119.8593,56.2832],[-119.8541,56.2655],[-120.0,56.2353],[-120.0,56.3319],[-119.9854,56.3312],[-119.9119,56.4666],[-119.8559,56.5087]]],[[[-119.0185,56.5573],[-119.0247,56.5498],[-119.0371,56.56],[-119.0185,56.5573]]],[[[-119.0562,56.5668],[-119.052,56.5653],[-119.0543,56.5652],[-119.0562,56.5668]]],[[[-119.0622,56.5656],[-119.0906,56.5596],[-119.0941,56.5615],[-119.0829,56.5728],[-119.0622,56.5656]]],[[[-119.1108,56.5731],[-119.1297,56.5713],[-119.1307,56.5538],[-119.1586,56.5719],[-119.1108,56.5731]]],[[[-119.2001,56.5691],[-119.2035,56.5684],[-119.2055,56.5691],[-119.2001,56.5691]]],[[[-119.2694,56.5678],[-119.3286,56.547],[-119.3853,56.5547],[-119.2694,56.5678]]],[[[-119.557,56.5437],[-119.5704,56.5266],[-119.5604,56.5148],[-119.5773,56.5083],[-119.608,56.5256],[-119.5977,56.5387],[-119.557,56.5437]]],[[[-119.485,56.6043],[-119.4308,56.562],[-119.3862,56.5547],[-119.4025,56.5455],[-119.3979,56.5115],[-119.4292,56.5015],[-119.4218,56.5442],[-119.4503,56.5413],[-119.4665,56.5174],[-119.5098,56.5148],[-119.5071,56.5287],[-119.5316,56.5575],[-119.4943,56.566],[-119.5403,56.5836],[-119.5207,56.6011],[-119.485,56.6043]]],[[[-119.6922,56.5427],[-119.6234,56.497],[-119.7281,56.4879],[-119.7333,56.4776],[-119.7819,56.5154],[-119.6922,56.5427]]],[[[-117.7131,56.3668],[-117.7172,56.3654],[-117.713,56.3672],[-117.7131,56.3668]]],[[[-117.7121,56.4324],[-117.6998,56.4327],[-117.6922,56.427],[-117.7121,56.4324]]],[[[-116.7667,56.6556],[-116.77,56.6769],[-116.7513,56.6876],[-116.734,56.6615],[-116.7667,56.6556]]],[[[-116.7456,56.7018],[-116.7323,56.7069],[-116.7481,56.6937],[-116.7456,56.7018]]],[[[-117.9327,56.3966],[-117.9651,56.4256],[-118.0467,56.4174],[-118.0704,56.442],[-118.065,56.4896],[-118.0976,56.544],[-117.9754,56.6345],[-117.8416,56.6749],[-117.806,56.697],[-117.817,56.7445],[-117.8596,56.7614],[-117.8053,56.7581],[-117.8024,56.7368],[-117.7831,56.7323],[-117.775,56.7125],[-117.7906,56.6798],[-117.7686,56.6661],[-117.7742,56.6257],[-117.8107,56.5929],[-117.8363,56.5964],[-117.8347,56.579],[-117.8688,56.536],[-117.8773,56.5428],[-117.8986,56.5307],[-117.9186,56.551],[-117.9201,56.5239],[-118.0161,56.5199],[-117.924,56.5043],[-117.914,56.4679],[-117.8923,56.479],[-117.8997,56.4854],[-117.8678,56.4895],[-117.8331,56.4693],[-117.8071,56.469],[-117.7978,56.482],[-117.7633,56.4692],[-117.7458,56.4455],[-117.7807,56.4482],[-117.9327,56.3966]]],[[[-116.6831,56.7606],[-116.6781,56.7868],[-116.6329,56.8237],[-116.6315,56.8609],[-116.5996,56.8689],[-116.6067,56.8322],[-116.6831,56.7606]]],[[[-116.7979,56.9321],[-116.83,56.9115],[-116.8539,56.9138],[-116.7979,56.9321]]],[[[-117.8883,56.7678],[-117.8895,56.7776],[-117.877,56.7652],[-117.8883,56.7678]]],[[[-116.6218,57.1079],[-116.6037,57.1226],[-116.5966,57.1171],[-116.6218,57.1079]]],[[[-117.9079,56.8639],[-118.0236,56.9073],[-117.9699,56.9129],[-117.9753,56.8947],[-117.8777,56.8785],[-117.9096,56.8749],[-117.9079,56.8639]]],[[[-117.9253,56.9289],[-117.9328,56.9237],[-117.9907,56.9285],[-117.9603,56.9316],[-117.9253,56.9289]]],[[[-117.481,57.2722],[-117.5146,57.2604],[-117.5461,57.2607],[-117.5011,57.2769],[-117.481,57.2722]]],[[[-117.4811,57.5264],[-117.4395,57.5264],[-117.4317,57.5028],[-117.4811,57.5264]]],[[[-117.4295,57.6744],[-117.3253,57.6202],[-117.3125,57.5955],[-117.3299,57.559],[-117.3523,57.5568],[-117.3694,57.5769],[-117.4267,57.5684],[-117.5103,57.6583],[-117.4677,57.6795],[-117.4295,57.6744]]],[[[-116.1144,57.1508],[-116.1,57.1662],[-116.0907,57.1703],[-116.1058,57.1498],[-116.1144,57.1508]]],[[[-116.3114,57.1267],[-116.2901,57.1328],[-116.2521,57.1361],[-116.2766,57.1244],[-116.2979,57.1226],[-116.3114,57.1267]]],[[[-116.3143,57.1275],[-116.3181,57.1288],[-116.316,57.1283],[-116.3143,57.1275]]],[[[-116.4309,57.1446],[-116.3988,57.1446],[-116.3806,57.1265],[-116.3412,57.1351],[-116.328,57.1294],[-116.4065,57.1214],[-116.4309,57.1446]]],[[[-116.0896,57.1767],[-116.1031,57.197],[-116.0567,57.2194],[-116.0824,57.2019],[-116.0896,57.1767]]],[[[-116.0484,57.2898],[-116.0179,57.268],[-116.021,57.2589],[-116.0516,57.2727],[-116.0536,57.2952],[-116.0503,57.3055],[-116.0871,57.3617],[-116.1532,57.3782],[-116.1556,57.3911],[-116.0743,57.3747],[-116.0807,57.3575],[-116.0483,57.3218],[-116.0484,57.2898]]],[[[-116.0567,57.4082],[-116.0821,57.4292],[-116.051,57.4479],[-116.0567,57.4082]]],[[[-116.0636,57.4697],[-116.14,57.4571],[-116.2224,57.4772],[-116.068,57.4767],[-116.0636,57.4697]]],[[[-116.3396,57.6349],[-116.2911,57.6013],[-116.2859,57.5539],[-116.2598,57.5077],[-116.3079,57.5613],[-116.2947,57.5837],[-116.3444,57.6154],[-116.3748,57.6595],[-116.4077,57.6722],[-116.4064,57.6938],[-116.3962,57.6954],[-116.4419,57.7302],[-116.4422,57.7464],[-116.3512,57.6749],[-116.3396,57.6349]]],[[[-116.4405,57.8786],[-116.4042,57.8548],[-116.4173,57.8185],[-116.3665,57.7609],[-116.3795,57.7507],[-116.4293,57.7543],[-116.4037,57.7759],[-116.4391,57.797],[-116.4449,57.8228],[-116.541,57.8216],[-116.5267,57.829],[-116.5328,57.8534],[-116.5151,57.8676],[-116.4405,57.8786]]],[[[-114.825,58.665],[-114.9437,58.6289],[-115.0915,58.6345],[-114.9479,58.6438],[-114.825,58.665]]],[[[-114.1071,58.9138],[-114.2505,58.8461],[-114.405,58.8167],[-114.4346,58.8262],[-114.5003,58.813],[-114.1071,58.9138]]],[[[-115.8233,58.722],[-115.8232,58.7259],[-115.8126,58.7221],[-115.8233,58.722]]],[[[-116.1662,58.8725],[-116.0339,58.8558],[-115.9871,58.7901],[-115.9462,58.7617],[-115.837,58.7316],[-115.9602,58.7399],[-115.9562,58.7568],[-115.9849,58.7389],[-116.1522,58.7581],[-116.1683,58.7616],[-116.1638,58.7702],[-116.1838,58.7861],[-116.2004,58.7622],[-116.4011,58.7841],[-116.3503,58.8031],[-116.321,58.8311],[-116.3122,58.86],[-116.2552,58.8998],[-116.1662,58.8725]]]]}},{"type":"Feature","properties":{"key":"peace_lowland","name":"Peace Lowland","where":"north AB","sort":116,"ecozone":"Boreal Plains","ab_subregion":"Lower Foothills"},"geometry":{"type":"MultiPolygon","coordinates":[[[[-118.711,55.404],[-118.7121,55.3882],[-118.7245,55.4065],[-118.7716,55.4215],[-118.8392,55.4256],[-118.8151,55.4274],[-118.7515,55.4196],[-118.711,55.404]]],[[[-118.5289,55.5047],[-118.4837,55.5316],[-118.5074,55.5145],[-118.4935,55.5039],[-118.4334,55.4991],[-118.4947,55.4917],[-118.5289,55.5047]]],[[[-119.0454,55.4411],[-119.0418,55.4396],[-119.0448,55.4406],[-119.0454,55.4411]]],[[[-119.0467,55.4422],[-119.074,55.4518],[-119.0773,55.4646],[-119.0569,55.4558],[-119.0467,55.4422]]],[[[-119.0942,55.4686],[-119.1004,55.4703],[-119.0867,55.4686],[-119.0942,55.4686]]],[[[-118.5772,55.5735],[-118.6603,55.5478],[-118.6984,55.5483],[-118.6729,55.5741],[-118.6352,55.5767],[-118.6156,55.606],[-118.584,55.6104],[-118.55,55.5894],[-118.4514,55.5848],[-118.4464,55.5649],[-118.5772,55.5735]]],[[[-119.1091,55.4713],[-119.1453,55.4643],[-119.156,55.4765],[-119.1091,55.4713]]],[[[-119.1677,55.4796],[-119.1716,55.48],[-119.1732,55.4811],[-119.1677,55.4796]]],[[[-118.7462,55.5647],[-118.8233,55.5496],[-118.8923,55.5521],[-118.8582,55.5519],[-118.7993,55.5822],[-118.7627,55.5791],[-118.7167,55.5529],[-118.7462,55.5647]]],[[[-119.1871,55.4843],[-119.2226,55.4726],[-119.2287,55.4862],[-119.2211,55.4944],[-119.1871,55.4843]]],[[[-119.03,55.5443],[-119.0803,55.5826],[-118.9001,55.5552],[-119.03,55.5443]]],[[[-119.0217,55.6019],[-119.0256,55.5861],[-119.0623,55.5923],[-119.0217,55.6019]]],[[[-119.0822,55.6969],[-119.0295,55.7214],[-119.0419,55.7287],[-119.0179,55.7169],[-119.0383,55.7043],[-119.0294,55.6989],[-118.9555,55.6935],[-119.064,55.6776],[-119.0861,55.6805],[-119.0822,55.6969]]],[[[-119.2514,55.7277],[-119.4451,55.7429],[-119.5127,55.768],[-119.579,55.775],[-119.5866,55.7872],[-119.5648,55.8096],[-119.5187,55.7861],[-119.5281,55.8088],[-119.4952,55.8174],[-119.5363,55.8512],[-119.6036,55.8605],[-119.6127,55.887],[-119.6465,55.8943],[-119.6507,55.9328],[-119.5436,55.9559],[-119.5848,56.0058],[-119.5511,55.9959],[-119.4745,56.016],[-119.4586,56.0016],[-119.463,55.9906],[-119.3671,55.9858],[-119.4067,55.9593],[-119.3969,55.9466],[-119.3845,55.9502],[-119.3752,55.9344],[-119.2979,55.9283],[-119.3126,55.9243],[-119.2536,55.8976],[-119.374,55.8204],[-119.3542,55.8089],[-119.3289,55.8137],[-119.3463,55.7851],[-119.3064,55.7745],[-119.2828,55.7914],[-119.2673,55.7793],[-119.2141,55.7932],[-119.1916,55.7815],[-119.1959,55.7618],[-119.2162,55.7481],[-119.0629,55.7318],[-119.2514,55.7277]]],[[[-119.7849,55.8109],[-119.7732,55.8234],[-119.7629,55.8209],[-119.7849,55.8109]]],[[[-119.8666,55.799],[-119.9505,55.7708],[-119.9564,55.7821],[-119.9334,55.8044],[-119.8666,55.799]]],[[[-115.2824,55.2297],[-115.2782,55.2391],[-115.2749,55.2274],[-115.2824,55.2297]]],[[[-115.5415,55.2093],[-115.5387,55.2043],[-115.546,55.208],[-115.5415,55.2093]]],[[[-115.2749,55.2539],[-115.2611,55.281],[-115.2317,55.2771],[-115.2749,55.2539]]],[[[-115.8256,55.1745],[-115.828,55.1924],[-115.8164,55.1895],[-115.8256,55.1745]]],[[[-115.215,55.2897],[-115.2029,55.2843],[-115.2195,55.2821],[-115.215,55.2897]]],[[[-115.1461,55.3068],[-115.1561,55.3228],[-115.1457,55.3257],[-115.1461,55.3068]]],[[[-116.0868,55.1681],[-116.0923,55.1769],[-116.0796,55.1691],[-116.0868,55.1681]]],[[[-115.1326,55.3495],[-115.1168,55.3534],[-115.0959,55.3464],[-115.1372,55.3322],[-115.1326,55.3495]]],[[[-115.7484,55.253],[-115.7317,55.2647],[-115.7221,55.2596],[-115.7484,55.253]]],[[[-114.8386,55.4965],[-114.6606,55.4009],[-114.7053,55.4013],[-114.7307,55.4279],[-114.8203,55.4463],[-114.854,55.4779],[-114.8386,55.4965]]],[[[-115.9474,55.2887],[-115.9465,55.2826],[-115.9562,55.2899],[-115.9474,55.2887]]],[[[-114.8196,55.5438],[-114.8207,55.5441],[-114.8204,55.5464],[-114.8196,55.5438]]],[[[-114.8245,55.5597],[-114.8391,55.5636],[-114.8289,55.5722],[-114.8245,55.5597]]],[[[-118.3854,55.4848],[-118.3194,55.478],[-118.2626,55.5069],[-118.2482,55.5022],[-118.2928,55.4695],[-118.3628,55.4503],[-118.3854,55.4848]]],[[[-118.4507,55.5413],[-118.468,55.5343],[-118.4729,55.5358],[-118.4507,55.5413]]]]}},{"type":"Feature","properties":{"key":"peace_lowland","name":"Peace Lowland","where":"north AB","sort":116,"ecozone":"Boreal Plains","ab_subregion":"Peace River Parkland"},"geometry":{"type":"MultiPolygon","coordinates":[[[[-118.9176,55.421],[-118.7923,55.4205],[-118.7329,55.3854],[-118.676,55.3706],[-118.5829,55.3714],[-118.4993,55.3918],[-118.4427,55.3799],[-118.4257,55.3664],[-118.4241,55.3426],[-118.459,55.2973],[-118.4142,55.2758],[-118.3044,55.2864],[-118.2932,55.2684],[-118.3078,55.2506],[-118.2951,55.2301],[-118.2985,55.1953],[-118.2547,55.1871],[-118.2502,55.1715],[-118.2958,55.145],[-118.4026,55.1709],[-118.3727,55.1549],[-118.4023,55.1442],[-118.4852,55.1589],[-118.5915,55.1557],[-118.7019,55.1296],[-118.8043,55.1243],[-118.8439,55.0959],[-118.927,55.0941],[-118.9356,55.107],[-118.9539,55.1094],[-118.9392,55.0854],[-118.9676,55.0869],[-119.0669,55.055],[-119.211,55.1029],[-119.2691,55.1373],[-119.2449,55.1674],[-119.1358,55.1881],[-118.9449,55.1638],[-118.9929,55.2084],[-119.1142,55.2481],[-119.1148,55.2602],[-119.1354,55.2672],[-119.1066,55.2798],[-119.105,55.3241],[-119.0438,55.3731],[-118.9176,55.421]]],[[[-118.7763,55.8528],[-118.6658,55.7984],[-118.577,55.7978],[-118.4841,55.7625],[-118.5931,55.728],[-118.6734,55.6858],[-118.733,55.6784],[-118.752,55.6865],[-118.7701,55.7167],[-118.7656,55.7354],[-118.8328,55.7425],[-118.8103,55.7562],[-118.8133,55.7661],[-118.9757,55.8186],[-118.8638,55.8472],[-118.7763,55.8528]]],[[[-117.2733,56.3469],[-117.3414,56.2587],[-117.2999,56.2311],[-117.3084,56.1893],[-117.4002,56.1068],[-117.4254,56.1084],[-117.4215,56.126],[-117.4456,56.1291],[-117.5469,56.1025],[-117.6493,56.0603],[-117.6684,56.029],[-117.7407,56.0235],[-117.8882,55.9415],[-118.0075,55.9134],[-118.1858,55.9219],[-118.2618,55.911],[-118.3092,55.9249],[-118.3465,55.9058],[-118.4479,55.9002],[-118.5356,55.9242],[-118.6796,55.9317],[-118.7783,55.9507],[-118.6352,55.9341],[-118.6322,55.9589],[-118.6173,55.9621],[-118.6045,55.9981],[-118.6471,56.0255],[-118.6385,56.0297],[-118.6569,56.0534],[-118.7518,56.1079],[-118.7417,56.1126],[-118.6446,56.0711],[-118.451,56.1762],[-118.4423,56.1168],[-118.4583,56.1084],[-118.4503,56.0935],[-118.3097,56.054],[-118.0639,56.059],[-117.9076,56.1259],[-117.8573,56.122],[-117.8563,56.0933],[-117.831,56.0833],[-117.3787,56.2878],[-117.3186,56.3419],[-117.2733,56.3469]]]]}},{"type":"Feature","properties":{"key":"selwyn_lake_upland","name":"Selwyn Lake Upland","where":"north SK","sort":417,"ecozone":"Taiga Shield","ab_subregion":""},"geometry":{"type":"MultiPolygon","coordinates":[[[[-102.0184,57.9413],[-102.0689,57.9492],[-102.0628,57.9759],[-102.0738,58.0008],[-102.0527,58.0229],[-102.0014,58.0261],[-102.0014,57.9508],[-102.0184,57.9413]]],[[[-102.044,58.109],[-102.0513,58.0565],[-102.0827,58.0475],[-102.1208,58.058],[-102.1258,58.0727],[-102.2716,58.1092],[-102.3024,58.0538],[-102.3233,58.0694],[-102.3772,58.0574],[-102.3855,58.0713],[-102.3385,58.0741],[-102.3275,58.0895],[-102.3415,58.105],[-102.3613,58.1044],[-102.4189,58.0627],[-102.4959,58.0322],[-102.6213,57.904],[-102.7013,57.8645],[-102.7673,57.8806],[-102.8491,57.8435],[-102.8419,57.8745],[-102.8518,57.8776],[-102.8307,57.9065],[-102.8332,57.9797],[-102.8249,57.997],[-102.747,58.0295],[-102.7649,58.0321],[-102.7503,58.0527],[-102.7747,58.0663],[-102.742,58.1105],[-102.7989,58.1042],[-102.7759,58.1436],[-102.8015,58.1531],[-102.8149,58.1404],[-102.8358,58.1552],[-102.8469,58.1483],[-102.8449,58.1301],[-102.876,58.1203],[-102.9104,58.1281],[-102.9477,58.0956],[-102.9383,58.0636],[-102.9109,58.0547],[-102.898,58.0717],[-102.9146,58.0822],[-102.868,58.0906],[-102.9048,58.0427],[-102.9319,58.0388],[-102.9299,58.051],[-102.9557,58.0576],[-102.9864,58.0464],[-102.9666,58.0625],[-102.9751,58.0642],[-103.0413,58.0296],[-103.081,58.0392],[-103.1144,58.0325],[-103.1909,57.9881],[-103.2306,57.9327],[-103.3027,57.8951],[-103.3033,57.9749],[-103.268,58.0306],[-103.3103,58.0408],[-103.3213,58.0897],[-103.1464,58.1475],[-103.1185,58.1705],[-103.1428,58.2021],[-103.1315,58.238],[-103.0052,58.3031],[-102.9713,58.3465],[-102.9214,58.3734],[-102.9137,58.4068],[-102.948,58.4257],[-102.9372,58.4456],[-102.9561,58.4545],[-102.987,58.5075],[-103.0931,58.5001],[-103.0986,58.5103],[-103.0832,58.5223],[-103.1167,58.5212],[-103.1599,58.5064],[-103.1859,58.4669],[-103.2501,58.4307],[-103.36,58.3907],[-103.4159,58.3835],[-103.5497,58.4262],[-103.5395,58.4574],[-103.5588,58.5096],[-103.6017,58.5139],[-103.6091,58.5242],[-103.5965,58.5418],[-103.6277,58.5563],[-103.6111,58.5776],[-103.6854,58.5642],[-103.6641,58.624],[-103.7022,58.6685],[-103.7719,58.6672],[-103.7645,58.643],[-103.7962,58.6358],[-103.8117,58.6179],[-103.8766,58.5935],[-103.917,58.5962],[-103.8962,58.6075],[-103.9248,58.6195],[-103.9268,58.6459],[-103.8538,58.6863],[-103.9178,58.7183],[-103.9169,58.7272],[-103.9594,58.721],[-103.9542,58.7413],[-103.8347,58.8032],[-103.8217,58.8158],[-103.8607,58.816],[-103.7867,58.8871],[-103.7981,58.9052],[-103.8495,58.9277],[-103.8565,58.9507],[-103.9118,58.9646],[-103.9848,58.9487],[-103.8404,59.0354],[-103.8934,59.0336],[-103.8707,59.0474],[-103.8605,59.0837],[-103.9493,59.0834],[-104.0602,59.0539],[-104.1035,59.0588],[-104.0925,59.0764],[-104.1112,59.0817],[-104.0935,59.0931],[-104.1239,59.0981],[-104.18,59.0825],[-104.1445,59.1131],[-103.9704,59.1775],[-103.9397,59.2308],[-104.0859,59.2476],[-104.0836,59.2862],[-103.9774,59.308],[-103.9645,59.3367],[-103.9679,59.355],[-103.9809,59.3592],[-103.9703,59.3605],[-103.9778,59.3877],[-103.9998,59.4261],[-104.1144,59.468],[-104.119,59.4813],[-104.164,59.4913],[-104.1738,59.5074],[-104.2838,59.5078],[-104.3152,59.5302],[-104.4746,59.5067],[-104.6246,59.5236],[-104.7054,59.5069],[-104.6796,59.5735],[-104.6963,59.5777],[-104.7024,59.6039],[-104.7485,59.631],[-104.7485,59.6503],[-104.7798,59.6363],[-104.8221,59.657],[-104.8373,59.689],[-104.9563,59.6667],[-104.9872,59.694],[-104.9617,59.7149],[-104.9707,59.7299],[-105.0964,59.7003],[-105.2194,59.6436],[-105.3716,59.6411],[-105.4211,59.6769],[-105.4685,59.6702],[-105.5516,59.6931],[-105.742,59.7161],[-105.973,59.7123],[-106.0054,59.7247],[-106.0478,59.7089],[-106.2222,59.7059],[-106.3046,59.6854],[-106.3344,59.6926],[-106.3521,59.7132],[-106.3611,59.7262],[-106.3536,59.7526],[-106.4017,59.7373],[-106.4103,59.7529],[-106.3953,59.7646],[-106.4225,59.7878],[-106.4496,59.7818],[-106.4482,59.7693],[-106.5129,59.7351],[-106.5587,59.7295],[-106.5825,59.7005],[-106.5607,59.6919],[-106.6416,59.6758],[-106.6413,59.6424],[-106.6769,59.6364],[-106.7318,59.6683],[-106.7131,59.6842],[-106.7458,59.7263],[-106.7357,59.7747],[-106.8503,59.8209],[-107.0861,59.844],[-107.4193,59.8338],[-107.3442,59.8674],[-107.4787,59.8363],[-107.6462,59.8479],[-107.6653,59.8332],[-107.8529,59.8202],[-107.97,59.833],[-107.8737,59.8666],[-107.8313,59.9034],[-107.8258,59.9253],[-107.8101,59.9288],[-107.8234,59.9406],[-107.7797,59.9479],[-107.7097,60.0001],[-102.0016,60.0001],[-102.0014,58.1223],[-102.044,58.109]]]]}},{"type":"Feature","properties":{"key":"slave_river_lowland","name":"Slave River Lowland","where":"north AB","sort":118,"ecozone":"Boreal Plains","ab_subregion":""},"geometry":{"type":"Polygon","coordinates":[[[-113.044,59.9989],[-113.1149,60.0001],[-111.4841,59.9992],[-113.044,59.9989]]]}},{"type":"Feature","properties":{"key":"slave_river_lowland","name":"Slave River Lowland","where":"north AB","sort":118,"ecozone":"Boreal Plains","ab_subregion":"Athabasca Plain"},"geometry":{"type":"MultiPolygon","coordinates":[[[[-110.7713,58.6236],[-110.7172,58.6223],[-110.6625,58.5677],[-110.5852,58.5319],[-110.5728,58.4851],[-110.6042,58.4384],[-110.5799,58.3879],[-110.5891,58.372],[-110.6506,58.3387],[-110.7699,58.3196],[-110.8079,58.2333],[-110.8834,58.1657],[-110.8973,58.0643],[-110.9171,58.0429],[-110.9929,58.0227],[-111.2081,58.0249],[-111.2486,57.9929],[-111.2147,57.9463],[-111.2234,57.9059],[-111.2027,57.8966],[-111.0132,57.8761],[-110.7553,57.8912],[-110.7048,57.8746],[-110.8497,57.8317],[-110.923,57.8638],[-110.9777,57.8553],[-111.0028,57.8344],[-111.0542,57.842],[-111.1621,57.8289],[-111.0899,57.7533],[-110.9766,57.7588],[-110.8709,57.7141],[-110.8947,57.7044],[-110.9438,57.7199],[-110.9888,57.6861],[-110.9545,57.6275],[-111.0217,57.5705],[-111.0681,57.4634],[-111.1403,57.4519],[-111.1775,57.4832],[-111.1857,57.5116],[-111.2218,57.504],[-111.3243,57.5182],[-111.3435,57.5146],[-111.3667,57.4876],[-111.5626,57.4263],[-111.6454,57.4189],[-111.6766,57.4417],[-111.6986,57.4655],[-111.617,57.5271],[-111.5831,57.5681],[-111.5688,57.7398],[-111.546,57.8073],[-111.7597,57.9738],[-111.8235,58.0047],[-111.8994,58.0088],[-111.8876,58.0355],[-111.9056,58.0565],[-111.8947,58.1115],[-111.8246,58.1428],[-111.7124,58.227],[-111.7012,58.2411],[-111.7027,58.3061],[-111.6458,58.3448],[-111.5524,58.3175],[-111.515,58.2415],[-111.4861,58.2182],[-111.3791,58.1588],[-111.3532,58.1626],[-111.3477,58.178],[-111.4086,58.2236],[-111.4241,58.2563],[-111.4456,58.263],[-111.4636,58.3213],[-111.5159,58.3781],[-111.5118,58.3904],[-111.4098,58.3756],[-111.2758,58.3852],[-111.2535,58.3509],[-111.2023,58.3719],[-111.1051,58.3478],[-111.0338,58.3544],[-110.9773,58.3946],[-110.9239,58.4037],[-110.9064,58.4281],[-110.7944,58.4849],[-110.7616,58.544],[-110.7654,58.5823],[-110.7871,58.6077],[-110.7713,58.6236]]],[[[-111.1398,58.7144],[-111.1765,58.6996],[-111.1928,58.6994],[-111.194,58.7046],[-111.1398,58.7144]]]]}},{"type":"Feature","properties":{"key":"slave_river_lowland","name":"Slave River Lowland","where":"north AB","sort":118,"ecozone":"Boreal Plains","ab_subregion":"Central Mixedwood"},"geometry":{"type":"MultiPolygon","coordinates":[[[[-110.6839,57.8468],[-110.6753,57.7906],[-110.6941,57.7839],[-110.6882,57.7542],[-110.7148,57.72],[-110.9212,57.6447],[-111.0329,57.5382],[-111.0217,57.5705],[-110.9545,57.6275],[-110.9869,57.6884],[-110.9438,57.7199],[-110.8947,57.7044],[-110.8709,57.7141],[-110.9766,57.7588],[-111.0899,57.7533],[-111.1621,57.8289],[-111.0542,57.842],[-111.0028,57.8344],[-110.9777,57.8553],[-110.923,57.8638],[-110.8497,57.8317],[-110.7832,57.8456],[-110.7223,57.8749],[-110.7048,57.8746],[-110.6839,57.8468]]],[[[-111.0958,57.4206],[-111.1837,57.3632],[-111.3258,57.3158],[-111.4347,57.262],[-111.4995,57.1959],[-111.5268,57.1366],[-111.5762,57.0846],[-111.6239,57.1282],[-111.7318,57.2818],[-111.7411,57.3139],[-111.7553,57.4671],[-111.7434,57.632],[-111.7213,57.6943],[-111.7616,57.7526],[-111.7518,57.7998],[-111.761,57.8225],[-111.8185,57.8689],[-111.8637,57.9323],[-111.9832,58.0062],[-111.956,58.079],[-112.0348,58.1498],[-112.2152,58.2191],[-112.331,58.2463],[-112.6319,58.265],[-113.5938,58.1296],[-113.9699,58.0986],[-114.0938,58.1438],[-114.3458,58.1615],[-114.3679,58.1773],[-114.3674,58.1965],[-114.2485,58.2094],[-114.1854,58.2328],[-114.1785,58.2473],[-114.2823,58.3302],[-114.392,58.3841],[-114.4635,58.4004],[-114.5601,58.3937],[-114.5552,58.4766],[-114.5392,58.4958],[-114.4989,58.5109],[-114.5043,58.5436],[-114.5184,58.5521],[-114.6185,58.5455],[-114.5098,58.5927],[-113.8542,58.9474],[-113.7451,59.0957],[-113.7582,59.1511],[-113.7523,59.1889],[-113.7862,59.2512],[-113.7499,59.2367],[-113.6951,59.2758],[-113.6306,59.2834],[-113.425,59.2152],[-113.2479,59.2467],[-113.1326,59.2279],[-113.0997,59.2357],[-113.0784,59.265],[-113.0249,59.2658],[-113.0175,59.2936],[-112.9418,59.3381],[-112.6063,59.3577],[-112.2308,59.4341],[-112.1245,59.4106],[-112.0666,59.4652],[-111.9701,59.499],[-111.9137,59.4945],[-111.8872,59.4505],[-111.8139,59.4179],[-111.7907,59.3686],[-111.6452,59.3204],[-111.597,59.2855],[-111.5781,59.2572],[-111.5826,59.2307],[-111.562,59.159],[-111.5452,59.1624],[-111.5338,59.1947],[-111.4733,59.1641],[-111.4657,59.1409],[-111.5079,59.1039],[-111.4839,59.0602],[-111.4932,59.0396],[-111.5779,58.9757],[-111.604,58.9185],[-111.6538,58.9419],[-111.8671,58.9855],[-111.909,59.0312],[-111.9011,59.0467],[-111.9159,59.055],[-111.8896,59.1027],[-111.9124,59.1171],[-112.0074,59.1265],[-112.1146,59.1033],[-112.1722,59.1042],[-112.3025,59.1265],[-112.3191,59.1129],[-112.1634,59.0638],[-112.0282,59.0949],[-111.9963,59.0918],[-111.9812,59.0578],[-112.0856,59.0031],[-112.1084,58.9545],[-112.0945,58.9371],[-112.0101,58.9236],[-112.009,58.8867],[-112.1137,58.8606],[-112.3897,58.7494],[-112.4608,58.6847],[-112.4797,58.6171],[-112.4601,58.584],[-112.327,58.5254],[-112.3484,58.4738],[-112.336,58.4584],[-112.1279,58.3753],[-112.1396,58.3455],[-112.0928,58.3156],[-112.035,58.2952],[-112.003,58.3071],[-111.8922,58.2608],[-111.786,58.2652],[-111.7015,58.3044],[-111.7012,58.2411],[-111.7124,58.227],[-111.8246,58.1428],[-111.8947,58.1115],[-111.9056,58.0565],[-111.8876,58.0355],[-111.8994,58.0088],[-111.8235,58.0047],[-111.7597,57.9738],[-111.546,57.8073],[-111.5688,57.7398],[-111.5831,57.5681],[-111.617,57.5271],[-111.6986,57.4655],[-111.6766,57.4417],[-111.6454,57.4189],[-111.5626,57.4263],[-111.3667,57.4876],[-111.3435,57.5146],[-111.3243,57.5182],[-111.2218,57.504],[-111.1857,57.5116],[-111.1775,57.4832],[-111.1403,57.4519],[-111.0681,57.4634],[-111.0958,57.4206]]]]}},{"type":"Feature","properties":{"key":"slave_river_lowland","name":"Slave River Lowland","where":"north AB","sort":118,"ecozone":"Boreal Plains","ab_subregion":""},"geometry":{"type":"Polygon","coordinates":[[[-114.5555,58.3969],[-114.8371,58.4238],[-114.8451,58.4505],[-114.7706,58.4913],[-114.6185,58.5455],[-114.5144,58.5507],[-114.4989,58.5109],[-114.5392,58.4958],[-114.5552,58.4766],[-114.5555,58.3969]]]}},{"type":"Feature","properties":{"key":"slave_river_lowland","name":"Slave River Lowland","where":"north AB","sort":118,"ecozone":"Boreal Plains","ab_subregion":"Kazan Uplands"},"geometry":{"type":"MultiPolygon","coordinates":[[[[-110.6753,57.7906],[-110.6783,57.7731],[-110.6882,57.7542],[-110.6941,57.7839],[-110.6753,57.7906]]],[[[-111.4801,59.9498],[-111.4981,59.8616],[-111.4601,59.8056],[-111.4607,59.7249],[-111.378,59.5955],[-111.4138,59.3944],[-111.3216,59.3156],[-111.3245,59.3008],[-111.415,59.2612],[-111.3927,59.2403],[-111.3593,59.2328],[-111.3271,59.1881],[-111.389,59.1213],[-111.3897,59.0934],[-111.3647,59.04],[-111.371,59.0176],[-111.4526,58.901],[-111.3134,58.8178],[-111.1529,58.8195],[-111.109,58.8032],[-111.097,58.7806],[-111.1448,58.7126],[-111.1938,58.7045],[-111.2446,58.7311],[-111.1362,58.7663],[-111.1945,58.7821],[-111.1905,58.7961],[-111.3474,58.7708],[-111.4202,58.7918],[-111.5064,58.7844],[-111.5309,58.8127],[-111.5336,58.8416],[-111.554,58.8562],[-111.5379,58.8771],[-111.5717,58.8987],[-111.4049,58.9795],[-111.4086,59.0078],[-111.4268,59.0242],[-111.4018,59.0784],[-111.4247,59.111],[-111.3678,59.2046],[-111.4842,59.2353],[-111.4929,59.2654],[-111.3577,59.3062],[-111.3694,59.3252],[-111.4258,59.3326],[-111.422,59.3625],[-111.4662,59.4365],[-111.4099,59.5505],[-111.4162,59.5724],[-111.4001,59.6274],[-111.422,59.6509],[-111.4917,59.6674],[-111.5075,59.6853],[-111.5651,59.7068],[-111.4954,59.7955],[-111.6237,59.8713],[-111.5283,59.8935],[-111.4801,59.9498]]]]}},{"type":"Feature","properties":{"key":"slave_river_lowland","name":"Slave River Lowland","where":"north AB","sort":118,"ecozone":"Boreal Plains","ab_subregion":"Northern Mixedwood"},"geometry":{"type":"Polygon","coordinates":[[[-111.4832,59.9932],[-111.4765,59.9572],[-111.5038,59.9113],[-111.5514,59.8843],[-111.6237,59.8713],[-111.4954,59.7955],[-111.5651,59.7068],[-111.5075,59.6853],[-111.4917,59.6674],[-111.422,59.6509],[-111.4001,59.6274],[-111.3993,59.6044],[-111.4399,59.4788],[-111.4656,59.4481],[-111.4514,59.4202],[-111.5124,59.3944],[-111.5491,59.3591],[-111.577,59.3106],[-111.5781,59.2572],[-111.6452,59.3204],[-111.7907,59.3686],[-111.8139,59.4179],[-111.8872,59.4505],[-111.9075,59.492],[-111.9633,59.5001],[-112.082,59.4579],[-112.1245,59.4106],[-112.2308,59.4341],[-112.6063,59.3577],[-112.9418,59.3381],[-113.0175,59.2936],[-113.0249,59.2658],[-113.0784,59.265],[-113.0997,59.2357],[-113.1326,59.2279],[-113.2479,59.2467],[-113.425,59.2152],[-113.6306,59.2834],[-113.6951,59.2758],[-113.7499,59.2367],[-113.7862,59.2512],[-113.809,59.2878],[-113.7153,59.3261],[-113.6222,59.3359],[-113.5285,59.2839],[-113.4221,59.2519],[-113.3195,59.2671],[-113.2065,59.2624],[-113.1789,59.2696],[-113.1423,59.3215],[-113.0847,59.355],[-113.0723,59.4074],[-113.0791,59.466],[-113.0158,59.5162],[-113.01,59.5341],[-113.0704,59.6237],[-113.11,59.7009],[-113.1139,59.7335],[-113.0954,59.7455],[-113.0235,59.7387],[-113.0145,59.7499],[-113.02,59.772],[-113.1255,59.8565],[-113.1222,59.8765],[-113.0392,59.9192],[-113.0248,59.9404],[-113.082,59.994],[-113.1144,59.9989],[-111.4832,59.9932]]]}},{"type":"Feature","properties":{"key":"slave_river_lowland","name":"Slave River Lowland","where":"north AB","sort":118,"ecozone":"Boreal Plains","ab_subregion":"Peace-Athabasca Delta"},"geometry":{"type":"MultiPolygon","coordinates":[[[[-110.7399,58.6266],[-110.7172,58.6223],[-110.7421,58.6257],[-110.7399,58.6266]]],[[[-111.1765,58.6996],[-111.199,58.6891],[-111.1906,58.6741],[-111.1504,58.6666],[-111.1277,58.645],[-111.039,58.6688],[-110.7666,58.6412],[-110.751,58.6259],[-110.7871,58.6077],[-110.7654,58.5823],[-110.7679,58.519],[-110.7944,58.4849],[-110.9064,58.4281],[-110.9239,58.4037],[-110.9773,58.3946],[-111.0087,58.3659],[-111.0582,58.3485],[-111.1051,58.3478],[-111.2023,58.3719],[-111.2535,58.3509],[-111.2758,58.3852],[-111.4098,58.3756],[-111.5118,58.3904],[-111.5159,58.3781],[-111.4636,58.3213],[-111.4456,58.263],[-111.4241,58.2563],[-111.4086,58.2236],[-111.3477,58.178],[-111.365,58.1585],[-111.4861,58.2182],[-111.515,58.2415],[-111.5524,58.3175],[-111.6243,58.3453],[-111.6458,58.3448],[-111.7281,58.2879],[-111.786,58.2652],[-111.9193,58.2649],[-112.003,58.3071],[-112.035,58.2952],[-112.0928,58.3156],[-112.1396,58.3455],[-112.1279,58.3753],[-112.336,58.4584],[-112.3484,58.4738],[-112.327,58.5254],[-112.4601,58.584],[-112.4833,58.6331],[-112.4456,58.7066],[-112.3897,58.7494],[-112.1137,58.8606],[-112.009,58.8867],[-112.0101,58.9236],[-112.0945,58.9371],[-112.1084,58.9545],[-112.0856,59.0031],[-111.9812,59.0578],[-111.9963,59.0918],[-112.0282,59.0949],[-112.1634,59.0638],[-112.3191,59.1129],[-112.3025,59.1265],[-112.1722,59.1042],[-112.1146,59.1033],[-112.0074,59.1265],[-111.9124,59.1171],[-111.8896,59.1027],[-111.9159,59.055],[-111.9011,59.0467],[-111.909,59.0312],[-111.8671,58.9855],[-111.8131,58.9821],[-111.791,58.9631],[-111.7541,58.9647],[-111.5971,58.9195],[-111.5779,58.9757],[-111.4932,59.0396],[-111.4839,59.0602],[-111.5079,59.1039],[-111.4657,59.1409],[-111.4733,59.1641],[-111.5338,59.1947],[-111.5452,59.1624],[-111.562,59.159],[-111.5826,59.2307],[-111.577,59.3106],[-111.5229,59.3854],[-111.4697,59.4112],[-111.4322,59.3866],[-111.4258,59.3326],[-111.3753,59.3273],[-111.3574,59.3136],[-111.37,59.2959],[-111.4929,59.2654],[-111.4842,59.2353],[-111.3678,59.2046],[-111.4247,59.111],[-111.4018,59.0784],[-111.4268,59.0242],[-111.4086,59.0078],[-111.4049,58.9795],[-111.5715,58.898],[-111.5379,58.8771],[-111.554,58.8562],[-111.5336,58.8416],[-111.5224,58.7966],[-111.4995,58.7819],[-111.4202,58.7918],[-111.3474,58.7708],[-111.1967,58.7968],[-111.188,58.7791],[-111.1375,58.7698],[-111.2439,58.7344],[-111.1765,58.6996]]]]}},{"type":"Feature","properties":{"key":"tazin_lake_upland","name":"Tazin Lake Upland","where":"north AB / SK","sort":419,"ecozone":"Taiga Shield","ab_subregion":""},"geometry":{"type":"Polygon","coordinates":[[[-107.7097,60.0001],[-107.777,59.959],[-107.7797,59.9479],[-107.8234,59.9406],[-107.8101,59.9288],[-107.8258,59.9253],[-107.8313,59.9034],[-107.8737,59.8666],[-107.9679,59.8296],[-107.8529,59.8202],[-107.6653,59.8332],[-107.6418,59.8481],[-107.5717,59.8349],[-107.4787,59.8363],[-107.3442,59.8674],[-107.4193,59.8338],[-107.0861,59.844],[-106.8503,59.8209],[-106.7357,59.7747],[-106.7458,59.7263],[-106.7131,59.6842],[-106.7318,59.6683],[-106.6769,59.6364],[-106.6413,59.6424],[-106.6416,59.6758],[-106.5607,59.6919],[-106.5825,59.7005],[-106.5587,59.7295],[-106.5129,59.7351],[-106.4482,59.7693],[-106.4496,59.7818],[-106.4225,59.7878],[-106.3953,59.7646],[-106.4103,59.7529],[-106.4017,59.7373],[-106.3536,59.7526],[-106.3611,59.7262],[-106.3521,59.7132],[-106.3344,59.6926],[-106.3046,59.6854],[-106.2222,59.7059],[-106.0478,59.7089],[-106.0054,59.7247],[-105.973,59.7123],[-105.742,59.7161],[-105.5516,59.6931],[-105.4685,59.6702],[-105.4211,59.6769],[-105.3716,59.6411],[-105.2194,59.6436],[-105.0964,59.7003],[-104.9707,59.7299],[-104.9617,59.7149],[-104.9872,59.694],[-104.9563,59.6667],[-104.8373,59.689],[-104.8221,59.657],[-104.7798,59.6363],[-104.7485,59.6503],[-104.7485,59.631],[-104.7024,59.6039],[-104.6963,59.5777],[-104.6796,59.5735],[-104.7054,59.5069],[-104.6246,59.5236],[-104.4746,59.5067],[-104.3152,59.5302],[-104.2838,59.5078],[-104.1738,59.5074],[-104.164,59.4913],[-104.119,59.4813],[-104.1144,59.468],[-103.9998,59.4261],[-103.9712,59.3678],[-103.9809,59.3592],[-103.9654,59.3509],[-103.9665,59.326],[-103.9847,59.3017],[-104.0836,59.2862],[-104.0872,59.2497],[-103.9482,59.2377],[-103.9415,59.2206],[-103.9704,59.1775],[-104.1445,59.1131],[-104.1804,59.086],[-104.175,59.0795],[-104.3485,59.0508],[-104.3707,59.058],[-104.3514,59.0653],[-104.3708,59.0853],[-104.3918,59.0895],[-104.3239,59.0863],[-104.3164,59.0925],[-104.3317,59.0959],[-104.3022,59.108],[-104.3052,59.1245],[-104.3849,59.1051],[-104.4392,59.1225],[-104.4283,59.136],[-104.3304,59.1529],[-104.4729,59.1602],[-104.4596,59.1817],[-104.5978,59.1809],[-104.6241,59.1894],[-104.6243,59.2091],[-104.8037,59.1761],[-104.9147,59.178],[-104.9694,59.1591],[-105.0015,59.1643],[-105.0646,59.219],[-105.1767,59.1935],[-105.3264,59.1829],[-105.3313,59.1627],[-105.3577,59.1488],[-105.5168,59.1308],[-105.5379,59.1382],[-105.5574,59.1881],[-105.577,59.2021],[-105.5417,59.2335],[-105.5773,59.2428],[-105.6692,59.2384],[-105.7662,59.2569],[-105.9799,59.269],[-106.1739,59.2687],[-106.3885,59.249],[-106.4507,59.2644],[-106.5252,59.252],[-106.6621,59.2642],[-106.6907,59.2739],[-106.683,59.2935],[-107.3336,59.3127],[-107.7003,59.3713],[-107.9817,59.3375],[-108.2723,59.278],[-108.5858,59.2337],[-109.08,59.1899],[-109.1733,59.3107],[-109.1902,59.4207],[-109.185,59.5431],[-109.4324,59.5275],[-109.5207,59.5064],[-109.5759,59.4863],[-109.7791,59.3497],[-109.8229,59.3316],[-109.9434,59.3252],[-110.0062,59.2967],[-110.0064,59.9996],[-111.4842,60.0001],[-107.7097,60.0001]]]}},{"type":"Feature","properties":{"key":"tazin_lake_upland","name":"Tazin Lake Upland","where":"north AB / SK","sort":419,"ecozone":"Taiga Shield","ab_subregion":"Athabasca Plain"},"geometry":{"type":"Polygon","coordinates":[[[-110.0062,59.3173],[-110.031,59.2686],[-110.2743,59.141],[-110.5126,59.0496],[-110.7296,58.9068],[-110.8213,58.8109],[-111.0976,58.712],[-111.143,58.7088],[-111.1054,58.7235],[-111.1147,58.7314],[-111.0639,58.7384],[-111.0395,58.7586],[-111.0463,58.7654],[-111.0218,58.7762],[-110.9613,58.7797],[-110.8257,58.8285],[-110.8156,58.8898],[-110.7204,58.9496],[-110.6984,58.9365],[-110.7114,58.9579],[-110.7012,58.987],[-110.5328,59.1277],[-110.4985,59.1319],[-110.4829,59.1202],[-110.4421,59.1269],[-110.433,59.1394],[-110.4057,59.1231],[-110.3453,59.14],[-110.2728,59.1817],[-110.1887,59.2086],[-110.1358,59.2574],[-110.0062,59.3173]]]}},{"type":"Feature","properties":{"key":"tazin_lake_upland","name":"Tazin Lake Upland","where":"north AB / SK","sort":419,"ecozone":"Taiga Shield","ab_subregion":"Kazan Uplands"},"geometry":{"type":"Polygon","coordinates":[[[-111.1398,58.7144],[-111.097,58.7806],[-111.1239,58.8116],[-111.3134,58.8178],[-111.4526,58.901],[-111.371,59.0176],[-111.3647,59.04],[-111.3897,59.0934],[-111.389,59.1213],[-111.3271,59.1881],[-111.3593,59.2328],[-111.3927,59.2403],[-111.415,59.2612],[-111.3245,59.3008],[-111.3216,59.3156],[-111.4128,59.3906],[-111.378,59.5955],[-111.3892,59.6252],[-111.4517,59.6987],[-111.4601,59.8056],[-111.4981,59.8616],[-111.4938,59.9169],[-111.4746,59.9546],[-111.3558,59.9822],[-111.4598,59.9992],[-110.0064,59.9996],[-110.0062,59.3173],[-110.1358,59.2574],[-110.1887,59.2086],[-110.2728,59.1817],[-110.3453,59.14],[-110.4057,59.1231],[-110.433,59.1394],[-110.4421,59.1269],[-110.4829,59.1202],[-110.4985,59.1319],[-110.5328,59.1277],[-110.7012,58.987],[-110.7114,58.9579],[-110.6984,58.9365],[-110.7204,58.9496],[-110.8156,58.8898],[-110.8257,58.8285],[-110.9613,58.7797],[-111.0218,58.7762],[-111.0463,58.7654],[-111.0395,58.7586],[-111.0639,58.7384],[-111.1147,58.7314],[-111.1054,58.7235],[-111.1398,58.7144]]]}},{"type":"Feature","properties":{"key":"tazin_lake_upland","name":"Tazin Lake Upland","where":"north AB / SK","sort":419,"ecozone":"Taiga Shield","ab_subregion":""},"geometry":{"type":"Polygon","coordinates":[[[-111.4801,59.9498],[-111.4841,59.9992],[-111.3558,59.9822],[-111.4801,59.9498]]]}},{"type":"Feature","properties":{"key":"wabasca_lowland","name":"Wabasca Lowland","where":"north AB","sort":120,"ecozone":"Boreal Plains","ab_subregion":"Central Mixedwood"},"geometry":{"type":"Polygon","coordinates":[[[-114.6713,58.3745],[-114.4635,58.4004],[-114.392,58.3841],[-114.2823,58.3302],[-114.1785,58.2473],[-114.1854,58.2328],[-114.2485,58.2094],[-114.3674,58.1965],[-114.3679,58.1773],[-114.3458,58.1615],[-114.0938,58.1438],[-113.9699,58.0986],[-113.5938,58.1296],[-112.7394,58.2534],[-112.5669,58.2661],[-112.2727,58.2346],[-112.0917,58.1762],[-111.997,58.1186],[-112.0516,58.1434],[-112.1574,58.1597],[-112.3667,58.1728],[-112.6042,58.1679],[-112.9392,58.1261],[-112.9525,58.1043],[-112.9171,58.0987],[-112.9523,58.0923],[-112.9483,58.0762],[-113.0619,58.066],[-113.1345,58.0445],[-113.4168,57.9117],[-113.4513,57.8828],[-113.453,57.8727],[-113.4354,57.8674],[-113.4814,57.8545],[-113.5447,57.8107],[-113.5055,57.7771],[-113.5663,57.7952],[-113.6151,57.785],[-113.6728,57.8022],[-113.7248,57.7983],[-113.9597,57.6996],[-114.0161,57.6661],[-114.02,57.6151],[-113.9985,57.5893],[-113.9561,57.5743],[-114.0239,57.5513],[-114.0962,57.551],[-114.107,57.5088],[-114.1508,57.5099],[-114.1549,57.4844],[-114.1881,57.4675],[-114.1676,57.4527],[-114.2638,57.4265],[-114.2444,57.4194],[-114.2708,57.3884],[-114.2993,57.3768],[-114.3033,57.3449],[-114.3414,57.3043],[-114.4454,57.2653],[-114.4333,57.2484],[-114.4473,57.2421],[-114.4833,57.2506],[-114.4843,57.2311],[-114.4688,57.2255],[-114.4915,57.2146],[-114.5969,57.1807],[-114.6326,57.1803],[-114.5708,57.1375],[-114.4706,57.1146],[-114.4943,57.1112],[-114.5037,57.0968],[-114.4899,57.0777],[-114.4708,57.0863],[-114.4854,57.0494],[-114.4909,57.0671],[-114.5258,57.0777],[-114.5228,57.0606],[-114.5345,57.0525],[-114.5146,57.0399],[-114.5074,57.0044],[-114.5204,56.9816],[-114.4703,56.9791],[-114.4504,57.0054],[-114.4372,56.9821],[-114.3785,56.9744],[-114.4021,57.018],[-114.4495,57.0135],[-114.4737,57.0295],[-114.4684,57.0475],[-114.3598,57.0278],[-114.3658,57.0201],[-114.3483,57.016],[-114.2897,57.0173],[-114.271,57.0377],[-114.1697,57.0419],[-114.1022,57.0283],[-114.0955,57.0175],[-114.0462,57.0428],[-113.97,57.0264],[-113.9312,57.0441],[-113.9216,57.0363],[-113.945,57.0269],[-113.8928,57.0256],[-113.8915,57.0166],[-113.8488,57.0716],[-113.8369,57.0607],[-113.8505,57.0502],[-113.8497,57.032],[-113.7984,57.0286],[-113.8232,57.0162],[-113.786,57.0204],[-113.7877,57.0097],[-113.7585,56.994],[-113.7375,57.011],[-113.7078,57.0127],[-113.7107,57.0033],[-113.6839,57.0153],[-113.6709,57.0078],[-113.6853,56.9907],[-113.6705,56.9726],[-113.6266,56.9724],[-113.5006,57.013],[-113.431,56.9884],[-113.2745,57.0547],[-113.193,57.0727],[-113.1459,57.0616],[-113.1333,57.0732],[-113.1459,57.0814],[-113.0357,57.1168],[-113.0289,57.1334],[-112.9754,57.1324],[-112.927,57.1619],[-112.8687,57.1717],[-112.8751,57.1864],[-112.8463,57.1894],[-112.7553,57.2371],[-112.6973,57.2438],[-112.7257,57.2178],[-112.714,57.2086],[-112.5928,57.2283],[-112.5849,57.2447],[-112.5248,57.2593],[-112.4991,57.2526],[-112.5055,57.2241],[-112.5317,57.2142],[-112.459,57.2109],[-112.4471,57.226],[-112.4202,57.2139],[-112.385,57.2349],[-112.3033,57.2537],[-112.305,57.2689],[-112.2233,57.271],[-112.2138,57.3073],[-112.1952,57.3328],[-112.1516,57.3575],[-112.1597,57.3628],[-112.1518,57.3762],[-112.1266,57.3695],[-112.0141,57.3908],[-111.9228,57.4262],[-111.7759,57.5767],[-111.7427,57.6293],[-111.7556,57.4201],[-111.7318,57.2818],[-111.6239,57.1282],[-111.5102,57.027],[-111.4778,56.9685],[-111.4014,56.7596],[-111.2838,56.7234],[-111.1496,56.7052],[-110.8573,56.7179],[-110.6828,56.7494],[-110.681,56.7316],[-110.7634,56.648],[-110.8184,56.5442],[-110.8758,56.5098],[-110.9568,56.4967],[-111.0649,56.508],[-111.1989,56.4965],[-111.3462,56.4184],[-111.5009,56.314],[-111.6934,56.2741],[-111.8459,56.1954],[-111.9201,56.1763],[-111.9035,56.1481],[-111.9426,56.1165],[-111.9761,56.1118],[-111.9745,56.0928],[-112.1112,55.9821],[-112.2918,55.7916],[-112.2833,55.7806],[-112.2469,55.784],[-112.243,55.7537],[-112.2286,55.7434],[-112.45,55.7047],[-112.6077,55.6559],[-112.6427,55.6101],[-112.6442,55.5887],[-112.6402,55.5733],[-112.6164,55.5609],[-112.6174,55.5407],[-112.5926,55.5325],[-112.5698,55.4992],[-112.5218,55.4924],[-112.5024,55.4682],[-112.352,55.4186],[-112.1091,55.2762],[-112.0913,55.238],[-112.1606,55.1855],[-112.1539,55.1519],[-112.384,55.2397],[-112.6058,55.2818],[-112.6841,55.2823],[-112.7137,55.2703],[-112.7431,55.3685],[-112.7627,55.3958],[-112.8226,55.4375],[-113.0071,55.5267],[-113.052,55.5709],[-113.0712,55.6322],[-113.0932,55.66],[-113.1848,55.696],[-113.45,55.7011],[-113.5838,55.7198],[-113.6857,55.7145],[-113.866,55.6801],[-113.9685,55.6851],[-114.0011,55.6679],[-114.0164,55.6778],[-114.0633,55.6663],[-114.0961,55.6954],[-114.0906,55.7417],[-114.1132,55.7742],[-114.0907,55.8092],[-114.1031,55.8439],[-114.1414,55.8518],[-114.2336,55.8386],[-114.3403,55.8762],[-114.4841,55.8783],[-114.4918,55.8934],[-114.465,55.9325],[-114.4695,55.9456],[-114.6113,56.0296],[-114.5917,56.0729],[-114.605,56.0957],[-114.6436,56.0872],[-114.6879,56.0475],[-114.7177,56.0479],[-114.7694,56.1054],[-114.8217,56.1406],[-115.0111,56.1371],[-115.1641,56.1958],[-115.2041,56.24],[-115.2355,56.2513],[-115.3172,56.2485],[-115.3871,56.2712],[-115.44,56.2732],[-115.7665,56.2523],[-115.9118,56.266],[-115.9385,56.2808],[-115.9543,56.3095],[-116.2019,56.3415],[-116.2767,56.3698],[-116.4944,56.4154],[-116.5258,56.478],[-116.5651,56.5031],[-116.5341,56.5308],[-116.5543,56.5539],[-116.5559,56.5883],[-116.3923,56.577],[-116.3029,56.5457],[-116.1054,56.5617],[-115.9734,56.5345],[-115.8556,56.564],[-115.7474,56.6393],[-115.694,56.6974],[-115.6633,56.7482],[-115.6521,56.828],[-115.5898,56.9201],[-115.6014,56.9927],[-115.5841,57.0243],[-115.5929,57.0521],[-115.5831,57.1252],[-115.538,57.1716],[-115.5587,57.2737],[-115.5075,57.4281],[-115.5344,57.4699],[-115.5996,57.5259],[-115.5704,57.5287],[-115.6055,57.5361],[-115.6106,57.5579],[-115.5331,57.5476],[-115.5017,57.5803],[-115.4555,57.5775],[-115.4401,57.5891],[-115.4397,57.6692],[-115.42,57.7262],[-115.385,57.7765],[-115.383,57.8041],[-115.4159,57.8381],[-115.4355,57.8509],[-115.5225,57.8602],[-115.5837,57.9245],[-115.7108,57.9309],[-115.8516,57.9639],[-115.9578,57.9564],[-116.027,57.9811],[-116.1789,57.9955],[-116.1253,58.0905],[-115.9892,58.1399],[-115.8598,58.2233],[-115.8279,58.2322],[-115.5817,58.2422],[-115.5282,58.2613],[-115.4213,58.2201],[-115.3887,58.2207],[-115.1816,58.2893],[-114.8834,58.3132],[-114.7694,58.3368],[-114.6713,58.3745]],[[-114.7912,56.9283],[-114.8943,56.8661],[-114.9104,56.8091],[-114.9026,56.7847],[-114.9205,56.7804],[-114.9442,56.736],[-114.9391,56.7265],[-114.9059,56.7359],[-114.8965,56.7009],[-114.9359,56.6832],[-114.932,56.6623],[-114.9627,56.6616],[-114.9498,56.6332],[-114.9609,56.5973],[-114.9762,56.5964],[-114.9514,56.5757],[-114.9488,56.5317],[-114.9231,56.5134],[-114.9604,56.5069],[-114.9478,56.492],[-114.9757,56.4717],[-114.9762,56.4522],[-114.9449,56.4324],[-114.856,56.4278],[-114.8406,56.4127],[-114.8605,56.415],[-114.8561,56.3991],[-114.8366,56.385],[-114.8518,56.3732],[-114.8479,56.346],[-114.8166,56.3133],[-114.7637,56.2909],[-114.7617,56.2594],[-114.745,56.2464],[-114.7181,56.2791],[-114.5762,56.2747],[-114.564,56.2846],[-114.5806,56.2951],[-114.528,56.3165],[-114.5396,56.2984],[-114.5163,56.3048],[-114.468,56.2892],[-114.4449,56.3022],[-114.4558,56.3099],[-114.3174,56.3051],[-114.1561,56.3479],[-114.1079,56.3462],[-114.0854,56.3651],[-114.0964,56.3781],[-114.0277,56.4315],[-113.9632,56.5095],[-113.9534,56.5041],[-113.9377,56.5206],[-113.942,56.5481],[-113.9583,56.5324],[-113.9346,56.5958],[-113.9219,56.6183],[-113.8651,56.6537],[-113.9282,56.685],[-113.9505,56.7404],[-114.0019,56.7769],[-114.1748,56.8557],[-114.2064,56.857],[-114.2352,56.836],[-114.1929,56.8037],[-114.2042,56.7867],[-114.2238,56.794],[-114.2169,56.7813],[-114.2284,56.7746],[-114.2648,56.8013],[-114.3483,56.8275],[-114.5147,56.8391],[-114.6879,56.8796],[-114.7912,56.9283]]]}},{"type":"Feature","properties":{"key":"wabasca_lowland","name":"Wabasca Lowland","where":"north AB","sort":120,"ecozone":"Boreal Plains","ab_subregion":""},"geometry":{"type":"MultiPolygon","coordinates":[[[[-116.5752,56.5072],[-116.5566,56.5262],[-116.5543,56.5539],[-116.5341,56.5308],[-116.5651,56.5031],[-116.5752,56.5072]]],[[[-116.1689,58.0012],[-116.3189,57.9834],[-116.5011,58.0073],[-116.3359,58.0634],[-116.0769,58.1149],[-116.1253,58.0905],[-116.1474,58.0401],[-116.1714,58.017],[-116.1689,58.0012]]],[[[-115.4786,58.265],[-115.4123,58.2357],[-115.3716,58.2272],[-115.4213,58.2201],[-115.5092,58.2588],[-115.5397,58.258],[-115.4786,58.265]]],[[[-114.5601,58.3937],[-114.6713,58.3745],[-114.7694,58.3368],[-114.8834,58.3132],[-115.1816,58.2893],[-114.8671,58.3543],[-114.7213,58.4068],[-114.5601,58.3937]]],[[[-115.5659,58.2479],[-115.5948,58.2421],[-115.5471,58.2555],[-115.5659,58.2479]]]]}},{"type":"Feature","properties":{"key":"wabasca_lowland","name":"Wabasca Lowland","where":"north AB","sort":120,"ecozone":"Boreal Plains","ab_subregion":"Lower Boreal Highlands"},"geometry":{"type":"MultiPolygon","coordinates":[[[[-114.6728,56.2837],[-114.564,56.2846],[-114.5762,56.2747],[-114.6728,56.2837]]],[[[-114.5232,56.3181],[-114.1731,56.343],[-114.3174,56.3051],[-114.4558,56.3099],[-114.4449,56.3022],[-114.468,56.2892],[-114.5163,56.3048],[-114.5407,56.2998],[-114.5232,56.3181]]],[[[-114.684,56.2763],[-114.6906,56.2789],[-114.6838,56.2807],[-114.684,56.2763]]],[[[-114.7181,56.2791],[-114.745,56.2464],[-114.7617,56.2594],[-114.7637,56.2909],[-114.833,56.3243],[-114.8518,56.3732],[-114.8369,56.3801],[-114.8302,56.3402],[-114.8117,56.3254],[-114.7181,56.2791]]],[[[-114.8419,56.3872],[-114.8557,56.3985],[-114.8605,56.415],[-114.84,56.4122],[-114.8419,56.3872]]],[[[-114.9089,56.5647],[-114.9139,56.5266],[-114.9271,56.507],[-114.9484,56.4922],[-114.9604,56.5069],[-114.9231,56.5134],[-114.9504,56.5344],[-114.9427,56.5441],[-114.9582,56.5873],[-114.976,56.5932],[-114.9609,56.5973],[-114.9498,56.6332],[-114.9627,56.6616],[-114.932,56.6623],[-114.9359,56.6832],[-114.8965,56.7009],[-114.926,56.6127],[-114.9089,56.5647]]],[[[-114.9,56.707],[-114.8958,56.7126],[-114.8964,56.7033],[-114.9,56.707]]],[[[-115.9642,56.5428],[-115.994,56.5374],[-115.9977,56.5435],[-115.9642,56.5428]]],[[[-116.0745,56.5586],[-116.1039,56.5566],[-116.1054,56.5617],[-116.0745,56.5586]]],[[[-114.9017,56.7158],[-114.9059,56.7359],[-114.9439,56.7318],[-114.9158,56.7841],[-114.9026,56.7847],[-114.9017,56.7158]]],[[[-116.2547,56.5473],[-116.2373,56.5511],[-116.2317,56.5524],[-116.246,56.5469],[-116.2547,56.5473]]],[[[-116.1972,56.5583],[-116.2132,56.5569],[-116.1944,56.5596],[-116.1972,56.5583]]],[[[-114.9032,56.7903],[-114.9098,56.8113],[-114.8996,56.8238],[-114.9032,56.7903]]],[[[-114.8914,56.8527],[-114.8943,56.8661],[-114.8781,56.8802],[-114.8914,56.8527]]],[[[-115.5982,57.5356],[-115.5725,57.5297],[-115.5704,57.5265],[-115.5996,57.5259],[-115.5982,57.5356]]],[[[-115.5017,57.5803],[-115.5331,57.5476],[-115.6106,57.5579],[-115.5924,57.5852],[-115.5673,57.5929],[-115.5017,57.5803]]],[[[-112.5553,55.5435],[-112.352,55.4186],[-112.5024,55.4682],[-112.5218,55.4924],[-112.5698,55.4992],[-112.5926,55.5325],[-112.6174,55.5407],[-112.6164,55.5609],[-112.6402,55.5733],[-112.6427,55.6101],[-112.633,55.6169],[-112.5553,55.5435]]],[[[-112.3831,55.7163],[-112.3568,55.7257],[-112.3464,55.722],[-112.3831,55.7163]]],[[[-112.3436,55.7225],[-112.3184,55.7309],[-112.3124,55.7273],[-112.3436,55.7225]]],[[[-114.0893,56.3723],[-114.1079,56.3462],[-114.1614,56.3469],[-114.0964,56.3781],[-114.0893,56.3723]]],[[[-113.9632,56.5095],[-113.9431,56.5487],[-113.9323,56.529],[-113.9534,56.5041],[-113.9632,56.5095]]],[[[-113.8687,56.6565],[-113.8728,56.6396],[-113.9008,56.6332],[-113.8823,56.6548],[-113.8687,56.6565]]],[[[-113.9047,56.6785],[-113.8934,56.6704],[-113.9132,56.6774],[-113.9047,56.6785]]],[[[-113.9323,56.6999],[-113.9231,56.6928],[-113.9282,56.685],[-113.9367,56.6911],[-113.9323,56.6999]]],[[[-114.2186,56.7788],[-114.2255,56.7923],[-114.2172,56.7953],[-114.2042,56.7867],[-114.2117,56.7692],[-114.2284,56.7746],[-114.2186,56.7788]]],[[[-114.1889,56.8077],[-114.2352,56.836],[-114.214,56.8418],[-114.1889,56.8077]]],[[[-113.85,57.0713],[-113.8915,57.0166],[-113.8928,57.0256],[-113.945,57.0269],[-113.9216,57.0363],[-113.929,57.0439],[-113.97,57.0264],[-114.0462,57.0428],[-113.85,57.0713]]],[[[-114.0503,57.0406],[-114.0955,57.0175],[-114.1022,57.0283],[-114.1697,57.0419],[-114.0503,57.0406]]],[[[-114.1743,57.0418],[-114.1772,57.0415],[-114.1793,57.0417],[-114.1743,57.0418]]],[[[-114.2133,57.0405],[-114.2326,57.0332],[-114.2622,57.0373],[-114.2133,57.0405]]],[[[-114.4362,57.1164],[-114.3414,57.053],[-114.2681,57.0297],[-114.2906,57.0171],[-114.3483,57.016],[-114.3658,57.0201],[-114.3598,57.0278],[-114.4684,57.0475],[-114.4737,57.0295],[-114.4495,57.0135],[-114.4021,57.018],[-114.3785,56.9744],[-114.4372,56.9821],[-114.4504,57.0054],[-114.4703,56.9791],[-114.5204,56.9816],[-114.5074,57.0044],[-114.5121,57.0348],[-114.5347,57.0535],[-114.5181,57.0802],[-114.4824,57.0516],[-114.4708,57.0863],[-114.4899,57.0777],[-114.5037,57.0968],[-114.4735,57.1197],[-114.5708,57.1375],[-114.5852,57.1567],[-114.6333,57.1791],[-114.5969,57.1807],[-114.5862,57.1582],[-114.5482,57.1405],[-114.4362,57.1164]]],[[[-112.7117,58.1492],[-113.1703,57.9746],[-113.2996,57.9067],[-113.3425,57.8603],[-113.3768,57.7514],[-113.4273,57.7415],[-113.5436,57.7715],[-113.5978,57.7632],[-113.7113,57.7301],[-113.852,57.6623],[-113.8703,57.6285],[-113.8414,57.5622],[-114.0753,57.5009],[-114.0763,57.4886],[-114.0472,57.467],[-114.2142,57.4083],[-114.347,57.2591],[-114.4915,57.2146],[-114.4688,57.2255],[-114.4843,57.2311],[-114.4833,57.2506],[-114.4473,57.2421],[-114.4333,57.2484],[-114.4454,57.2653],[-114.3396,57.3056],[-114.3033,57.3449],[-114.2993,57.3768],[-114.2708,57.3884],[-114.2444,57.4194],[-114.2638,57.4265],[-114.1676,57.4527],[-114.1881,57.4675],[-114.1549,57.4844],[-114.1508,57.5099],[-114.107,57.5088],[-114.0972,57.5504],[-114.0239,57.5513],[-113.9561,57.5743],[-113.9985,57.5893],[-114.02,57.6151],[-114.0161,57.6661],[-113.9889,57.6848],[-113.7248,57.7983],[-113.6728,57.8022],[-113.6151,57.785],[-113.5663,57.7952],[-113.5055,57.7771],[-113.5447,57.8107],[-113.4814,57.8545],[-113.4374,57.8659],[-113.453,57.8727],[-113.4499,57.8844],[-113.3737,57.9363],[-113.2485,57.9823],[-113.1345,58.0445],[-113.0619,58.066],[-112.9483,58.0762],[-112.9523,58.0923],[-112.9171,58.0987],[-112.9525,58.1043],[-112.9429,58.1085],[-112.9545,58.113],[-112.9467,58.1243],[-112.7117,58.1492]]],[[[-112.303,55.7281],[-112.2865,55.7346],[-112.2812,55.7302],[-112.303,55.7281]]],[[[-112.219,55.754],[-112.243,55.7537],[-112.2404,55.7788],[-112.219,55.754]]],[[[-112.2469,55.784],[-112.2924,55.7907],[-112.257,55.8206],[-112.2469,55.784]]],[[[-112.1764,55.9076],[-112.1792,55.9053],[-112.179,55.9068],[-112.1764,55.9076]]],[[[-112.1679,55.9186],[-112.1623,55.9207],[-112.1677,55.9147],[-112.1679,55.9186]]],[[[-112.1559,55.9291],[-112.1594,55.9245],[-112.1606,55.9268],[-112.1559,55.9291]]],[[[-112.1528,55.9333],[-112.1512,55.9368],[-112.1498,55.9372],[-112.1528,55.9333]]],[[[-111.9805,56.1047],[-111.9584,56.1184],[-111.9426,56.1165],[-111.9745,56.0928],[-111.9805,56.1047]]],[[[-111.7753,56.2083],[-111.9151,56.1375],[-111.903,56.1506],[-111.9214,56.1752],[-111.8966,56.1881],[-111.8459,56.1954],[-111.6934,56.2741],[-111.4915,56.3188],[-111.6253,56.2581],[-111.7753,56.2083]]],[[[-111.4881,56.3206],[-111.4555,56.3479],[-111.4435,56.3451],[-111.4881,56.3206]]],[[[-111.4271,56.3569],[-111.4069,56.378],[-111.3994,56.3782],[-111.4271,56.3569]]],[[[-111.3972,56.3799],[-111.3916,56.3877],[-111.3883,56.3868],[-111.3972,56.3799]]],[[[-113.7742,57.0233],[-113.4823,57.029],[-113.3482,57.0655],[-113.2618,57.0737],[-112.3688,57.3669],[-112.3309,57.3648],[-112.3073,57.3462],[-112.2413,57.352],[-112.1395,57.3831],[-112.0817,57.3828],[-112.1266,57.3695],[-112.1518,57.3762],[-112.1597,57.3628],[-112.1516,57.3575],[-112.1952,57.3328],[-112.2138,57.3073],[-112.2257,57.2697],[-112.2388,57.2777],[-112.2564,57.2664],[-112.305,57.2689],[-112.3018,57.2547],[-112.3388,57.238],[-112.377,57.2376],[-112.4248,57.213],[-112.4471,57.226],[-112.4678,57.2099],[-112.5319,57.2143],[-112.503,57.2271],[-112.4991,57.2526],[-112.5248,57.2593],[-112.5849,57.2447],[-112.5928,57.2283],[-112.714,57.2086],[-112.7257,57.2178],[-112.6973,57.2438],[-112.7553,57.2371],[-112.8463,57.1894],[-112.8751,57.1864],[-112.8687,57.1717],[-112.927,57.1619],[-112.9754,57.1324],[-113.0289,57.1334],[-113.0357,57.1168],[-113.1459,57.0814],[-113.1333,57.0732],[-113.1459,57.0616],[-113.193,57.0727],[-113.2745,57.0547],[-113.431,56.9884],[-113.5006,57.013],[-113.6266,56.9724],[-113.6705,56.9726],[-113.6853,56.9907],[-113.6709,57.0078],[-113.6839,57.0153],[-113.7107,57.0033],[-113.7078,57.0127],[-113.7375,57.011],[-113.7585,56.994],[-113.7877,57.0097],[-113.786,57.0204],[-113.8232,57.0162],[-113.7984,57.0286],[-113.8497,57.032],[-113.8505,57.0502],[-113.8369,57.0607],[-113.8488,57.0716],[-113.8177,57.0643],[-113.7742,57.0233]]],[[[-112.6092,58.1656],[-112.5911,58.1674],[-112.5847,58.1665],[-112.6092,58.1656]]],[[[-112.6793,58.1555],[-112.6595,58.1603],[-112.6322,58.1624],[-112.6793,58.1555]]]]}},{"type":"Feature","properties":{"key":"wabasca_lowland","name":"Wabasca Lowland","where":"north AB","sort":120,"ecozone":"Boreal Plains","ab_subregion":""},"geometry":{"type":"MultiPolygon","coordinates":[[[[-113.8617,55.6809],[-113.8599,55.6828],[-113.8497,55.6832],[-113.8617,55.6809]]],[[[-114.0125,55.6547],[-114.0666,55.6718],[-114.0164,55.6778],[-114.0011,55.6679],[-113.9659,55.6852],[-113.866,55.6801],[-114.0125,55.6547]]],[[[-114.0801,55.6757],[-114.0767,55.6747],[-114.0745,55.6719],[-114.0801,55.6757]]]]}},{"type":"Feature","properties":{"key":"western_alberta_upland","name":"Western Alberta Upland","where":"central AB","sort":121,"ecozone":"Boreal Plains","ab_subregion":""},"geometry":{"type":"MultiPolygon","coordinates":[[[[-115.6371,51.9194],[-115.6363,51.9164],[-115.6386,51.9175],[-115.6371,51.9194]]],[[[-115.8082,51.9971],[-115.8084,51.9988],[-115.8078,51.9976],[-115.8082,51.9971]]],[[[-115.8221,52.0072],[-115.8212,52.0062],[-115.8234,52.0077],[-115.8221,52.0072]]],[[[-115.9435,52.102],[-115.9307,52.0988],[-115.9306,52.0944],[-115.9435,52.102]]],[[[-115.9474,52.105],[-115.9468,52.1047],[-115.9456,52.1036],[-115.9474,52.105]]],[[[-116.2584,52.2277],[-116.226,52.2314],[-116.1591,52.1984],[-116.2142,52.2209],[-116.2584,52.2277]]],[[[-116.3601,52.2062],[-116.3664,52.208],[-116.3636,52.2092],[-116.3601,52.2062]]],[[[-116.2661,52.2353],[-116.2798,52.2279],[-116.2842,52.2317],[-116.2661,52.2353]]],[[[-116.3888,52.2149],[-116.3789,52.2145],[-116.3803,52.212],[-116.3888,52.2149]]],[[[-115.1517,51.3237],[-115.1775,51.3244],[-115.1811,51.3295],[-115.1681,51.341],[-115.1517,51.3237]]],[[[-115.4455,51.7767],[-115.4265,51.7543],[-115.4322,51.7432],[-115.4455,51.7767]]],[[[-115.4482,51.7843],[-115.4493,51.7821],[-115.4513,51.785],[-115.4482,51.7843]]],[[[-115.4688,51.804],[-115.4669,51.8001],[-115.4717,51.8034],[-115.4688,51.804]]],[[[-115.4971,51.8222],[-115.4861,51.8161],[-115.4729,51.8116],[-115.4813,51.8101],[-115.4971,51.8222]]],[[[-115.5722,51.8806],[-115.4972,51.8343],[-115.4974,51.8225],[-115.5722,51.8806]]],[[[-115.597,51.8958],[-115.585,51.8936],[-115.5803,51.8861],[-115.597,51.8958]]],[[[-115.4302,51.9501],[-115.4136,51.9166],[-115.4355,51.9349],[-115.4302,51.9501]]]]}},{"type":"Feature","properties":{"key":"western_alberta_upland","name":"Western Alberta Upland","where":"central AB","sort":121,"ecozone":"Boreal Plains","ab_subregion":"Central Mixedwood"},"geometry":{"type":"MultiPolygon","coordinates":[[[[-118.3267,54.553],[-118.4497,54.6009],[-118.4204,54.6037],[-118.3085,54.5723],[-118.3019,54.5382],[-118.286,54.5301],[-118.296,54.5129],[-118.283,54.5027],[-118.2872,54.4846],[-118.3773,54.457],[-118.3561,54.4788],[-118.3034,54.4865],[-118.2971,54.4971],[-118.3098,54.4984],[-118.3082,54.5293],[-118.3267,54.553]]],[[[-118.432,54.5629],[-118.4527,54.5769],[-118.5372,54.5584],[-118.4952,54.6042],[-118.4625,54.6001],[-118.4848,54.5857],[-118.4457,54.5913],[-118.4265,54.567],[-118.4008,54.5581],[-118.432,54.5629]]],[[[-118.2369,54.6289],[-118.2564,54.6461],[-118.1987,54.6323],[-118.1479,54.638],[-118.1028,54.6623],[-118.0872,54.6532],[-118.0369,54.6718],[-118.0289,54.661],[-118.0379,54.6514],[-118.0243,54.6453],[-118.032,54.6282],[-118.0571,54.6416],[-118.1186,54.6232],[-118.1384,54.5794],[-118.149,54.5825],[-118.1354,54.6234],[-118.2369,54.6289]]],[[[-118.6902,54.6445],[-118.6997,54.6598],[-118.6241,54.6896],[-118.6663,54.643],[-118.6296,54.6313],[-118.6303,54.6167],[-118.6743,54.6262],[-118.7059,54.5953],[-118.7289,54.5967],[-118.7602,54.5691],[-118.7905,54.574],[-118.7901,54.5636],[-118.8188,54.5977],[-118.79,54.5855],[-118.7528,54.5931],[-118.747,54.6022],[-118.7794,54.6273],[-118.7337,54.618],[-118.7236,54.639],[-118.6902,54.6445]]],[[[-118.5722,54.6324],[-118.5805,54.636],[-118.5638,54.6418],[-118.5608,54.6335],[-118.5722,54.6324]]],[[[-118.0712,54.6743],[-118.0991,54.6693],[-118.0855,54.6885],[-118.0712,54.6743]]],[[[-118.0232,54.6933],[-118.011,54.6895],[-118.0183,54.6884],[-118.0232,54.6933]]],[[[-119.6044,54.7139],[-119.6143,54.7241],[-119.5957,54.7287],[-119.6083,54.699],[-119.6157,54.6968],[-119.6044,54.7139]]],[[[-119.5628,54.7355],[-119.5046,54.7321],[-119.4836,54.7232],[-119.5628,54.7355]]],[[[-118.6193,54.7302],[-118.6225,54.7307],[-118.6233,54.7345],[-118.6193,54.7302]]],[[[-118.6266,54.738],[-118.6383,54.7408],[-118.6275,54.739],[-118.6266,54.738]]],[[[-118.7713,54.7354],[-118.7727,54.7604],[-118.746,54.7388],[-118.7545,54.7209],[-118.7713,54.7354]]],[[[-119.2527,54.743],[-119.2551,54.7441],[-119.2472,54.7475],[-119.2527,54.743]]],[[[-119.2739,54.747],[-119.2797,54.748],[-119.281,54.7493],[-119.2739,54.747]]],[[[-119.2894,54.7503],[-119.2864,54.7511],[-119.2835,54.7501],[-119.2894,54.7503]]],[[[-119.0242,54.7336],[-119.0355,54.7336],[-119.0121,54.769],[-118.9797,54.7576],[-119.0242,54.7336]]],[[[-119.3044,54.7564],[-119.3046,54.758],[-119.3031,54.7585],[-119.3044,54.7564]]],[[[-118.8644,54.7073],[-118.8868,54.7144],[-118.8566,54.7357],[-118.866,54.7581],[-118.9013,54.7591],[-118.902,54.8101],[-118.8877,54.8102],[-118.8815,54.781],[-118.807,54.7133],[-118.8474,54.724],[-118.8644,54.7073]]],[[[-118.9522,54.7652],[-118.955,54.7544],[-118.961,54.7616],[-118.9522,54.7652]]],[[[-119.5492,54.7754],[-119.5242,54.7751],[-119.5486,54.7688],[-119.5492,54.7754]]],[[[-119.235,54.7791],[-119.2406,54.7791],[-119.2382,54.7836],[-119.235,54.7791]]],[[[-119.1499,54.7927],[-119.1513,54.7922],[-119.15,54.7933],[-119.1499,54.7927]]],[[[-119.1444,54.7959],[-119.147,54.7958],[-119.1449,54.7975],[-119.1444,54.7959]]],[[[-119.8592,54.8164],[-119.8639,54.8247],[-119.8289,54.8278],[-119.8592,54.8164]]],[[[-119.9171,55.3977],[-120.0,55.3378],[-120.0,55.4713],[-119.9672,55.4692],[-119.9193,55.4159],[-119.9171,55.3977]]],[[[-119.5819,55.5166],[-119.5746,55.5132],[-119.5875,55.5119],[-119.5819,55.5166]]],[[[-119.4703,55.5313],[-119.453,55.521],[-119.489,55.53],[-119.4703,55.5313]]],[[[-119.2606,55.5118],[-119.3167,55.5453],[-119.3482,55.5503],[-119.4264,55.5206],[-119.3607,55.5522],[-119.3092,55.5603],[-119.2733,55.5487],[-119.2561,55.5293],[-119.2606,55.5118]]],[[[-116.0047,54.1633],[-116.061,54.1736],[-116.0629,54.1941],[-116.0047,54.1633]]],[[[-116.1441,54.2163],[-116.1628,54.2158],[-116.1742,54.2237],[-116.1441,54.2163]]],[[[-116.708,54.397],[-116.6093,54.399],[-116.639,54.3714],[-116.6229,54.3354],[-116.6512,54.3465],[-116.6627,54.3846],[-116.6791,54.3779],[-116.708,54.397]]],[[[-116.8489,54.3781],[-116.8479,54.3805],[-116.8272,54.3724],[-116.8489,54.3781]]],[[[-116.7081,54.3754],[-116.7719,54.3817],[-116.7749,54.3592],[-116.7915,54.3484],[-116.8056,54.3668],[-116.8234,54.3676],[-116.7871,54.3731],[-116.7986,54.4016],[-116.7755,54.4134],[-116.7301,54.4008],[-116.7081,54.3754]]],[[[-116.4508,54.5155],[-116.4506,54.5133],[-116.4559,54.512],[-116.4508,54.5155]]],[[[-116.9482,54.4139],[-116.9131,54.4174],[-116.8931,54.3849],[-116.9377,54.3801],[-116.8787,54.3409],[-116.9865,54.3551],[-116.9916,54.3469],[-116.9776,54.3458],[-116.955,54.312],[-116.9622,54.299],[-117.0465,54.3431],[-117.0898,54.3446],[-117.0991,54.3575],[-117.0636,54.365],[-117.0358,54.4136],[-117.0566,54.4226],[-117.0855,54.4016],[-117.1272,54.4004],[-117.1851,54.419],[-117.1691,54.4433],[-117.2124,54.4644],[-117.2151,54.4844],[-117.1926,54.5235],[-117.2245,54.5784],[-117.2387,54.563],[-117.2291,54.5284],[-117.2462,54.5156],[-117.3358,54.5464],[-117.3483,54.5585],[-117.3445,54.5817],[-117.3747,54.5798],[-117.4075,54.5596],[-117.4148,54.5277],[-117.4394,54.5263],[-117.4478,54.5386],[-117.4357,54.5745],[-117.4662,54.5576],[-117.5103,54.571],[-117.552,54.5658],[-117.5576,54.5816],[-117.5193,54.614],[-117.507,54.6171],[-117.4982,54.594],[-117.456,54.5982],[-117.4793,54.6096],[-117.4679,54.6188],[-117.512,54.6413],[-117.4805,54.6382],[-117.4771,54.6538],[-117.5116,54.6615],[-117.4978,54.6724],[-117.4452,54.6642],[-117.488,54.6873],[-117.407,54.7197],[-117.4794,54.7182],[-117.3954,54.7293],[-117.3884,54.7189],[-117.4308,54.6856],[-117.4326,54.6378],[-117.3003,54.6276],[-117.3227,54.5956],[-117.3162,54.5854],[-117.2565,54.5936],[-117.2106,54.6527],[-117.1813,54.6621],[-117.1517,54.6169],[-117.1507,54.4445],[-117.1122,54.4177],[-116.9992,54.4286],[-117.0015,54.3992],[-116.9848,54.3892],[-116.9482,54.4139]]],[[[-116.4342,54.5176],[-116.4247,54.5161],[-116.4252,54.5128],[-116.4342,54.5176]]],[[[-116.406,54.5201],[-116.4061,54.5185],[-116.408,54.5195],[-116.406,54.5201]]],[[[-117.7852,54.5447],[-117.7702,54.5616],[-117.809,54.5724],[-117.7969,54.5758],[-117.7992,54.5868],[-117.7767,54.5701],[-117.7621,54.5988],[-117.7802,54.5934],[-117.7908,54.6047],[-117.7546,54.6142],[-117.865,54.6156],[-117.8619,54.6256],[-117.8318,54.627],[-117.8243,54.6345],[-117.8331,54.644],[-117.8085,54.6371],[-117.8075,54.6531],[-117.7354,54.6416],[-117.713,54.6548],[-117.6993,54.6483],[-117.7,54.6247],[-117.6696,54.6378],[-117.6526,54.6247],[-117.6582,54.6124],[-117.6246,54.5961],[-117.6376,54.5948],[-117.6383,54.5661],[-117.6705,54.5738],[-117.6718,54.5938],[-117.6966,54.593],[-117.699,54.5685],[-117.721,54.5467],[-117.7065,54.5301],[-117.7852,54.5447]]],[[[-117.6805,54.6764],[-117.7259,54.6762],[-117.7296,54.6852],[-117.6938,54.697],[-117.6053,54.6508],[-117.5785,54.6545],[-117.6017,54.6391],[-117.594,54.621],[-117.6069,54.6158],[-117.6445,54.6449],[-117.633,54.6503],[-117.6376,54.6593],[-117.6635,54.6571],[-117.656,54.6694],[-117.6784,54.6644],[-117.6805,54.6764]]],[[[-117.7121,54.6631],[-117.7139,54.6552],[-117.7237,54.6678],[-117.7121,54.6631]]],[[[-116.4121,54.6799],[-116.3773,54.6604],[-116.4373,54.6796],[-116.4121,54.6799]]],[[[-117.9148,54.6717],[-117.8735,54.7015],[-117.8572,54.6975],[-117.8403,54.6583],[-117.8258,54.6529],[-117.902,54.6489],[-117.8868,54.6639],[-117.9081,54.6606],[-117.9148,54.6717]]],[[[-117.9308,54.6785],[-117.9191,54.6877],[-117.9187,54.6805],[-117.9308,54.6785]]],[[[-117.5354,54.6994],[-117.5352,54.6992],[-117.5341,54.6938],[-117.5458,54.691],[-117.5354,54.6994]]],[[[-117.9007,54.6931],[-117.9076,54.6967],[-117.8911,54.701],[-117.9007,54.6931]]],[[[-117.5227,54.7042],[-117.5189,54.7056],[-117.5219,54.7044],[-117.5227,54.7042]]],[[[-116.2997,54.7114],[-116.2974,54.7062],[-116.3024,54.7058],[-116.2997,54.7114]]],[[[-117.5052,54.7108],[-117.4869,54.7166],[-117.4928,54.7084],[-117.5052,54.7108]]],[[[-116.6652,54.9079],[-116.6767,54.9019],[-116.712,54.8979],[-116.7028,54.9173],[-116.6889,54.9024],[-116.6652,54.9079]]],[[[-116.7952,55.015],[-116.7578,55.0154],[-116.7492,54.9872],[-116.7952,55.015]]],[[[-116.8014,55.0199],[-116.7988,55.0175],[-116.8034,55.0207],[-116.8014,55.0199]]],[[[-115.9625,55.078],[-115.977,55.0546],[-115.9726,55.0361],[-115.9953,55.0273],[-115.9942,55.0157],[-116.034,55.0075],[-116.0399,54.9709],[-116.0847,54.9923],[-116.1178,54.93],[-116.1185,54.9547],[-116.1407,54.9648],[-116.1256,54.9675],[-116.1377,54.9718],[-116.1178,54.9948],[-116.1208,55.0132],[-116.1408,55.0485],[-116.1811,55.0318],[-116.186,55.0529],[-116.1586,55.0687],[-116.191,55.0836],[-116.2174,55.0843],[-116.2448,55.0619],[-116.2425,55.0067],[-116.2596,54.9968],[-116.2957,55.0051],[-116.2943,54.991],[-116.3116,55.0032],[-116.3324,54.9957],[-116.3279,54.9804],[-116.3393,54.9837],[-116.3529,54.9525],[-116.3779,55.0142],[-116.3881,55.0124],[-116.3743,55.0343],[-116.4065,55.0687],[-116.4043,55.0799],[-116.4399,55.0839],[-116.4349,55.0712],[-116.4445,55.0603],[-116.4638,55.0545],[-116.4289,55.1142],[-116.277,55.1609],[-116.2116,55.158],[-116.0972,55.1165],[-116.0368,55.0527],[-116.0083,55.0558],[-116.0017,55.0842],[-116.0149,55.1085],[-116.0796,55.1691],[-116.0598,55.1681],[-116.0266,55.1358],[-115.9806,55.1257],[-115.9645,55.1074],[-115.9625,55.078]]],[[[-116.6194,55.0627],[-116.565,55.0791],[-116.492,55.049],[-116.5265,55.0229],[-116.5663,55.0722],[-116.6194,55.0627]]],[[[-116.6584,55.0496],[-116.667,55.0545],[-116.6439,55.0591],[-116.6584,55.0496]]],[[[-116.7045,55.0667],[-116.7059,55.0562],[-116.7646,55.0453],[-116.8009,55.0582],[-116.7927,55.0771],[-116.8037,55.0906],[-116.8367,55.0869],[-116.8542,55.0665],[-116.8089,55.0404],[-116.8057,55.0223],[-116.8581,55.0667],[-116.8633,55.0895],[-116.7967,55.1033],[-116.7264,55.0662],[-116.7045,55.0667]]],[[[-116.0144,55.2699],[-115.992,55.2498],[-115.9989,55.2331],[-116.0569,55.2164],[-116.0923,55.1769],[-116.129,55.2023],[-116.1277,55.22],[-116.0431,55.2443],[-116.0308,55.2699],[-115.9984,55.2933],[-115.9608,55.2934],[-115.9562,55.2899],[-116.0144,55.2699]]],[[[-114.4994,52.846],[-114.4636,52.8536],[-114.4948,52.8184],[-114.4587,52.713],[-114.4912,52.7012],[-114.5217,52.7178],[-114.5353,52.7256],[-114.5274,52.7295],[-114.5447,52.7603],[-114.5353,52.7602],[-114.5383,52.7711],[-114.579,52.7813],[-114.5523,52.8209],[-114.5712,52.8411],[-114.5662,52.8631],[-114.5277,52.8647],[-114.4994,52.846]]],[[[-114.2963,52.9012],[-114.2771,52.897],[-114.3209,52.8855],[-114.2963,52.9012]]],[[[-114.573,52.9274],[-114.5729,52.9572],[-114.5976,52.9649],[-114.5534,52.9874],[-114.5468,53.0006],[-114.5649,53.0188],[-114.5121,53.0004],[-114.3805,53.012],[-114.2795,52.9804],[-114.2464,52.9342],[-114.253,52.9106],[-114.3603,52.9339],[-114.3648,52.9473],[-114.3914,52.9558],[-114.3863,52.9703],[-114.4349,52.9519],[-114.4308,52.9361],[-114.4731,52.9395],[-114.4734,52.9278],[-114.5098,52.9431],[-114.573,52.9274]]],[[[-114.6395,53.0465],[-114.6173,53.0361],[-114.6223,53.0289],[-114.6519,53.0358],[-114.6395,53.0465]]],[[[-115.0298,53.7103],[-115.0269,53.6946],[-115.0803,53.7041],[-115.2041,53.7613],[-115.3294,53.7968],[-115.3421,53.7925],[-115.3387,53.7733],[-115.283,53.7054],[-115.3231,53.6958],[-115.4747,53.7115],[-115.4891,53.6957],[-115.4794,53.6586],[-115.4597,53.6301],[-115.4205,53.6133],[-115.2354,53.587],[-115.1576,53.5918],[-115.1003,53.5675],[-115.0866,53.5788],[-115.0308,53.5571],[-115.0698,53.5225],[-115.0355,53.4693],[-114.9877,53.4751],[-114.9511,53.5091],[-114.9393,53.4997],[-114.9305,53.4704],[-114.9561,53.4373],[-114.9183,53.4074],[-114.9084,53.3788],[-114.9221,53.3657],[-114.9785,53.3783],[-114.9943,53.3652],[-114.9225,53.3151],[-114.9405,53.2981],[-114.9745,53.3061],[-114.97,53.2834],[-114.9918,53.2682],[-114.9279,53.209],[-114.9505,53.1559],[-114.9459,53.1227],[-114.8732,53.0762],[-114.8201,53.0173],[-114.7868,53.0156],[-114.7714,53.0409],[-114.7522,53.0096],[-114.7122,53.0186],[-114.7062,53.0047],[-114.7157,53.0006],[-114.6945,52.9953],[-114.735,52.987],[-114.7283,52.9715],[-114.6615,52.9253],[-114.6933,52.923],[-114.7195,52.9381],[-114.7924,52.9196],[-114.7915,52.9541],[-114.8022,52.9596],[-114.7758,52.9696],[-114.814,53.0001],[-114.8354,53.0014],[-114.8486,53.0412],[-114.8876,53.0297],[-114.8871,53.0738],[-114.9084,53.0905],[-114.9522,53.0544],[-114.8958,52.9604],[-114.9252,52.95],[-114.943,52.9809],[-114.9578,52.9825],[-114.9639,53.0052],[-115.0042,53.0207],[-115.0277,53.007],[-114.9843,52.9522],[-114.9992,52.9172],[-114.9587,52.8733],[-114.9743,52.8616],[-114.9728,52.8438],[-114.9954,52.8469],[-115.0345,52.8803],[-115.0305,52.8988],[-115.0558,52.9308],[-115.0566,52.9706],[-115.0945,53.01],[-115.1278,53.0138],[-115.1691,53.0014],[-115.167,52.9878],[-115.1882,52.9724],[-115.1754,52.9385],[-115.1305,52.9027],[-115.1493,52.894],[-115.113,52.8464],[-115.1302,52.8265],[-115.1599,52.8311],[-115.1793,52.8464],[-115.1827,52.8713],[-115.2414,52.88],[-115.2592,52.8958],[-115.2701,52.9223],[-115.2384,52.9388],[-115.2537,52.9824],[-115.282,52.9997],[-115.2657,53.0029],[-115.2795,53.0125],[-115.2552,53.029],[-115.2875,53.042],[-115.2544,53.0442],[-115.2551,53.0559],[-115.2024,53.0858],[-115.1785,53.0689],[-115.162,53.072],[-115.1362,53.1057],[-115.0898,53.1153],[-115.067,53.0956],[-115.0545,53.1077],[-115.0925,53.1251],[-115.115,53.1572],[-115.162,53.1559],[-115.1872,53.1828],[-115.1757,53.1586],[-115.181,53.1233],[-115.2131,53.1142],[-115.2325,53.0918],[-115.2826,53.1041],[-115.287,53.0869],[-115.3295,53.1137],[-115.4177,53.0975],[-115.418,53.1205],[-115.3727,53.1299],[-115.3802,53.1445],[-115.3117,53.1399],[-115.302,53.15],[-115.3146,53.1636],[-115.2673,53.1566],[-115.2682,53.1805],[-115.3286,53.2084],[-115.3866,53.2604],[-115.2634,53.2003],[-115.2529,53.233],[-115.2992,53.2622],[-115.2655,53.2663],[-115.2645,53.2753],[-115.3235,53.3088],[-115.3039,53.3145],[-115.3207,53.3298],[-115.425,53.3669],[-115.4239,53.3768],[-115.3839,53.3854],[-115.4108,53.3997],[-115.4141,53.4143],[-115.3771,53.4001],[-115.3729,53.4093],[-115.3506,53.3812],[-115.2853,53.4065],[-115.3073,53.4166],[-115.3115,53.4446],[-115.3477,53.4635],[-115.3471,53.4823],[-115.3663,53.4807],[-115.3958,53.5011],[-115.3909,53.5109],[-115.3721,53.5029],[-115.3538,53.5114],[-115.319,53.4951],[-115.3199,53.5063],[-115.2951,53.5099],[-115.2913,53.537],[-115.3619,53.5737],[-115.4284,53.5702],[-115.4192,53.5621],[-115.4285,53.5565],[-115.4723,53.589],[-115.4852,53.5872],[-115.4751,53.5715],[-115.4878,53.5609],[-115.5217,53.5953],[-115.5019,53.6205],[-115.6027,53.6465],[-115.6239,53.6395],[-115.6334,53.6475],[-115.625,53.6595],[-115.6508,53.6684],[-115.6123,53.6896],[-115.6192,53.7084],[-115.6019,53.727],[-115.6273,53.7506],[-115.604,53.7558],[-115.6034,53.7761],[-115.586,53.7597],[-115.5364,53.7516],[-115.5232,53.7848],[-115.5018,53.7751],[-115.5186,53.7698],[-115.5133,53.7618],[-115.4687,53.7615],[-115.4429,53.7407],[-115.4048,53.7328],[-115.4093,53.7236],[-115.3931,53.7129],[-115.3534,53.7171],[-115.3536,53.7359],[-115.4038,53.7553],[-115.3732,53.7509],[-115.4021,53.7731],[-115.348,53.7719],[-115.3914,53.7886],[-115.381,53.7948],[-115.3949,53.8263],[-115.4572,53.7949],[-115.5245,53.8154],[-115.535,53.8357],[-115.5009,53.8281],[-115.5127,53.8398],[-115.4949,53.8381],[-115.49,53.8516],[-115.5267,53.8591],[-115.5394,53.8799],[-115.595,53.8831],[-115.5898,53.891],[-115.6121,53.9047],[-115.5641,53.9123],[-115.586,53.934],[-115.5423,53.9404],[-115.4637,53.9084],[-115.4584,53.9408],[-115.4128,53.9455],[-115.4087,53.9719],[-115.4577,53.9949],[-115.4311,54.0001],[-115.4893,54.0161],[-115.4332,54.022],[-115.4132,54.0437],[-115.4467,54.0606],[-115.4255,54.0731],[-115.4354,54.1032],[-115.4762,54.1234],[-115.5208,54.1097],[-115.4672,54.1358],[-115.378,54.1292],[-115.3754,54.0855],[-115.3537,54.0378],[-115.354,53.9915],[-115.2631,53.9528],[-115.249,53.9313],[-115.3565,53.9224],[-115.3875,53.9053],[-115.4483,53.8998],[-115.4522,53.8788],[-115.4213,53.846],[-115.2765,53.8271],[-115.2005,53.7829],[-115.1183,53.7679],[-115.0914,53.7379],[-115.0298,53.7103]]],[[[-115.8283,54.0437],[-115.8184,54.0225],[-115.8444,54.0067],[-115.8248,53.9902],[-115.8671,54.0008],[-115.8528,54.0105],[-115.8653,54.0168],[-115.8464,54.0175],[-115.8552,54.0355],[-115.8442,54.0406],[-115.8475,54.0621],[-115.8114,54.0648],[-115.8283,54.0437]]],[[[-115.5591,54.0463],[-115.5897,54.0448],[-115.6157,54.0733],[-115.6368,54.0737],[-115.6467,54.098],[-115.5834,54.0797],[-115.5591,54.0463]]],[[[-115.6596,54.1026],[-115.6495,54.099],[-115.656,54.0989],[-115.6596,54.1026]]],[[[-115.8217,54.1029],[-115.826,54.1001],[-115.8257,54.1023],[-115.8217,54.1029]]],[[[-115.7156,54.1066],[-115.7249,54.1014],[-115.7267,54.1062],[-115.7156,54.1066]]],[[[-115.6825,54.1082],[-115.6897,54.1094],[-115.6818,54.1106],[-115.6696,54.1062],[-115.6825,54.1082]]],[[[-115.8869,54.1688],[-115.9132,54.1697],[-115.8692,54.1702],[-115.8431,54.1548],[-115.8869,54.1688]]],[[[-115.6271,54.1791],[-115.6049,54.1742],[-115.627,54.1707],[-115.6271,54.1791]]],[[[-115.5861,54.1772],[-115.505,54.2024],[-115.4882,54.1998],[-115.5861,54.1772]]],[[[-115.4433,54.2316],[-115.4419,54.2335],[-115.4404,54.2342],[-115.4433,54.2316]]],[[[-114.9976,54.3664],[-115.0664,54.3674],[-115.1105,54.3522],[-115.1252,54.3343],[-115.1915,54.3204],[-115.2073,54.3297],[-115.1414,54.3426],[-115.1249,54.3669],[-114.9896,54.3856],[-114.9846,54.4009],[-115.0026,54.4086],[-114.9873,54.4139],[-115.0394,54.4645],[-114.9699,54.428],[-114.9294,54.3895],[-114.9976,54.3664]]],[[[-115.0798,54.498],[-115.0692,54.4929],[-115.0743,54.4867],[-115.0798,54.498]]],[[[-114.3493,55.0771],[-114.4299,55.0517],[-114.4517,55.0163],[-114.4588,54.9601],[-114.4819,54.9356],[-114.5045,54.9162],[-114.5547,54.9023],[-114.6027,54.8544],[-114.799,54.7302],[-114.8051,54.7406],[-114.7453,54.7974],[-114.7661,54.8174],[-114.7184,54.82],[-114.7216,54.8442],[-114.7051,54.875],[-114.6522,54.9],[-114.683,54.914],[-114.731,54.915],[-114.7729,54.9008],[-114.8284,54.8584],[-114.7991,54.9015],[-114.8257,54.9144],[-114.7508,54.9301],[-114.71,54.9666],[-114.7065,54.9477],[-114.6109,54.9341],[-114.5859,54.9421],[-114.5555,54.9718],[-114.5932,54.9782],[-114.5512,54.9948],[-114.5456,55.0081],[-114.5567,55.0154],[-114.6349,55.0014],[-114.6,55.0452],[-114.6152,55.0627],[-114.6041,55.0657],[-114.6077,55.0878],[-114.5885,55.0886],[-114.58,55.0609],[-114.539,55.051],[-114.5049,55.0614],[-114.5023,55.0877],[-114.5157,55.1007],[-114.5364,55.0872],[-114.5376,55.1124],[-114.5683,55.1036],[-114.5448,55.1151],[-114.5554,55.1249],[-114.5971,55.1119],[-114.5819,55.1328],[-114.6631,55.0899],[-114.6568,55.105],[-114.6675,55.1106],[-114.6383,55.1259],[-114.647,55.1371],[-114.6224,55.1349],[-114.6377,55.1502],[-114.6007,55.1546],[-114.6292,55.1764],[-114.6681,55.1727],[-114.6916,55.197],[-114.7029,55.1943],[-114.6939,55.1697],[-114.7348,55.1677],[-114.7392,55.1535],[-114.7567,55.1701],[-114.7481,55.1743],[-114.7696,55.177],[-114.7788,55.192],[-114.9334,55.178],[-114.898,55.2041],[-114.9033,55.2241],[-114.881,55.2162],[-114.8407,55.2338],[-114.8685,55.258],[-114.9223,55.2488],[-114.9313,55.2605],[-114.9491,55.2453],[-114.9381,55.2364],[-114.9941,55.2278],[-115.0246,55.2408],[-115.0386,55.2306],[-115.0555,55.249],[-115.0118,55.2752],[-115.0248,55.3036],[-115.0592,55.3219],[-115.0673,55.3145],[-115.0532,55.3016],[-115.078,55.2834],[-115.0874,55.3075],[-115.1125,55.3051],[-115.0557,55.3484],[-115.1052,55.3416],[-115.0662,55.3528],[-114.7771,55.287],[-114.7595,55.2341],[-114.7314,55.2169],[-114.6724,55.2364],[-114.6238,55.2214],[-114.4992,55.2378],[-114.4314,55.2325],[-114.398,55.1832],[-114.3574,55.1788],[-114.3332,55.1536],[-114.3565,55.1153],[-114.3438,55.0928],[-114.3493,55.0771]]],[[[-115.2865,55.0918],[-115.2616,55.0936],[-115.2849,55.0826],[-115.2686,55.0624],[-115.3401,55.0495],[-115.343,55.0652],[-115.3598,55.0694],[-115.4266,55.0678],[-115.4055,55.0873],[-115.4659,55.1036],[-115.4724,55.113],[-115.4617,55.1242],[-115.5253,55.1199],[-115.5172,55.1301],[-115.5394,55.1519],[-115.5144,55.1589],[-115.4491,55.1479],[-115.4093,55.163],[-115.4218,55.1641],[-115.4181,55.1758],[-115.4437,55.173],[-115.4653,55.1954],[-115.5241,55.1669],[-115.5396,55.2022],[-115.517,55.1933],[-115.439,55.2033],[-115.3175,55.1512],[-115.2692,55.1977],[-115.2749,55.2274],[-115.212,55.1846],[-115.1699,55.1804],[-115.1846,55.1717],[-115.1694,55.1628],[-115.1854,55.1529],[-115.2251,55.1764],[-115.2687,55.1834],[-115.2589,55.1619],[-115.2758,55.1396],[-115.2177,55.1248],[-115.2818,55.1229],[-115.2865,55.0918]]],[[[-115.7013,55.1939],[-115.6667,55.1411],[-115.6803,55.1184],[-115.7162,55.0979],[-115.7236,55.1041],[-115.702,55.1272],[-115.7086,55.1521],[-115.7393,55.1567],[-115.7963,55.2007],[-115.8164,55.1895],[-115.7897,55.2425],[-115.7447,55.2471],[-115.7551,55.2317],[-115.7013,55.1939]]],[[[-115.9247,55.1599],[-115.9378,55.17],[-115.9317,55.1821],[-115.9463,55.1867],[-115.9254,55.2054],[-115.9682,55.2321],[-115.951,55.2403],[-115.9649,55.255],[-115.9573,55.2752],[-115.9465,55.2826],[-115.9268,55.2677],[-115.9056,55.2318],[-115.8957,55.1701],[-115.8647,55.16],[-115.826,55.1738],[-115.8154,55.1632],[-115.8397,55.1228],[-115.8564,55.1235],[-115.8559,55.1446],[-115.8685,55.1501],[-115.8797,55.1164],[-115.8706,55.1003],[-115.9155,55.071],[-115.9302,55.0794],[-115.9439,55.0978],[-115.9201,55.1446],[-115.9363,55.1582],[-115.9247,55.1599]]],[[[-115.615,55.1967],[-115.6342,55.236],[-115.668,55.2433],[-115.6966,55.2306],[-115.7221,55.2596],[-115.6152,55.2443],[-115.5531,55.2099],[-115.615,55.1967]]],[[[-115.2659,55.2452],[-115.2763,55.2412],[-115.2782,55.2391],[-115.2769,55.2525],[-115.2749,55.2539],[-115.2659,55.2452]]],[[[-115.1086,55.2729],[-115.1208,55.2645],[-115.1051,55.2429],[-115.1541,55.2588],[-115.1593,55.2481],[-115.1789,55.2567],[-115.1984,55.2437],[-115.191,55.2715],[-115.2029,55.2843],[-115.1418,55.3017],[-115.1496,55.2787],[-115.1086,55.2729]]],[[[-115.2214,55.2695],[-115.2317,55.2771],[-115.2195,55.2821],[-115.2214,55.2695]]],[[[-115.1372,55.3322],[-115.1438,55.3261],[-115.1457,55.3257],[-115.1372,55.3322]]]]}},{"type":"Feature","properties":{"key":"western_alberta_upland","name":"Western Alberta Upland","where":"central AB","sort":121,"ecozone":"Boreal Plains","ab_subregion":""},"geometry":{"type":"MultiPolygon","coordinates":[[[[-114.7458,51.7232],[-114.7458,51.7237],[-114.7445,51.7223],[-114.7458,51.7232]]],[[[-114.7544,51.7285],[-114.793,51.7558],[-114.7919,51.7208],[-114.826,51.7165],[-114.8192,51.7535],[-114.8368,51.7773],[-114.8148,51.7751],[-114.8162,51.7912],[-114.7544,51.7285]]],[[[-114.8449,51.828],[-114.8163,51.7913],[-114.834,51.7962],[-114.847,51.8251],[-114.8858,51.8404],[-114.8829,51.8543],[-114.8299,51.862],[-114.7672,51.8303],[-114.7331,51.8396],[-114.7288,51.8231],[-114.7553,51.8211],[-114.8108,51.8458],[-114.8418,51.8468],[-114.8449,51.828]]],[[[-118.3659,55.45],[-118.579,55.3879],[-118.6765,55.3758],[-118.7129,55.385],[-118.4424,55.4636],[-118.3659,55.45]]],[[[-118.3896,55.4863],[-118.4181,55.4938],[-118.4351,55.4955],[-118.4234,55.4965],[-118.3896,55.4863]]],[[[-118.9363,55.4202],[-119.0418,55.4396],[-118.8541,55.4267],[-118.9363,55.4202]]],[[[-118.4837,55.5333],[-118.4729,55.5358],[-118.4837,55.5316],[-118.4837,55.5333]]],[[[-118.4569,55.5438],[-118.4625,55.5546],[-118.4422,55.5644],[-118.4347,55.5547],[-118.4569,55.5438]]],[[[-119.0461,55.4414],[-119.0467,55.4422],[-119.0454,55.4411],[-119.0461,55.4414]]],[[[-119.0867,55.4686],[-119.082,55.4679],[-119.0773,55.4646],[-119.0867,55.4686]]],[[[-119.1091,55.4713],[-119.1063,55.4723],[-119.1004,55.4703],[-119.1091,55.4713]]],[[[-118.7022,55.5465],[-118.7167,55.5529],[-118.6984,55.5483],[-118.7022,55.5465]]],[[[-119.1677,55.4796],[-119.159,55.4825],[-119.156,55.4765],[-119.1677,55.4796]]],[[[-119.1862,55.4845],[-119.1797,55.4877],[-119.1732,55.4811],[-119.1862,55.4845]]],[[[-118.9024,55.5508],[-118.9037,55.5529],[-118.8923,55.5521],[-118.9024,55.5508]]],[[[-119.072,55.5871],[-119.0782,55.594],[-119.0623,55.5923],[-119.072,55.5871]]],[[[-118.8598,55.6831],[-118.8967,55.6577],[-118.8597,55.6431],[-118.8647,55.6237],[-119.0217,55.6019],[-119.0286,55.6134],[-118.9834,55.6117],[-118.9824,55.6337],[-118.9197,55.629],[-118.9057,55.6371],[-118.9207,55.6528],[-118.8722,55.6843],[-118.9555,55.6935],[-118.8927,55.6949],[-118.8598,55.6831]]],[[[-119.0452,55.7306],[-119.0419,55.7287],[-119.0629,55.7318],[-119.0452,55.7306]]],[[[-119.5367,55.8173],[-119.7196,55.8242],[-119.7174,55.7915],[-119.7557,55.7987],[-119.7629,55.8209],[-119.6624,55.8336],[-119.5367,55.8173]]],[[[-119.921,55.7764],[-119.9073,55.7631],[-119.9402,55.7442],[-120.0,55.7432],[-120.0,55.7555],[-119.921,55.7764]]],[[[-119.7882,55.8073],[-119.8026,55.7921],[-119.8666,55.799],[-119.8363,55.8099],[-119.7882,55.8073]]],[[[-114.5614,51.5364],[-114.583,51.5286],[-114.6043,51.5481],[-114.5815,51.5488],[-114.5518,51.575],[-114.5614,51.5364]]],[[[-114.62,51.6086],[-114.6217,51.6126],[-114.6164,51.6111],[-114.62,51.6086]]],[[[-114.6241,51.613],[-114.6252,51.6135],[-114.6221,51.6127],[-114.6241,51.613]]],[[[-114.6073,51.6156],[-114.6154,51.6119],[-114.6063,51.6209],[-114.6073,51.6156]]],[[[-114.5631,51.6214],[-114.5667,51.6238],[-114.5671,51.6337],[-114.5631,51.6214]]],[[[-114.6375,51.6169],[-114.647,51.6158],[-114.6468,51.6239],[-114.6375,51.6169]]],[[[-114.6039,51.6362],[-114.6027,51.6324],[-114.6047,51.6292],[-114.6039,51.6362]]],[[[-114.5733,51.6408],[-114.5696,51.6413],[-114.5683,51.6375],[-114.5733,51.6408]]],[[[-114.6051,51.6668],[-114.6041,51.637],[-114.6084,51.6586],[-114.6051,51.6668]]],[[[-114.6805,51.6582],[-114.6971,51.6657],[-114.6962,51.6675],[-114.6805,51.6582]]],[[[-114.6954,51.6731],[-114.697,51.6753],[-114.6943,51.6726],[-114.6954,51.6731]]],[[[-114.7069,51.6856],[-114.7017,51.6802],[-114.7102,51.6854],[-114.7069,51.6856]]],[[[-114.741,51.7122],[-114.74,51.718],[-114.7349,51.7131],[-114.741,51.7122]]],[[[-114.7404,51.7184],[-114.742,51.719],[-114.742,51.72],[-114.7404,51.7184]]],[[[-114.7346,51.8408],[-114.7381,51.842],[-114.7387,51.8443],[-114.7346,51.8408]]],[[[-114.7466,51.851],[-114.7483,51.8514],[-114.7486,51.8527],[-114.7466,51.851]]],[[[-114.7585,51.859],[-114.7561,51.8591],[-114.7546,51.8578],[-114.7585,51.859]]],[[[-114.7624,51.8727],[-114.7625,51.8747],[-114.7615,51.8724],[-114.7624,51.8727]]],[[[-114.7646,51.8893],[-114.7646,51.8896],[-114.7645,51.8897],[-114.7646,51.8893]]],[[[-114.7636,51.8927],[-114.806,51.9078],[-114.7465,51.9377],[-114.7636,51.8927]]],[[[-114.9226,52.3944],[-114.9421,52.3188],[-114.9721,52.3463],[-115.0688,52.3472],[-115.0609,52.36],[-115.0086,52.3541],[-114.9837,52.3891],[-114.9619,52.3954],[-114.9684,52.4171],[-115.0063,52.4392],[-115.0044,52.4692],[-114.9805,52.4925],[-114.9852,52.5217],[-114.8675,52.4691],[-114.8388,52.4753],[-114.8176,52.464],[-114.8664,52.4455],[-114.9226,52.3944]]],[[[-114.5762,51.652],[-114.5766,51.6631],[-114.571,51.6458],[-114.5762,51.652]]],[[[-114.7618,52.49],[-114.7588,52.5158],[-114.751,52.5135],[-114.7465,52.5051],[-114.7618,52.49]]],[[[-114.6757,52.5467],[-114.6949,52.5531],[-114.6525,52.5612],[-114.6808,52.5712],[-114.6805,52.592],[-114.6487,52.5732],[-114.6237,52.5794],[-114.6704,52.6136],[-114.6227,52.5929],[-114.6203,52.5767],[-114.6366,52.5614],[-114.6757,52.5467]]],[[[-114.6749,52.6446],[-114.7033,52.6449],[-114.7304,52.66],[-114.7091,52.6593],[-114.7217,52.6732],[-114.6986,52.6842],[-114.6635,52.6868],[-114.6536,52.6826],[-114.6749,52.6446]]],[[[-114.509,52.7167],[-114.498,52.7048],[-114.5217,52.7178],[-114.509,52.7167]]],[[[-114.5297,52.7229],[-114.5287,52.7219],[-114.5301,52.7227],[-114.5297,52.7229]]],[[[-114.5883,52.6976],[-114.6357,52.6998],[-114.6511,52.685],[-114.6678,52.6998],[-114.647,52.7166],[-114.5978,52.7087],[-114.6143,52.7232],[-114.601,52.752],[-114.6079,52.7675],[-114.594,52.7687],[-114.5989,52.7855],[-114.5519,52.7813],[-114.5362,52.7684],[-114.5447,52.7603],[-114.5283,52.726],[-114.5825,52.7491],[-114.5883,52.6976]]],[[[-114.9522,53.2732],[-114.9279,53.209],[-114.9914,53.2638],[-114.9693,53.2851],[-114.9745,53.3061],[-114.9405,53.2981],[-114.9522,53.2732]]],[[[-114.905,53.3293],[-114.9225,53.3151],[-114.9943,53.3652],[-114.9785,53.3783],[-114.9221,53.3657],[-114.9081,53.3823],[-114.925,53.4144],[-114.9109,53.41],[-114.8898,53.3851],[-114.905,53.3293]]],[[[-114.9511,53.5091],[-114.9877,53.4751],[-115.0181,53.4653],[-115.05,53.4805],[-115.0698,53.5225],[-115.0308,53.5571],[-114.9511,53.5091]]],[[[-115.0886,53.5772],[-115.1003,53.5675],[-115.1576,53.5918],[-115.1274,53.5896],[-115.0886,53.5772]]],[[[-115.1618,53.5921],[-115.1787,53.5924],[-115.1843,53.5932],[-115.1618,53.5921]]],[[[-115.2363,53.5949],[-115.2463,53.5882],[-115.2581,53.5951],[-115.2363,53.5949]]],[[[-115.4888,53.6929],[-115.4889,53.6933],[-115.4888,53.6934],[-115.4888,53.6929]]],[[[-115.4878,53.6986],[-115.488,53.6992],[-115.4875,53.6993],[-115.4878,53.6986]]],[[[-115.0605,53.772],[-114.9988,53.7],[-115.0271,53.694],[-115.0298,53.7103],[-115.0914,53.7379],[-115.1106,53.7642],[-115.2005,53.7829],[-115.2765,53.8271],[-115.0605,53.772]]],[[[-115.4186,53.8463],[-115.4221,53.8518],[-115.4133,53.8479],[-115.4186,53.8463]]],[[[-115.2589,53.9538],[-115.1854,53.9229],[-115.1879,53.9062],[-115.3268,53.9112],[-115.4139,53.8916],[-115.4379,53.873],[-115.4567,53.8934],[-115.3565,53.9224],[-115.2514,53.9281],[-115.2631,53.9528],[-115.354,53.9915],[-115.3611,54.0135],[-115.3521,54.0242],[-115.2589,53.9538]]],[[[-116.1296,55.1332],[-116.1917,55.147],[-116.2116,55.158],[-116.1296,55.1332]]]]}},{"type":"Feature","properties":{"key":"western_alberta_upland","name":"Western Alberta Upland","where":"central AB","sort":121,"ecozone":"Boreal Plains","ab_subregion":"Foothills Parkland"},"geometry":{"type":"MultiPolygon","coordinates":[[[[-114.4088,50.5818],[-114.4193,50.5855],[-114.4099,50.5983],[-114.4088,50.5818]]],[[[-114.3704,50.6561],[-114.378,50.6661],[-114.3565,50.6647],[-114.3704,50.6561]]],[[[-114.3727,50.7268],[-114.3699,50.7209],[-114.3775,50.7274],[-114.3727,50.7268]]],[[[-114.397,50.7268],[-114.4139,50.7256],[-114.4144,50.7144],[-114.4477,50.7182],[-114.4239,50.7295],[-114.397,50.7268]]],[[[-114.5734,51.1727],[-114.5238,51.0592],[-114.4967,51.0313],[-114.3894,50.9714],[-114.3583,50.936],[-114.3805,50.9553],[-114.4002,50.9572],[-114.4029,50.9445],[-114.4389,50.9635],[-114.4328,50.9763],[-114.4717,51.0047],[-114.5497,50.9592],[-114.5507,50.9799],[-114.5218,50.9814],[-114.5166,51.0218],[-114.5409,51.0366],[-114.586,51.028],[-114.5609,51.0468],[-114.6252,51.0669],[-114.7414,51.1394],[-114.5734,51.1727]]],[[[-114.6332,51.341],[-114.6249,51.3604],[-114.6048,51.3346],[-114.6332,51.341]]],[[[-114.3707,50.8228],[-114.3727,50.8265],[-114.3696,50.8297],[-114.3707,50.8228]]],[[[-114.3691,50.8442],[-114.4009,50.8409],[-114.413,50.8502],[-114.3691,50.8442]]],[[[-114.367,50.8653],[-114.3903,50.888],[-114.4439,50.8895],[-114.3652,50.914],[-114.3576,50.8803],[-114.367,50.8653]]],[[[-114.6042,51.392],[-114.6149,51.4054],[-114.5958,51.4113],[-114.6042,51.392]]],[[[-114.5757,51.4364],[-114.5751,51.4563],[-114.5661,51.4594],[-114.5757,51.4364]]],[[[-114.5659,51.4691],[-114.5728,51.4798],[-114.5837,51.4663],[-114.6245,51.4706],[-114.6183,51.4853],[-114.6327,51.487],[-114.6509,51.5143],[-114.6612,51.4923],[-114.6767,51.5038],[-114.6994,51.4984],[-114.6707,51.54],[-114.6327,51.5584],[-114.583,51.5286],[-114.5561,51.5411],[-114.5659,51.4691]]]]}},{"type":"Feature","properties":{"key":"western_alberta_upland","name":"Western Alberta Upland","where":"central AB","sort":121,"ecozone":"Boreal Plains","ab_subregion":"Lower Foothills"},"geometry":{"type":"MultiPolygon","coordinates":[[[[-114.6758,52.6425],[-114.6749,52.6446],[-114.6723,52.6467],[-114.6758,52.6425]]],[[[-119.8427,54.8304],[-119.8699,54.8189],[-119.8153,54.8246],[-119.7361,54.7548],[-119.6091,54.7272],[-119.6157,54.6968],[-119.5957,54.7287],[-119.5628,54.7355],[-119.4836,54.7232],[-119.5552,54.7401],[-119.5482,54.7694],[-119.5229,54.7759],[-119.5492,54.7754],[-119.5623,54.7899],[-119.5611,54.8091],[-119.541,54.8164],[-119.3959,54.792],[-119.2578,54.743],[-119.2432,54.7455],[-119.2418,54.7766],[-119.2271,54.7908],[-119.1865,54.7842],[-119.1059,54.807],[-119.0121,54.769],[-119.0355,54.7336],[-119.0272,54.7329],[-118.9797,54.7576],[-118.9535,54.754],[-118.9402,54.7859],[-118.9038,54.8165],[-118.8943,54.8128],[-118.9094,54.796],[-118.9013,54.7591],[-118.866,54.7581],[-118.8566,54.7357],[-118.8868,54.7144],[-118.8644,54.7073],[-118.8474,54.724],[-118.807,54.7133],[-118.8275,54.7352],[-118.7877,54.7643],[-118.7727,54.7604],[-118.7609,54.7245],[-118.7456,54.7333],[-118.7495,54.7106],[-118.7336,54.7054],[-118.6632,54.745],[-118.6266,54.738],[-118.6094,54.7196],[-118.6241,54.6896],[-118.6997,54.6598],[-118.6902,54.6445],[-118.7236,54.639],[-118.7337,54.618],[-118.7794,54.6273],[-118.747,54.6022],[-118.7528,54.5931],[-118.79,54.5855],[-118.8188,54.5977],[-118.7964,54.5816],[-118.8053,54.5737],[-118.7966,54.5653],[-118.7794,54.5769],[-118.7602,54.5691],[-118.7289,54.5967],[-118.7059,54.5953],[-118.6743,54.6262],[-118.6322,54.616],[-118.6295,54.6331],[-118.5634,54.6321],[-118.5567,54.6428],[-118.513,54.6352],[-118.4937,54.6049],[-118.5372,54.5584],[-118.4527,54.5769],[-118.4023,54.5559],[-118.4457,54.5913],[-118.4848,54.5857],[-118.4497,54.6009],[-118.3923,54.5733],[-118.3627,54.575],[-118.3518,54.555],[-118.3359,54.5583],[-118.316,54.5427],[-118.3002,54.4886],[-118.3561,54.4788],[-118.38,54.4612],[-118.3695,54.4538],[-118.2872,54.4846],[-118.283,54.5027],[-118.296,54.5129],[-118.286,54.5301],[-118.3019,54.5382],[-118.3142,54.576],[-118.3845,54.586],[-118.4236,54.605],[-118.4107,54.6585],[-118.3914,54.6609],[-118.337,54.6321],[-118.2839,54.6511],[-118.2541,54.6479],[-118.2369,54.6289],[-118.1502,54.6311],[-118.1316,54.6149],[-118.149,54.5825],[-118.1384,54.5794],[-118.1229,54.6205],[-118.1058,54.6304],[-118.0571,54.6416],[-118.032,54.6282],[-118.0243,54.6453],[-118.0379,54.6514],[-118.0333,54.6706],[-118.0872,54.6532],[-118.1028,54.6623],[-118.0703,54.6752],[-118.0855,54.6885],[-118.0698,54.6993],[-118.0067,54.6881],[-117.9743,54.6682],[-117.9232,54.6748],[-117.9139,54.6918],[-117.8817,54.7035],[-117.8735,54.7015],[-117.8811,54.6893],[-117.9148,54.6717],[-117.9081,54.6606],[-117.8862,54.6626],[-117.9053,54.6496],[-117.7998,54.6491],[-117.81,54.6363],[-117.8331,54.644],[-117.8245,54.6339],[-117.8645,54.6246],[-117.8645,54.614],[-117.7546,54.6142],[-117.7908,54.6047],[-117.7802,54.5934],[-117.7621,54.5988],[-117.7767,54.5701],[-117.7992,54.5868],[-117.7969,54.5758],[-117.809,54.5724],[-117.7702,54.5616],[-117.7852,54.5447],[-117.7421,54.5431],[-117.7194,54.5291],[-117.7065,54.5301],[-117.721,54.5467],[-117.699,54.5685],[-117.6966,54.593],[-117.6718,54.5938],[-117.6705,54.5738],[-117.6383,54.5661],[-117.6376,54.5948],[-117.6246,54.5961],[-117.6582,54.6124],[-117.6526,54.6247],[-117.6696,54.6378],[-117.7,54.6247],[-117.6993,54.6483],[-117.7267,54.6765],[-117.656,54.6694],[-117.6635,54.6571],[-117.6376,54.6593],[-117.633,54.6503],[-117.6445,54.6449],[-117.6069,54.6158],[-117.594,54.621],[-117.6017,54.6391],[-117.5354,54.6994],[-117.4794,54.7182],[-117.4105,54.7223],[-117.488,54.6873],[-117.4452,54.6642],[-117.4978,54.6724],[-117.5116,54.6615],[-117.4771,54.6538],[-117.4805,54.6382],[-117.512,54.6413],[-117.4679,54.6188],[-117.4793,54.6096],[-117.456,54.5982],[-117.4982,54.594],[-117.507,54.6171],[-117.5193,54.614],[-117.5576,54.5816],[-117.552,54.5658],[-117.5103,54.571],[-117.4662,54.5576],[-117.4357,54.5745],[-117.4478,54.5386],[-117.4394,54.5263],[-117.4148,54.5277],[-117.4075,54.5596],[-117.3747,54.5798],[-117.3445,54.5817],[-117.3483,54.5585],[-117.3358,54.5464],[-117.2462,54.5156],[-117.2291,54.5284],[-117.2387,54.563],[-117.2222,54.5776],[-117.1926,54.5235],[-117.2151,54.4844],[-117.2124,54.4644],[-117.1691,54.4433],[-117.1851,54.419],[-117.1272,54.4004],[-117.0855,54.4016],[-117.0566,54.4226],[-117.0375,54.4153],[-117.0636,54.365],[-117.0991,54.3545],[-117.0821,54.342],[-117.0465,54.3431],[-116.9606,54.2991],[-116.962,54.3248],[-116.9919,54.349],[-116.9707,54.3577],[-116.8863,54.3355],[-116.8802,54.3456],[-116.9379,54.3809],[-116.8947,54.3836],[-116.8907,54.3945],[-116.8068,54.3675],[-116.7894,54.348],[-116.7735,54.3617],[-116.7743,54.3806],[-116.7296,54.3851],[-116.7114,54.3733],[-116.7301,54.4008],[-116.7066,54.3968],[-116.6791,54.3779],[-116.6627,54.3846],[-116.6512,54.3465],[-116.6208,54.3361],[-116.6406,54.362],[-116.6281,54.3862],[-116.5381,54.4278],[-116.4453,54.5193],[-116.4272,54.5125],[-116.3926,54.5244],[-116.4058,54.5763],[-116.3956,54.596],[-116.4148,54.6207],[-116.537,54.6508],[-116.551,54.659],[-116.5512,54.6758],[-116.4373,54.6796],[-116.3786,54.6594],[-116.4121,54.6799],[-116.3162,54.6948],[-116.2737,54.7334],[-116.2108,54.7618],[-116.2308,54.7773],[-116.3352,54.7797],[-116.4126,54.8056],[-116.6102,54.919],[-116.6832,54.9024],[-116.7028,54.9173],[-116.7123,54.898],[-116.7509,54.9121],[-116.7466,54.9329],[-116.7141,54.9514],[-116.7136,54.9654],[-116.7492,54.9872],[-116.7462,55.0003],[-116.7657,55.0219],[-116.7952,55.015],[-116.8096,55.041],[-116.8542,55.0665],[-116.8367,55.0869],[-116.8037,55.0906],[-116.7927,55.0771],[-116.8009,55.0582],[-116.7499,55.0439],[-116.7059,55.0562],[-116.7045,55.0667],[-116.6587,55.0622],[-116.667,55.0545],[-116.6584,55.0496],[-116.5684,55.0728],[-116.5234,55.0228],[-116.491,55.0502],[-116.4445,55.0603],[-116.4399,55.0839],[-116.4083,55.0823],[-116.3743,55.0343],[-116.3881,55.0124],[-116.3779,55.0142],[-116.3761,54.9919],[-116.3574,54.9774],[-116.366,54.968],[-116.3501,54.9524],[-116.3393,54.9837],[-116.3279,54.9804],[-116.3324,54.9957],[-116.3116,55.0032],[-116.2943,54.991],[-116.2957,55.0051],[-116.2596,54.9968],[-116.2425,55.0067],[-116.2448,55.0619],[-116.2174,55.0843],[-116.1902,55.0835],[-116.1586,55.0687],[-116.186,55.0529],[-116.1811,55.0318],[-116.1408,55.0485],[-116.1208,55.0132],[-116.1178,54.9948],[-116.1377,54.9718],[-116.1256,54.9675],[-116.1407,54.9648],[-116.1185,54.9547],[-116.1187,54.9298],[-116.101,54.9447],[-116.0847,54.9923],[-116.0403,54.9707],[-116.034,55.0075],[-115.9942,55.0157],[-115.9953,55.0273],[-115.9726,55.0361],[-115.9662,55.1103],[-115.9957,55.1365],[-116.0266,55.1358],[-116.0588,55.1676],[-116.0923,55.1769],[-116.0605,55.2141],[-115.9973,55.2344],[-115.992,55.2498],[-116.0144,55.2699],[-115.9748,55.2914],[-115.9465,55.2826],[-115.9649,55.255],[-115.951,55.2403],[-115.9682,55.2321],[-115.9254,55.2054],[-115.9463,55.1867],[-115.9317,55.1821],[-115.9378,55.17],[-115.9247,55.1599],[-115.9363,55.1582],[-115.9201,55.1446],[-115.9439,55.0978],[-115.9155,55.071],[-115.8706,55.1003],[-115.8797,55.1164],[-115.8685,55.1501],[-115.8559,55.1446],[-115.8564,55.1235],[-115.8397,55.1228],[-115.8154,55.1632],[-115.8256,55.1745],[-115.8024,55.2018],[-115.7393,55.1567],[-115.7056,55.1484],[-115.702,55.1272],[-115.7236,55.1041],[-115.7166,55.0979],[-115.6803,55.1184],[-115.6667,55.1411],[-115.6805,55.1725],[-115.7556,55.2332],[-115.7484,55.253],[-115.7223,55.2596],[-115.6966,55.2306],[-115.668,55.2433],[-115.6342,55.236],[-115.615,55.1967],[-115.546,55.208],[-115.5247,55.1858],[-115.5241,55.1669],[-115.4693,55.1952],[-115.4437,55.173],[-115.4181,55.1758],[-115.4121,55.1541],[-115.5405,55.1503],[-115.5172,55.1301],[-115.5253,55.1199],[-115.4617,55.1242],[-115.4724,55.113],[-115.4659,55.1036],[-115.4095,55.093],[-115.4266,55.0678],[-115.3598,55.0694],[-115.343,55.0652],[-115.3401,55.0495],[-115.3001,55.0512],[-115.2686,55.0624],[-115.2849,55.0826],[-115.2616,55.0936],[-115.2865,55.0918],[-115.2842,55.1213],[-115.2177,55.1248],[-115.2758,55.1396],[-115.2589,55.1619],[-115.2687,55.1834],[-115.2251,55.1764],[-115.1854,55.1529],[-115.1694,55.1628],[-115.1846,55.1717],[-115.1709,55.1812],[-115.212,55.1846],[-115.2749,55.2274],[-115.2782,55.2391],[-115.2659,55.2452],[-115.2749,55.2539],[-115.2029,55.2843],[-115.191,55.2715],[-115.1984,55.2437],[-115.1789,55.2567],[-115.1593,55.2481],[-115.1541,55.2588],[-115.107,55.2415],[-115.1208,55.2645],[-115.1068,55.2714],[-115.1496,55.2787],[-115.1501,55.2963],[-115.1399,55.2966],[-115.1457,55.3257],[-115.0571,55.3491],[-115.1125,55.3051],[-115.0874,55.3075],[-115.078,55.2834],[-115.0532,55.3016],[-115.0673,55.3145],[-115.0592,55.3219],[-115.0248,55.3036],[-115.0118,55.2752],[-115.0555,55.249],[-115.0386,55.2306],[-115.0246,55.2408],[-114.9941,55.2278],[-114.9381,55.2364],[-114.9491,55.2453],[-114.9313,55.2605],[-114.9223,55.2488],[-114.8685,55.258],[-114.8407,55.2338],[-114.881,55.2162],[-114.9033,55.2241],[-114.898,55.2041],[-114.9334,55.178],[-114.7788,55.192],[-114.7696,55.177],[-114.7481,55.1743],[-114.7567,55.1701],[-114.7392,55.1535],[-114.7348,55.1677],[-114.6939,55.1697],[-114.7029,55.1943],[-114.6916,55.197],[-114.6681,55.1727],[-114.6292,55.1764],[-114.6007,55.1546],[-114.6377,55.1502],[-114.6224,55.1349],[-114.647,55.1371],[-114.6383,55.1259],[-114.6675,55.1106],[-114.6568,55.105],[-114.6631,55.0899],[-114.5819,55.1328],[-114.5971,55.1119],[-114.5554,55.1249],[-114.5448,55.1151],[-114.5683,55.1036],[-114.5362,55.112],[-114.5349,55.0869],[-114.5127,55.1003],[-114.5049,55.0614],[-114.539,55.051],[-114.5825,55.0625],[-114.5885,55.0886],[-114.6089,55.0854],[-114.6041,55.0657],[-114.6152,55.0627],[-114.6,55.0452],[-114.6349,55.0014],[-114.5567,55.0154],[-114.5456,55.0081],[-114.5512,54.9948],[-114.5932,54.9782],[-114.5555,54.9718],[-114.5859,54.9421],[-114.6109,54.9341],[-114.7065,54.9477],[-114.71,54.9666],[-114.7508,54.9301],[-114.8265,54.9134],[-114.7991,54.9015],[-114.8284,54.8584],[-114.7729,54.9008],[-114.731,54.915],[-114.683,54.914],[-114.6522,54.9],[-114.7051,54.875],[-114.7216,54.8442],[-114.7184,54.82],[-114.7661,54.8174],[-114.7453,54.7974],[-114.8051,54.7406],[-114.799,54.7302],[-114.9557,54.6378],[-115.001,54.5895],[-115.0242,54.5205],[-115.0843,54.4949],[-114.9873,54.4139],[-115.0025,54.4096],[-114.9837,54.3989],[-115.0015,54.3793],[-115.1249,54.3669],[-115.1414,54.3426],[-115.2322,54.3322],[-115.3154,54.2922],[-115.3776,54.2779],[-115.4877,54.2],[-115.6049,54.1742],[-115.6271,54.1791],[-115.6297,54.1703],[-115.7168,54.1904],[-115.7851,54.2328],[-115.8078,54.2342],[-115.8232,54.2181],[-115.8662,54.2242],[-115.9945,54.2636],[-116.1073,54.2493],[-116.2558,54.2579],[-116.2942,54.2337],[-116.0993,54.2064],[-116.0622,54.1936],[-116.061,54.1736],[-116.0199,54.1621],[-115.8893,54.1692],[-115.8381,54.1533],[-115.8252,54.1367],[-115.8228,54.0958],[-115.8547,54.0609],[-115.846,54.0196],[-115.8653,54.0168],[-115.8528,54.0105],[-115.8672,54.0031],[-115.8363,53.9876],[-115.8247,53.991],[-115.8444,54.0067],[-115.8184,54.0225],[-115.8283,54.0437],[-115.8195,54.0585],[-115.7584,54.0995],[-115.6696,54.1062],[-115.6467,54.098],[-115.6368,54.0737],[-115.6157,54.0733],[-115.574,54.0418],[-115.5591,54.0463],[-115.5633,54.062],[-115.5929,54.0856],[-115.5548,54.0884],[-115.495,54.122],[-115.4354,54.1032],[-115.4255,54.0731],[-115.4467,54.0606],[-115.4132,54.0437],[-115.4332,54.022],[-115.4893,54.0161],[-115.4311,54.0001],[-115.4577,53.9949],[-115.4087,53.9719],[-115.4128,53.9455],[-115.4584,53.9408],[-115.4637,53.9084],[-115.5423,53.9404],[-115.586,53.934],[-115.5641,53.9123],[-115.6119,53.9032],[-115.5898,53.891],[-115.595,53.8831],[-115.5394,53.8799],[-115.5267,53.8591],[-115.49,53.8516],[-115.4949,53.8381],[-115.5127,53.8398],[-115.5009,53.8281],[-115.535,53.8357],[-115.5245,53.8154],[-115.4572,53.7949],[-115.3949,53.8263],[-115.381,53.7948],[-115.3914,53.7886],[-115.348,53.7719],[-115.4021,53.7731],[-115.3732,53.7509],[-115.4038,53.7553],[-115.3536,53.7359],[-115.3534,53.7171],[-115.3931,53.7129],[-115.4093,53.7236],[-115.4048,53.7328],[-115.4429,53.7407],[-115.4687,53.7615],[-115.5133,53.7618],[-115.5186,53.7698],[-115.5018,53.7751],[-115.5232,53.7848],[-115.5364,53.7516],[-115.586,53.7597],[-115.6034,53.7761],[-115.604,53.7558],[-115.6273,53.7506],[-115.6019,53.727],[-115.6192,53.7084],[-115.6123,53.6896],[-115.6508,53.6684],[-115.625,53.6595],[-115.6334,53.6475],[-115.6239,53.6395],[-115.6027,53.6465],[-115.5019,53.6205],[-115.5217,53.5953],[-115.4878,53.5609],[-115.4751,53.5715],[-115.4852,53.5872],[-115.4723,53.589],[-115.4285,53.5565],[-115.4192,53.5621],[-115.4284,53.5702],[-115.3619,53.5737],[-115.2913,53.537],[-115.2951,53.5099],[-115.3199,53.5063],[-115.319,53.4951],[-115.3538,53.5114],[-115.3721,53.5029],[-115.3909,53.5109],[-115.3958,53.5011],[-115.3663,53.4807],[-115.3471,53.4823],[-115.3477,53.4635],[-115.3115,53.4446],[-115.3073,53.4166],[-115.2853,53.4065],[-115.3506,53.3812],[-115.3729,53.4093],[-115.3771,53.4001],[-115.4141,53.4143],[-115.4108,53.3997],[-115.3839,53.3854],[-115.4239,53.3768],[-115.425,53.3669],[-115.3207,53.3298],[-115.3039,53.3145],[-115.3235,53.3088],[-115.2645,53.2753],[-115.2655,53.2663],[-115.2992,53.2622],[-115.2529,53.233],[-115.2634,53.2003],[-115.3866,53.2604],[-115.3286,53.2084],[-115.2682,53.1805],[-115.2673,53.1566],[-115.3146,53.1636],[-115.302,53.15],[-115.3117,53.1399],[-115.3831,53.1434],[-115.3749,53.1275],[-115.4191,53.1196],[-115.4144,53.0928],[-115.3295,53.1137],[-115.287,53.0869],[-115.2826,53.1041],[-115.2325,53.0918],[-115.2131,53.1142],[-115.181,53.1233],[-115.1757,53.1586],[-115.1872,53.1828],[-115.162,53.1559],[-115.1136,53.1563],[-115.0925,53.1251],[-115.0503,53.1015],[-115.067,53.0956],[-115.0898,53.1153],[-115.1362,53.1057],[-115.162,53.072],[-115.1785,53.0689],[-115.2024,53.0858],[-115.2551,53.0559],[-115.2544,53.0442],[-115.2869,53.0428],[-115.2568,53.0371],[-115.2689,53.0245],[-115.2593,53.0182],[-115.2795,53.0125],[-115.2657,53.0029],[-115.282,52.9997],[-115.2509,52.9759],[-115.2384,52.9388],[-115.2706,52.9191],[-115.2414,52.88],[-115.1827,52.8713],[-115.1637,52.8321],[-115.1281,52.8279],[-115.113,52.8464],[-115.1493,52.894],[-115.1305,52.9027],[-115.1754,52.9385],[-115.1882,52.9724],[-115.167,52.9878],[-115.1691,53.0014],[-115.1101,53.0149],[-115.0566,52.9706],[-115.0558,52.9308],[-115.0305,52.8988],[-115.0345,52.8803],[-114.9954,52.8469],[-114.9728,52.8438],[-114.9743,52.8616],[-114.9587,52.8733],[-114.9992,52.9172],[-114.9843,52.9522],[-115.0277,53.007],[-115.0042,53.0207],[-114.9639,53.0052],[-114.9578,52.9825],[-114.943,52.9809],[-114.9252,52.95],[-114.8958,52.9604],[-114.9522,53.0544],[-114.9084,53.0905],[-114.8871,53.0738],[-114.8876,53.0297],[-114.8486,53.0412],[-114.8354,53.0014],[-114.814,53.0001],[-114.7758,52.9696],[-114.8022,52.9596],[-114.7915,52.9541],[-114.7924,52.9196],[-114.7381,52.9372],[-114.6933,52.923],[-114.6603,52.927],[-114.7283,52.9715],[-114.735,52.987],[-114.6945,52.9953],[-114.7157,53.0006],[-114.7062,53.0047],[-114.7122,53.0186],[-114.7522,53.0096],[-114.7746,53.0407],[-114.7689,53.0522],[-114.7217,53.0624],[-114.6395,53.0465],[-114.6492,53.0328],[-114.6194,53.0291],[-114.62,53.0458],[-114.6048,53.0428],[-114.5649,53.0188],[-114.5468,53.0006],[-114.5534,52.9874],[-114.5976,52.9649],[-114.5729,52.9572],[-114.573,52.9274],[-114.5098,52.9431],[-114.4765,52.9279],[-114.4659,52.9315],[-114.4731,52.9395],[-114.4308,52.9361],[-114.4349,52.9519],[-114.3863,52.9703],[-114.3914,52.9558],[-114.3648,52.9473],[-114.3603,52.9339],[-114.2558,52.909],[-114.4845,52.8466],[-114.5277,52.8647],[-114.5662,52.8631],[-114.5712,52.8411],[-114.5523,52.8209],[-114.5675,52.7897],[-114.5956,52.7883],[-114.594,52.7687],[-114.6079,52.7675],[-114.601,52.752],[-114.6143,52.7232],[-114.5978,52.7087],[-114.649,52.7159],[-114.6678,52.6998],[-114.6536,52.6826],[-114.6986,52.6842],[-114.7217,52.6732],[-114.7091,52.6593],[-114.7304,52.66],[-114.676,52.6422],[-114.6824,52.6265],[-114.6702,52.6074],[-114.6468,52.6044],[-114.6525,52.5981],[-114.6237,52.5794],[-114.6487,52.5732],[-114.6805,52.592],[-114.6808,52.5712],[-114.6535,52.5594],[-114.6922,52.555],[-114.674,52.5456],[-114.7122,52.5345],[-114.7465,52.5051],[-114.7588,52.5158],[-114.773,52.4781],[-114.8176,52.464],[-114.8388,52.4753],[-114.8675,52.4691],[-114.9852,52.5217],[-114.9805,52.4925],[-115.0044,52.4692],[-115.0063,52.4392],[-114.9684,52.4171],[-114.9619,52.3954],[-114.9837,52.3891],[-115.0086,52.3541],[-115.0609,52.36],[-115.0688,52.3472],[-114.9721,52.3463],[-114.9421,52.3188],[-114.9551,52.2631],[-114.9437,52.2176],[-114.9685,52.1622],[-114.8874,52.1115],[-114.8899,52.0792],[-114.8774,52.0604],[-114.8074,52.0515],[-114.7808,52.0313],[-114.7376,52.0245],[-114.7156,52.0022],[-114.7465,51.9377],[-114.806,51.9078],[-114.7688,51.9009],[-114.7585,51.859],[-114.7343,51.8381],[-114.7672,51.8303],[-114.8318,51.8622],[-114.8829,51.8543],[-114.8867,51.8415],[-114.847,51.8251],[-114.834,51.7962],[-114.8162,51.7912],[-114.8138,51.7759],[-114.8379,51.7738],[-114.8192,51.7535],[-114.826,51.7165],[-114.7919,51.7208],[-114.7967,51.7484],[-114.7798,51.7517],[-114.6462,51.6149],[-114.6212,51.6088],[-114.6065,51.6171],[-114.6004,51.6787],[-114.5766,51.6631],[-114.5517,51.5846],[-114.5565,51.5672],[-114.6086,51.5452],[-114.6368,51.5587],[-114.6836,51.5282],[-114.6994,51.4984],[-114.6767,51.5038],[-114.6612,51.4923],[-114.6509,51.5143],[-114.6327,51.487],[-114.6183,51.4853],[-114.6245,51.4706],[-114.5837,51.4663],[-114.5728,51.4798],[-114.5639,51.4685],[-114.5958,51.4113],[-114.6155,51.4042],[-114.6042,51.392],[-114.6089,51.3482],[-114.6249,51.3604],[-114.6541,51.3457],[-114.8571,51.3544],[-114.8813,51.3976],[-114.8795,51.3651],[-114.9,51.3644],[-114.8911,51.3843],[-114.9152,51.3834],[-114.8949,51.3984],[-114.9157,51.4061],[-114.8855,51.4149],[-114.919,51.4196],[-114.9299,51.4323],[-114.9087,51.4235],[-114.9005,51.4346],[-114.8905,51.4212],[-114.884,51.446],[-114.8691,51.4227],[-114.8552,51.4353],[-114.8425,51.4272],[-114.8392,51.4411],[-114.8247,51.4273],[-114.8659,51.4741],[-114.8642,51.4584],[-114.8852,51.4663],[-114.8891,51.4506],[-114.9103,51.4624],[-114.9104,51.4791],[-114.8948,51.4697],[-114.8871,51.4824],[-114.8698,51.4796],[-114.9059,51.5363],[-114.9161,51.5284],[-114.923,51.5416],[-114.8976,51.5536],[-114.8351,51.4874],[-114.8165,51.4932],[-114.8344,51.505],[-114.8317,51.5265],[-114.8105,51.498],[-114.798,51.5168],[-114.7841,51.5006],[-114.7888,51.4889],[-114.7711,51.4808],[-114.7581,51.4921],[-114.7855,51.5483],[-114.829,51.5748],[-114.8256,51.5886],[-114.8399,51.5933],[-114.8424,51.5776],[-114.9011,51.5935],[-114.9207,51.5872],[-114.9325,51.5789],[-114.9247,51.5525],[-114.9504,51.5797],[-114.9494,51.5564],[-114.9711,51.5728],[-114.9836,51.5596],[-114.9881,51.5708],[-115.0418,51.5661],[-114.9854,51.5828],[-115.0062,51.5889],[-114.9846,51.5865],[-114.9825,51.5976],[-114.9596,51.5862],[-114.9414,51.5919],[-114.9331,51.6078],[-114.99,51.633],[-115.0351,51.6319],[-115.0304,51.6247],[-115.0472,51.6272],[-115.0561,51.6139],[-115.0594,51.6231],[-115.1162,51.6282],[-115.1486,51.617],[-115.1137,51.6351],[-115.1306,51.6454],[-115.2036,51.6468],[-115.1344,51.6587],[-115.0682,51.6346],[-115.0253,51.6567],[-115.0416,51.6822],[-115.032,51.7011],[-115.0514,51.7238],[-115.0051,51.7103],[-115.0098,51.7352],[-114.9834,51.7379],[-114.962,51.7077],[-114.95,51.7149],[-114.9156,51.6933],[-114.9456,51.7275],[-114.9062,51.7183],[-114.9401,51.7502],[-114.9753,51.7512],[-114.9538,51.7599],[-114.9849,51.7755],[-114.9653,51.7856],[-114.9833,51.7991],[-114.9815,51.7872],[-115.0107,51.793],[-115.0066,51.8026],[-115.0256,51.8151],[-115.006,51.8147],[-115.0461,51.8335],[-115.0503,51.8404],[-115.0274,51.8389],[-115.0678,51.8563],[-115.0583,51.8611],[-115.0639,51.8712],[-115.0878,51.8585],[-115.084,51.8439],[-115.0987,51.8523],[-115.1313,51.8246],[-115.1849,51.8168],[-115.2049,51.7824],[-115.2221,51.7749],[-115.2141,51.7891],[-115.2287,51.7957],[-115.2072,51.815],[-115.2588,51.8212],[-115.2319,51.8464],[-115.1855,51.8338],[-115.2308,51.8711],[-115.1113,51.8739],[-115.1213,51.8909],[-115.0858,51.8905],[-115.0895,51.9119],[-115.0321,51.9079],[-115.0376,51.921],[-115.068,51.92],[-115.0491,51.9261],[-115.05,51.9441],[-115.0189,51.9468],[-115.0454,51.9741],[-115.0795,51.9542],[-115.0973,51.9593],[-115.1112,51.9739],[-115.0862,51.9896],[-115.0908,52.0121],[-115.1716,51.9861],[-115.1822,51.9577],[-115.1965,51.9765],[-115.2937,51.9572],[-115.3227,51.9657],[-115.3227,51.9803],[-115.3011,51.9642],[-115.2541,51.9772],[-115.2471,52.0097],[-115.2183,52.0026],[-115.2297,52.0199],[-115.2997,52.0567],[-115.221,52.0561],[-115.2494,52.062],[-115.2418,52.066],[-115.2768,52.0978],[-115.2949,52.0883],[-115.306,52.102],[-115.3533,52.11],[-115.3481,52.1259],[-115.2216,52.0898],[-115.2027,52.1094],[-115.1851,52.1032],[-115.1469,52.1179],[-115.1181,52.1471],[-115.0845,52.1551],[-115.1371,52.1728],[-115.1771,52.1652],[-115.1685,52.1797],[-115.1881,52.1955],[-115.2217,52.1877],[-115.2067,52.2037],[-115.2249,52.2083],[-115.219,52.2139],[-115.1496,52.2114],[-115.186,52.2402],[-115.2783,52.2473],[-115.3248,52.2306],[-115.3235,52.2431],[-115.3389,52.2478],[-115.2518,52.2796],[-115.2695,52.2848],[-115.2644,52.2959],[-115.3109,52.2982],[-115.3142,52.3067],[-115.2906,52.3181],[-115.2976,52.3265],[-115.3539,52.3301],[-115.338,52.3461],[-115.3445,52.3531],[-115.327,52.3539],[-115.331,52.3628],[-115.3732,52.368],[-115.3967,52.3541],[-115.3963,52.3346],[-115.4312,52.3453],[-115.423,52.3191],[-115.4363,52.3348],[-115.4351,52.3139],[-115.4811,52.3092],[-115.5008,52.2797],[-115.531,52.2764],[-115.5262,52.283],[-115.5532,52.2859],[-115.5323,52.2938],[-115.5379,52.3045],[-115.4995,52.3008],[-115.5072,52.3084],[-115.483,52.3237],[-115.4962,52.3286],[-115.4824,52.336],[-115.4967,52.3548],[-115.4762,52.3707],[-115.4941,52.3788],[-115.5239,52.3624],[-115.5726,52.3585],[-115.575,52.3694],[-115.5529,52.369],[-115.5146,52.4002],[-115.5821,52.4119],[-115.5553,52.4199],[-115.5662,52.4256],[-115.6361,52.4218],[-115.6839,52.4343],[-115.7412,52.4148],[-115.8011,52.4168],[-115.8252,52.4083],[-115.8203,52.3978],[-115.8855,52.393],[-115.886,52.3818],[-116.0171,52.396],[-116.1924,52.3931],[-116.0239,52.4038],[-115.8911,52.3949],[-115.8505,52.4244],[-115.8534,52.4429],[-115.8216,52.4342],[-115.8111,52.4554],[-115.897,52.4988],[-115.7888,52.4818],[-115.7336,52.4602],[-115.6918,52.4701],[-115.6997,52.4891],[-115.6517,52.5014],[-115.6549,52.5242],[-115.6372,52.5233],[-115.6762,52.534],[-115.6903,52.5443],[-115.6835,52.5527],[-115.7039,52.5526],[-115.6704,52.562],[-115.7432,52.579],[-115.7291,52.5888],[-115.7334,52.6005],[-115.708,52.5907],[-115.6933,52.607],[-115.6512,52.5899],[-115.6699,52.625],[-115.6541,52.623],[-115.6543,52.6391],[-115.7104,52.6473],[-115.7237,52.6667],[-115.751,52.651],[-115.7806,52.655],[-115.7979,52.6366],[-115.7995,52.6532],[-115.8552,52.6466],[-115.8656,52.6655],[-115.8771,52.6518],[-115.942,52.6706],[-115.9258,52.6834],[-115.9504,52.6954],[-115.8993,52.7053],[-115.9247,52.7201],[-115.9394,52.7057],[-115.9753,52.7153],[-115.9862,52.6979],[-116.0112,52.7133],[-116.0149,52.6908],[-116.0571,52.7082],[-116.0449,52.6737],[-116.0644,52.6582],[-116.0562,52.6691],[-116.0811,52.7005],[-116.1857,52.7011],[-116.1601,52.7127],[-116.1175,52.7095],[-116.0877,52.7324],[-116.1755,52.7226],[-116.2155,52.7542],[-116.1969,52.7705],[-116.2171,52.7621],[-116.2178,52.7747],[-116.2336,52.7799],[-116.2603,52.7644],[-116.2585,52.7528],[-116.2731,52.7672],[-116.2499,52.7894],[-116.3231,52.8044],[-116.3569,52.8236],[-116.3531,52.8372],[-116.3852,52.8637],[-116.4123,52.8748],[-116.3572,52.8801],[-116.3448,52.8916],[-116.3278,52.8793],[-116.3141,52.8943],[-116.2529,52.8829],[-116.2535,52.892],[-116.2238,52.8944],[-116.1366,52.8669],[-116.1545,52.8831],[-116.1084,52.873],[-116.1092,52.8818],[-116.0876,52.8834],[-116.1025,52.8895],[-116.0934,52.8965],[-116.0319,52.8724],[-116.0691,52.9143],[-115.9986,52.9231],[-115.9929,52.9292],[-116.0116,52.9373],[-115.9867,52.9694],[-116.0559,52.9491],[-116.082,52.9258],[-116.1099,52.9199],[-116.1033,52.9371],[-116.1119,52.938],[-116.1726,52.9179],[-116.2104,52.9231],[-116.0825,52.9583],[-116.0703,52.9797],[-116.1424,52.9549],[-116.1897,52.9671],[-116.2358,52.9593],[-116.2442,52.9731],[-116.1985,52.9761],[-116.189,52.9852],[-116.1981,53.0045],[-116.1598,53.0073],[-116.1602,53.0173],[-116.0541,53.014],[-116.0734,53.0276],[-116.0378,53.0337],[-116.0123,53.0207],[-115.9886,53.0315],[-115.9365,53.019],[-115.9307,53.0341],[-115.8949,53.0301],[-115.901,53.0494],[-115.9399,53.0532],[-115.878,53.0667],[-115.8824,53.0814],[-115.9489,53.0722],[-115.9652,53.0773],[-115.9695,53.094],[-116.0097,53.0968],[-115.9991,53.1077],[-115.9518,53.1107],[-115.9706,53.1229],[-115.9324,53.144],[-115.9698,53.1551],[-116.0046,53.1486],[-116.0191,53.1317],[-116.0574,53.1331],[-116.0276,53.156],[-116.0135,53.1526],[-116.0575,53.1678],[-116.0594,53.183],[-116.0785,53.1785],[-116.0875,53.1879],[-116.0708,53.1993],[-116.0991,53.2045],[-116.1477,53.1663],[-116.1429,53.1806],[-116.159,53.1899],[-116.1479,53.1949],[-116.1764,53.1982],[-116.1936,53.2431],[-116.2278,53.2098],[-116.3109,53.212],[-116.3655,53.151],[-116.3907,53.1459],[-116.4222,53.117],[-116.4731,53.1197],[-116.4834,53.1377],[-116.526,53.1591],[-116.5265,53.1811],[-116.5724,53.1744],[-116.5618,53.1634],[-116.578,53.1379],[-116.6016,53.149],[-116.6245,53.1385],[-116.6025,53.1309],[-116.5948,53.099],[-116.6157,53.088],[-116.6263,53.1082],[-116.65,53.1022],[-116.6498,53.1154],[-116.6765,53.1197],[-116.657,53.1199],[-116.6442,53.1518],[-116.7527,53.171],[-116.7,53.1764],[-116.6959,53.1944],[-116.7131,53.2028],[-116.6613,53.2139],[-116.7021,53.2489],[-116.6867,53.2591],[-116.7035,53.2679],[-116.7642,53.2636],[-116.8303,53.2779],[-116.8401,53.2718],[-116.8107,53.2572],[-116.8421,53.2635],[-116.836,53.2506],[-116.8527,53.2552],[-116.8467,53.2447],[-116.8575,53.2403],[-116.8819,53.2441],[-116.8649,53.264],[-116.8921,53.2659],[-116.8881,53.2802],[-116.932,53.2799],[-116.9275,53.2527],[-116.9485,53.257],[-116.9521,53.2383],[-116.9134,53.2225],[-116.8963,53.2291],[-116.843,53.1857],[-116.793,53.1769],[-116.7943,53.1657],[-116.8277,53.156],[-116.8867,53.179],[-116.8821,53.1897],[-117.0226,53.2368],[-117.0347,53.2552],[-117.0003,53.2466],[-117.0005,53.2641],[-117.0368,53.2791],[-117.0198,53.2882],[-117.0381,53.3005],[-117.0658,53.303],[-117.0553,53.3245],[-117.0839,53.3301],[-117.0564,53.3636],[-117.0763,53.3554],[-117.1074,53.3807],[-117.1391,53.3807],[-117.1448,53.4124],[-117.1549,53.4118],[-117.1527,53.3716],[-117.1696,53.3553],[-117.1566,53.3393],[-117.1987,53.3642],[-117.2549,53.3405],[-117.2395,53.3511],[-117.2596,53.3672],[-117.2178,53.3766],[-117.2228,53.4259],[-117.2125,53.4326],[-117.2257,53.4367],[-117.1743,53.4974],[-117.1744,53.5141],[-117.1915,53.5205],[-117.1815,53.5337],[-117.2021,53.5441],[-117.2698,53.5177],[-117.2995,53.4895],[-117.3192,53.4911],[-117.3579,53.4492],[-117.4895,53.4134],[-117.4866,53.4038],[-117.5035,53.4032],[-117.5021,53.3869],[-117.5478,53.3661],[-117.5313,53.3477],[-117.5548,53.3509],[-117.5793,53.3304],[-117.5729,53.3024],[-117.6085,53.3121],[-117.6571,53.2941],[-117.4607,53.4702],[-117.5627,53.4632],[-117.7268,53.3969],[-117.7256,53.4069],[-117.7513,53.4018],[-117.815,53.45],[-117.8307,53.4818],[-117.8324,53.5373],[-117.7708,53.5793],[-117.7526,53.5751],[-117.7844,53.5449],[-117.7891,53.513],[-117.7734,53.4932],[-117.7556,53.4925],[-117.7834,53.4769],[-117.7474,53.4576],[-117.6845,53.4486],[-117.6547,53.4818],[-117.6344,53.4647],[-117.4676,53.5313],[-117.4565,53.5399],[-117.4633,53.5536],[-117.4439,53.5695],[-117.3976,53.5606],[-117.3189,53.6086],[-117.3243,53.6307],[-117.381,53.6313],[-117.3268,53.6548],[-117.3437,53.6635],[-117.3449,53.6898],[-117.303,53.6891],[-117.2709,53.7068],[-117.2683,53.7205],[-117.2763,53.7394],[-117.3155,53.7382],[-117.3395,53.7527],[-117.2785,53.7647],[-117.2617,53.7799],[-117.2532,53.7899],[-117.2745,53.8118],[-117.1945,53.8926],[-117.2012,53.8997],[-117.3052,53.8412],[-117.3377,53.8409],[-117.3554,53.8141],[-117.3778,53.8047],[-117.3911,53.8105],[-117.4016,53.8512],[-117.4192,53.8442],[-117.4196,53.8261],[-117.4464,53.8436],[-117.5613,53.8402],[-117.5666,53.8172],[-117.5932,53.8099],[-117.6011,53.8284],[-117.6411,53.8405],[-117.6084,53.848],[-117.5954,53.8743],[-117.4715,53.8722],[-117.4131,53.9187],[-117.4741,53.91],[-117.5213,53.9204],[-117.5444,53.939],[-117.5303,53.9457],[-117.558,53.962],[-117.5509,53.989],[-117.5272,53.9933],[-117.4467,53.9673],[-117.4186,53.9786],[-117.4386,53.9888],[-117.4161,53.9892],[-117.5266,54.0331],[-117.5554,54.0363],[-117.6117,54.0174],[-117.6246,54.0274],[-117.591,54.0334],[-117.5847,54.0538],[-117.4504,54.0855],[-117.3075,54.0671],[-117.2015,54.0684],[-117.0569,54.0452],[-117.0127,54.0579],[-116.9651,54.042],[-116.968,54.0606],[-116.9552,54.0691],[-116.975,54.0932],[-117.0674,54.1008],[-117.0523,54.1295],[-117.091,54.1361],[-117.1014,54.1421],[-117.0948,54.1497],[-117.1685,54.1607],[-117.2102,54.2063],[-117.2294,54.1874],[-117.2605,54.2058],[-117.2831,54.1992],[-117.2798,54.1885],[-117.3125,54.1961],[-117.3631,54.1708],[-117.3747,54.1786],[-117.4681,54.1619],[-117.6003,54.2044],[-117.5729,54.2153],[-117.4756,54.1981],[-117.4145,54.2044],[-117.3512,54.2316],[-117.3539,54.2427],[-117.29,54.2555],[-117.2855,54.2747],[-117.2594,54.2885],[-117.3221,54.2847],[-117.3021,54.2978],[-117.3375,54.3066],[-117.3597,54.2989],[-117.3535,54.3122],[-117.3764,54.3186],[-117.4044,54.3095],[-117.4105,54.3184],[-117.424,54.3034],[-117.4362,54.3202],[-117.4196,54.3332],[-117.4345,54.3379],[-117.4587,54.3015],[-117.4617,54.326],[-117.5237,54.2901],[-117.5263,54.2997],[-117.5647,54.2976],[-117.4936,54.3269],[-117.5438,54.3325],[-117.5441,54.342],[-117.5649,54.3211],[-117.5694,54.3313],[-117.6176,54.3124],[-117.554,54.3562],[-117.6116,54.3645],[-117.6365,54.3476],[-117.6581,54.3491],[-117.652,54.3347],[-117.6751,54.3382],[-117.6912,54.3077],[-117.7245,54.2918],[-117.724,54.3247],[-117.752,54.3109],[-117.757,54.3282],[-117.7959,54.2955],[-117.7932,54.3244],[-117.8135,54.326],[-117.79,54.3371],[-117.8682,54.3317],[-117.8686,54.3098],[-117.9073,54.2788],[-117.8962,54.3192],[-118.0018,54.3255],[-117.9442,54.3327],[-117.8674,54.3744],[-117.9149,54.3864],[-117.9914,54.3661],[-117.9628,54.3858],[-117.9744,54.392],[-117.9286,54.4123],[-117.9701,54.4177],[-117.9898,54.4054],[-118.0146,54.4178],[-118.0358,54.4143],[-118.0378,54.3899],[-118.0563,54.3812],[-118.0722,54.4036],[-118.0653,54.4093],[-118.0791,54.4077],[-118.0935,54.397],[-118.0869,54.3818],[-118.1061,54.3889],[-118.0988,54.3709],[-118.1153,54.3561],[-118.1381,54.3758],[-118.1387,54.3579],[-118.1678,54.3453],[-118.1651,54.3292],[-118.1796,54.3336],[-118.1765,54.3144],[-118.1863,54.3223],[-118.2807,54.2765],[-118.2721,54.2995],[-118.2226,54.3249],[-118.2733,54.3201],[-118.2072,54.3384],[-118.2139,54.3517],[-118.2475,54.3449],[-118.2328,54.3616],[-118.2456,54.3721],[-118.2278,54.3765],[-118.2751,54.3828],[-118.2457,54.4005],[-118.2863,54.418],[-118.3044,54.4131],[-118.3002,54.3977],[-118.3372,54.375],[-118.3356,54.3631],[-118.3804,54.3534],[-118.3898,54.3222],[-118.3761,54.3204],[-118.3904,54.3044],[-118.4397,54.2897],[-118.4423,54.2711],[-118.4269,54.2556],[-118.4388,54.2523],[-118.436,54.239],[-118.4619,54.2306],[-118.4798,54.2485],[-118.5,54.2278],[-118.479,54.2116],[-118.5131,54.2161],[-118.5253,54.1879],[-118.5418,54.2072],[-118.584,54.1926],[-118.6105,54.1792],[-118.6013,54.171],[-118.6116,54.1593],[-118.6392,54.164],[-118.6418,54.1359],[-118.6694,54.1483],[-118.7163,54.119],[-118.7296,54.1337],[-118.6903,54.1551],[-118.7141,54.1652],[-118.6173,54.2102],[-118.5313,54.2725],[-118.5577,54.2683],[-118.528,54.3153],[-118.5367,54.3248],[-118.5592,54.3194],[-118.5439,54.3419],[-118.5637,54.3399],[-118.5688,54.3636],[-118.5844,54.3246],[-118.5748,54.3188],[-118.5861,54.3126],[-118.5877,54.2952],[-118.5773,54.2909],[-118.6085,54.2855],[-118.6078,54.2676],[-118.6235,54.2689],[-118.6256,54.2832],[-118.6515,54.2728],[-118.6314,54.2986],[-118.6421,54.3199],[-118.6901,54.3106],[-118.6764,54.2905],[-118.6908,54.2737],[-118.7086,54.2751],[-118.7035,54.2943],[-118.7554,54.2892],[-118.7487,54.2478],[-118.7583,54.2317],[-118.7387,54.216],[-118.774,54.218],[-118.7991,54.2068],[-118.7994,54.1927],[-118.8105,54.2067],[-118.8444,54.2003],[-118.7873,54.225],[-118.7862,54.2693],[-118.8498,54.2381],[-118.9142,54.2296],[-118.9153,54.244],[-118.9565,54.2385],[-118.9541,54.2471],[-118.9893,54.2509],[-118.9945,54.2698],[-119.0634,54.2785],[-119.0636,54.2878],[-119.1361,54.2774],[-119.1312,54.2891],[-119.1582,54.2938],[-119.271,54.2608],[-119.2582,54.2409],[-119.2724,54.2147],[-119.2821,54.2626],[-119.3075,54.2403],[-119.4071,54.2378],[-119.336,54.2595],[-119.3095,54.2513],[-119.2918,54.2704],[-119.1948,54.2973],[-119.2026,54.3061],[-119.1881,54.3089],[-119.1836,54.2999],[-119.1164,54.2948],[-119.0542,54.3114],[-119.0297,54.2932],[-118.9998,54.2939],[-118.9924,54.2812],[-118.9163,54.2636],[-118.9045,54.337],[-118.9014,54.3124],[-118.8788,54.3016],[-118.8918,54.2841],[-118.8518,54.2758],[-118.8438,54.2904],[-118.8193,54.2936],[-118.8413,54.3221],[-118.8329,54.3411],[-118.8437,54.3603],[-118.7815,54.3119],[-118.7722,54.3192],[-118.8007,54.3499],[-118.8166,54.391],[-118.7408,54.3376],[-118.7499,54.3811],[-118.7379,54.4001],[-118.7121,54.3661],[-118.6932,54.3662],[-118.6702,54.3754],[-118.6941,54.3866],[-118.6832,54.3981],[-118.7071,54.4022],[-118.677,54.4121],[-118.7198,54.4184],[-118.735,54.4504],[-118.7243,54.4566],[-118.7418,54.4641],[-118.7563,54.4506],[-118.7406,54.4153],[-118.7683,54.408],[-118.7952,54.4131],[-118.8075,54.4315],[-118.8376,54.4308],[-118.8378,54.4438],[-118.8682,54.4348],[-118.9183,54.4543],[-118.9296,54.4359],[-118.9469,54.4534],[-118.9837,54.4416],[-118.976,54.4616],[-118.9957,54.4873],[-119.0211,54.4749],[-119.0068,54.4601],[-119.0386,54.456],[-119.0305,54.436],[-119.053,54.4339],[-119.0488,54.4223],[-119.0968,54.3974],[-119.0662,54.4348],[-119.0691,54.4638],[-119.1319,54.446],[-119.1499,54.4686],[-119.1711,54.4687],[-119.1882,54.4573],[-119.1888,54.4409],[-119.2221,54.4485],[-119.2018,54.4678],[-119.2473,54.4808],[-119.2043,54.4855],[-119.2191,54.509],[-119.2426,54.5181],[-119.2439,54.5386],[-119.2665,54.5456],[-119.3123,54.5351],[-119.284,54.5485],[-119.2818,54.561],[-119.25,54.5575],[-119.2243,54.5509],[-119.1718,54.5017],[-119.1758,54.5501],[-119.1518,54.5351],[-119.1321,54.4957],[-119.0991,54.4948],[-119.1006,54.5055],[-119.0732,54.4979],[-119.0653,54.5084],[-119.0939,54.5218],[-119.0794,54.5276],[-119.1064,54.545],[-119.0992,54.5534],[-119.0677,54.5436],[-119.0777,54.5643],[-119.1173,54.6057],[-119.1374,54.6011],[-119.1718,54.6204],[-119.0373,54.6151],[-118.9766,54.6465],[-118.9915,54.6642],[-119.0273,54.6496],[-119.1025,54.6655],[-119.1222,54.6543],[-119.1288,54.6666],[-119.1483,54.6593],[-119.1648,54.6757],[-119.178,54.6614],[-119.214,54.6667],[-119.2152,54.6574],[-119.2472,54.6532],[-119.2966,54.6218],[-119.3367,54.624],[-119.3364,54.6332],[-119.3583,54.6155],[-119.3952,54.6098],[-119.3901,54.5953],[-119.4237,54.5933],[-119.44,54.6048],[-119.4631,54.5964],[-119.4602,54.5816],[-119.4781,54.5899],[-119.4976,54.5818],[-119.5152,54.6026],[-119.5602,54.6155],[-119.58,54.5846],[-119.62,54.5986],[-119.6392,54.5913],[-119.6368,54.5785],[-119.6812,54.587],[-119.6657,54.5739],[-119.6749,54.5655],[-119.6658,54.55],[-119.6764,54.5476],[-119.6601,54.5328],[-119.6755,54.5265],[-119.6415,54.5187],[-119.5913,54.4702],[-119.6308,54.4663],[-119.6413,54.4858],[-119.7012,54.5224],[-119.7134,54.4946],[-119.7224,54.5276],[-119.7128,54.5454],[-119.7562,54.5745],[-119.7481,54.5863],[-119.7816,54.6189],[-119.7669,54.6278],[-119.7658,54.6488],[-119.7724,54.6605],[-119.7828,54.6506],[-119.79,54.6673],[-119.7052,54.6987],[-119.876,54.7199],[-119.8606,54.7012],[-119.8299,54.7015],[-119.8216,54.684],[-119.8523,54.6765],[-119.8482,54.642],[-119.879,54.6055],[-119.8316,54.5842],[-119.8242,54.5459],[-119.7998,54.5203],[-119.7844,54.4742],[-119.783,54.4531],[-119.8043,54.4387],[-119.7998,54.4252],[-119.8151,54.4118],[-119.8341,54.4171],[-119.8022,54.462],[-119.8047,54.4868],[-119.8561,54.5734],[-119.8808,54.5791],[-119.8738,54.5574],[-119.8959,54.5871],[-119.9217,54.5931],[-119.9019,54.5978],[-119.9106,54.6285],[-119.8945,54.6509],[-119.9049,54.6796],[-119.9327,54.681],[-119.927,54.6943],[-119.9397,54.7064],[-119.9766,54.6735],[-119.9728,54.6616],[-120.0,54.6707],[-119.9745,54.6879],[-119.9888,54.7205],[-119.999,54.723],[-120.0,54.7123],[-120.0,54.8663],[-119.8427,54.8304]],[[-115.6516,54.9965],[-115.5707,55.0485],[-115.5896,55.0609],[-115.6531,55.0219],[-115.675,55.0307],[-115.6739,55.0106],[-115.707,55.0133],[-115.6906,54.9976],[-115.7485,54.9572],[-115.7406,54.9287],[-115.7579,54.9392],[-115.7888,54.917],[-115.8075,54.9723],[-115.7939,54.9896],[-115.8544,54.9952],[-115.8262,54.969],[-115.8496,54.9405],[-115.9088,54.9232],[-115.8937,54.9153],[-115.8921,54.8927],[-115.9206,54.8801],[-115.9177,54.8613],[-115.9332,54.8535],[-115.9141,54.847],[-115.9107,54.8324],[-115.928,54.8057],[-115.961,54.814],[-115.9667,54.7981],[-115.9853,54.8014],[-115.9856,54.784],[-116.011,54.8231],[-116.0248,54.8254],[-116.0381,54.7894],[-116.082,54.7759],[-116.1053,54.7876],[-116.0964,54.8154],[-116.1347,54.8271],[-116.1412,54.808],[-116.1134,54.7982],[-116.152,54.7882],[-116.168,54.801],[-116.1811,54.7961],[-116.1749,54.7734],[-116.1343,54.775],[-116.1236,54.769],[-116.1316,54.7612],[-116.1007,54.7526],[-116.1241,54.731],[-116.0808,54.7237],[-116.0967,54.722],[-116.0922,54.711],[-116.1393,54.7107],[-116.1379,54.7002],[-116.1709,54.6922],[-116.1476,54.6615],[-116.1006,54.6626],[-116.1075,54.6568],[-116.0769,54.6489],[-116.1066,54.6379],[-116.1176,54.6103],[-116.1534,54.5925],[-116.1337,54.567],[-116.1013,54.5502],[-116.0598,54.5859],[-116.0456,54.5774],[-116.0503,54.5693],[-116.0019,54.5691],[-116.0172,54.5484],[-116.0114,54.527],[-116.0332,54.517],[-116.0275,54.5048],[-115.9869,54.5102],[-115.9765,54.5223],[-115.9479,54.5025],[-115.9426,54.4676],[-115.957,54.4622],[-115.9138,54.4484],[-115.8854,54.4677],[-115.8854,54.454],[-115.8716,54.4627],[-115.8518,54.4467],[-115.8207,54.451],[-115.8336,54.4315],[-115.8051,54.424],[-115.7743,54.4279],[-115.7704,54.4452],[-115.7487,54.4466],[-115.726,54.4806],[-115.6316,54.4809],[-115.6321,54.4575],[-115.612,54.4525],[-115.6714,54.399],[-115.6394,54.3935],[-115.6441,54.386],[-115.6094,54.4019],[-115.5837,54.3975],[-115.5765,54.4155],[-115.612,54.4079],[-115.6244,54.4192],[-115.5098,54.4512],[-115.491,54.4689],[-115.4407,54.4633],[-115.4412,54.481],[-115.4258,54.4942],[-115.3908,54.5033],[-115.4209,54.5084],[-115.4523,54.4878],[-115.5334,54.4737],[-115.5604,54.4843],[-115.5579,54.496],[-115.4858,54.5485],[-115.5204,54.5483],[-115.5361,54.5248],[-115.553,54.5295],[-115.5463,54.5371],[-115.5578,54.5477],[-115.6002,54.5507],[-115.5799,54.5257],[-115.5858,54.5142],[-115.6068,54.5241],[-115.6389,54.5179],[-115.6444,54.537],[-115.6728,54.5329],[-115.6643,54.5386],[-115.6759,54.5639],[-115.735,54.5274],[-115.7516,54.532],[-115.7141,54.5742],[-115.7295,54.5797],[-115.7619,54.5567],[-115.8172,54.5463],[-115.8198,54.5562],[-115.7936,54.5684],[-115.8113,54.5675],[-115.8191,54.5735],[-115.8022,54.5776],[-115.8315,54.5882],[-115.8239,54.6111],[-115.8004,54.6104],[-115.7961,54.6218],[-115.8702,54.6272],[-115.8743,54.6378],[-115.8224,54.6561],[-115.7751,54.6458],[-115.77,54.6563],[-115.7268,54.6451],[-115.7318,54.6333],[-115.691,54.6292],[-115.6787,54.6439],[-115.5821,54.6349],[-115.5403,54.6451],[-115.5422,54.6657],[-115.5035,54.667],[-115.4932,54.6861],[-115.4499,54.666],[-115.4214,54.6723],[-115.4067,54.6938],[-115.3994,54.6796],[-115.2891,54.665],[-115.2759,54.6706],[-115.2819,54.6864],[-115.2723,54.6953],[-115.2943,54.7206],[-115.2098,54.7515],[-115.1991,54.7728],[-115.2166,54.7998],[-115.1884,54.8259],[-115.1979,54.829],[-115.1776,54.871],[-115.1554,54.8784],[-115.1338,54.9154],[-115.1073,54.9266],[-115.1173,54.9326],[-115.1064,54.9392],[-115.1142,54.9549],[-115.0571,54.9295],[-115.0351,54.9442],[-115.0806,54.9785],[-115.1382,54.9878],[-115.1335,54.9769],[-115.1518,54.9572],[-115.1356,54.9471],[-115.1682,54.9297],[-115.1641,54.9183],[-115.1808,54.9131],[-115.1832,54.8972],[-115.2118,54.8913],[-115.2061,54.8759],[-115.2252,54.8719],[-115.2402,54.8532],[-115.2325,54.849],[-115.2648,54.8451],[-115.2617,54.836],[-115.2928,54.8199],[-115.3051,54.7911],[-115.4757,54.786],[-115.5482,54.8018],[-115.4864,54.825],[-115.4981,54.8512],[-115.5125,54.8357],[-115.5244,54.8488],[-115.5456,54.8423],[-115.6096,54.8562],[-115.5846,54.8727],[-115.5316,54.8798],[-115.5139,54.8966],[-115.4453,54.9091],[-115.4365,54.9269],[-115.5085,54.9414],[-115.5465,54.9236],[-115.5579,54.9269],[-115.5485,54.9487],[-115.5809,54.9632],[-115.6058,54.9463],[-115.6311,54.9499],[-115.6391,54.9366],[-115.6301,54.9115],[-115.708,54.9104],[-115.6825,54.9649],[-115.6444,54.9853],[-115.6516,54.9965]],[[-116.3861,54.0443],[-116.4112,54.0175],[-116.4213,54.0362],[-116.4411,54.0399],[-116.4552,54.0278],[-116.4476,54.0179],[-116.5152,54.0074],[-116.5372,53.9922],[-116.5398,54.0054],[-116.5268,54.012],[-116.5751,54.0115],[-116.5724,54.0027],[-116.6496,53.9625],[-116.6494,53.9317],[-116.6808,53.9513],[-116.7203,53.942],[-116.7199,53.9594],[-116.6723,53.9832],[-116.6795,53.9938],[-116.6576,54.0193],[-116.694,54.0342],[-116.7441,53.9927],[-116.7862,53.9819],[-116.8096,53.944],[-116.789,53.934],[-116.8225,53.9136],[-116.838,53.9424],[-116.8906,53.9328],[-116.8886,53.922],[-116.9301,53.8859],[-116.8904,53.8728],[-116.9057,53.8537],[-116.8943,53.8373],[-116.9207,53.8441],[-116.9239,53.8626],[-116.9525,53.8769],[-116.997,53.8791],[-117.0025,53.8593],[-116.9804,53.8332],[-116.9978,53.8362],[-116.994,53.8252],[-117.0207,53.8198],[-117.0227,53.8466],[-117.0584,53.8633],[-117.0875,53.8389],[-117.0917,53.8205],[-117.0748,53.7986],[-117.0851,53.7908],[-117.0261,53.7759],[-117.0218,53.7627],[-117.0368,53.7484],[-117.0228,53.7376],[-116.9672,53.7359],[-116.9475,53.7235],[-116.9731,53.7053],[-116.947,53.68],[-116.9195,53.6895],[-116.9216,53.7135],[-116.8784,53.7183],[-116.8617,53.7467],[-116.8672,53.7676],[-116.7979,53.7686],[-116.7954,53.7892],[-116.7441,53.796],[-116.7566,53.8048],[-116.7423,53.8214],[-116.674,53.8313],[-116.6398,53.8151],[-116.6195,53.8236],[-116.6055,53.8502],[-116.585,53.8548],[-116.4917,53.8023],[-116.4842,53.8184],[-116.4951,53.8353],[-116.5557,53.8659],[-116.4835,53.8593],[-116.4764,53.8652],[-116.4932,53.8749],[-116.462,53.875],[-116.4891,53.8846],[-116.3941,53.8953],[-116.4169,53.9078],[-116.3892,53.9443],[-116.4027,53.9522],[-116.3858,53.9612],[-116.3995,53.9723],[-116.3925,53.9946],[-116.3632,54.0039],[-116.373,54.0236],[-116.3646,54.036],[-116.3861,54.0443]],[[-114.934,55.2183],[-115.0031,55.201],[-115.0361,55.209],[-115.0642,55.1717],[-115.0768,55.1778],[-115.0838,55.1641],[-115.1133,55.1729],[-115.0687,55.1278],[-115.0892,55.1066],[-115.0872,55.0789],[-115.0988,55.09],[-115.1192,55.0844],[-115.1068,55.0752],[-115.1132,55.0628],[-115.1256,55.0657],[-115.1223,55.0343],[-115.1488,55.0483],[-115.1527,55.0275],[-115.1006,55.0056],[-115.1045,54.9948],[-115.0135,54.9942],[-115.011,55.0091],[-114.9631,55.0282],[-114.9739,55.0377],[-114.9674,55.049],[-114.9912,55.0623],[-114.9131,55.0691],[-114.925,55.0801],[-114.9082,55.0879],[-114.9205,55.0916],[-114.9124,55.0998],[-114.9223,55.1209],[-114.9468,55.1241],[-114.9365,55.1034],[-114.9561,55.0903],[-114.9733,55.1177],[-114.984,55.0979],[-115.0006,55.1119],[-114.9937,55.14],[-115.0216,55.1037],[-115.0002,55.0923],[-115.0371,55.09],[-115.0336,55.1232],[-115.0537,55.1165],[-115.061,55.1265],[-115.042,55.1334],[-115.0569,55.1586],[-115.0195,55.1793],[-115.0283,55.1972],[-114.9912,55.1849],[-114.9743,55.204],[-114.939,55.2016],[-114.934,55.2183]],[[-116.2497,53.9926],[-116.2975,53.9837],[-116.3392,53.9246],[-116.2937,53.9378],[-116.2464,53.9294],[-116.2114,53.9048],[-116.187,53.9298],[-116.1627,53.9186],[-116.1493,53.9237],[-116.156,53.9346],[-116.1299,53.9264],[-116.103,53.9426],[-116.0534,53.94],[-116.0756,53.9544],[-116.1062,53.95],[-116.106,53.972],[-116.1343,53.9885],[-116.1487,53.9837],[-116.138,53.9777],[-116.1472,53.9525],[-116.1621,53.9497],[-116.1899,53.9713],[-116.1968,53.9453],[-116.2202,53.937],[-116.2523,53.9618],[-116.288,53.9609],[-116.2497,53.9926]],[[-116.2639,54.4806],[-116.2355,54.5009],[-116.2109,54.496],[-116.2129,54.5327],[-116.1882,54.5557],[-116.2017,54.5699],[-116.2526,54.5488],[-116.2535,54.5248],[-116.2669,54.5128],[-116.2564,54.509],[-116.2879,54.4954],[-116.2857,54.4811],[-116.2639,54.4806]],[[-119.5026,54.6384],[-119.5474,54.6274],[-119.5205,54.6182],[-119.497,54.6274],[-119.4882,54.6141],[-119.421,54.6377],[-119.4771,54.6284],[-119.5026,54.6384]]],[[[-117.7272,54.681],[-117.7274,54.6787],[-117.7283,54.6813],[-117.7272,54.681]]],[[[-119.9279,55.7768],[-119.8346,55.8036],[-119.7994,55.7927],[-119.7629,55.8209],[-119.7557,55.7987],[-119.7166,55.7915],[-119.7196,55.8242],[-119.6173,55.813],[-119.5687,55.822],[-119.5567,55.8109],[-119.5866,55.7872],[-119.579,55.775],[-119.5127,55.768],[-119.4451,55.7429],[-119.2924,55.728],[-119.0419,55.7287],[-119.0295,55.7214],[-119.0822,55.6969],[-119.0861,55.6805],[-118.9565,55.6935],[-118.8722,55.6843],[-118.9207,55.6528],[-118.9057,55.6371],[-118.9197,55.629],[-118.9824,55.6337],[-118.9834,55.6117],[-119.0271,55.6173],[-119.0217,55.6019],[-119.0834,55.593],[-119.03,55.5443],[-118.8233,55.5496],[-118.7462,55.5647],[-118.7109,55.5467],[-118.6603,55.5478],[-118.5909,55.5753],[-118.4464,55.5649],[-118.4625,55.5546],[-118.453,55.5428],[-118.5289,55.5047],[-118.4947,55.4917],[-118.3896,55.4863],[-118.364,55.4532],[-118.4424,55.4636],[-118.7106,55.3871],[-118.708,55.4016],[-118.7277,55.413],[-118.7803,55.4241],[-119.0398,55.4389],[-119.082,55.4679],[-119.1534,55.4758],[-119.2505,55.5064],[-119.2633,55.5412],[-119.3092,55.5603],[-119.3607,55.5522],[-119.4264,55.5206],[-119.5017,55.5316],[-119.6273,55.508],[-119.7549,55.5363],[-119.8671,55.5424],[-119.9606,55.5182],[-119.9789,55.5001],[-119.9672,55.4692],[-120.0,55.4713],[-120.0,55.7432],[-119.9402,55.7442],[-119.9069,55.7637],[-119.9279,55.7768]]]]}},{"type":"Feature","properties":{"key":"western_alberta_upland","name":"Western Alberta Upland","where":"central AB","sort":121,"ecozone":"Boreal Plains","ab_subregion":"Montane"},"geometry":{"type":"MultiPolygon","coordinates":[[[[-114.702,50.6097],[-114.6862,50.6502],[-114.7009,50.6554],[-114.6924,50.6667],[-114.68,50.6711],[-114.6501,50.6484],[-114.6287,50.6547],[-114.6304,50.6879],[-114.6704,50.6803],[-114.6778,50.6899],[-114.6525,50.7189],[-114.6646,50.7275],[-114.6441,50.7307],[-114.6258,50.7567],[-114.6844,50.7628],[-114.6566,50.7637],[-114.6645,50.778],[-114.6374,50.7664],[-114.646,50.7808],[-114.6337,50.7771],[-114.6201,50.7919],[-114.644,50.8009],[-114.6836,50.7945],[-114.6536,50.8111],[-114.6533,50.8229],[-114.7358,50.8166],[-114.757,50.8445],[-114.7487,50.8511],[-114.7866,50.8572],[-114.7174,50.9095],[-114.7145,50.9342],[-114.7697,50.9722],[-114.8532,50.9831],[-114.9397,51.065],[-114.8834,51.1044],[-114.7136,51.1502],[-114.7406,51.1364],[-114.6252,51.0669],[-114.5609,51.0468],[-114.586,51.028],[-114.5409,51.0366],[-114.5121,51.0174],[-114.5242,50.9778],[-114.5507,50.9799],[-114.5497,50.9592],[-114.4717,51.0047],[-114.4328,50.9763],[-114.4389,50.9635],[-114.4029,50.9445],[-114.4002,50.9572],[-114.3805,50.9553],[-114.3583,50.936],[-114.3683,50.9109],[-114.4439,50.8895],[-114.3903,50.888],[-114.3653,50.8639],[-114.3691,50.8442],[-114.4123,50.8513],[-114.3692,50.834],[-114.3721,50.8136],[-114.4604,50.7425],[-114.4239,50.7295],[-114.4443,50.7168],[-114.3727,50.7268],[-114.3308,50.7013],[-114.346,50.6725],[-114.378,50.6661],[-114.3704,50.6561],[-114.4117,50.6312],[-114.4193,50.5855],[-114.4097,50.5762],[-114.4364,50.5416],[-114.4754,50.5179],[-114.5381,50.5167],[-114.5562,50.5052],[-114.571,50.5251],[-114.564,50.5414],[-114.5792,50.551],[-114.5607,50.5627],[-114.5842,50.5661],[-114.5707,50.5721],[-114.5995,50.5763],[-114.598,50.5935],[-114.6121,50.5817],[-114.6198,50.593],[-114.6339,50.5873],[-114.6465,50.5986],[-114.6364,50.6054],[-114.6621,50.6048],[-114.665,50.6224],[-114.702,50.6097]],[[-114.5366,50.5829],[-114.5366,50.5575],[-114.4969,50.5233],[-114.5149,50.5751],[-114.5366,50.5829]]],[[[-114.7546,50.8036],[-114.7953,50.8457],[-114.7879,50.8555],[-114.7546,50.8036]]],[[[-114.6541,51.3457],[-114.6347,51.3561],[-114.6332,51.341],[-114.6541,51.3457]]],[[[-114.9842,51.3585],[-115.1374,51.2876],[-115.1782,51.2861],[-115.1782,51.3104],[-115.1181,51.3023],[-115.1102,51.3318],[-115.0834,51.3315],[-115.047,51.3651],[-115.0111,51.3588],[-114.9588,51.376],[-114.9565,51.3618],[-114.935,51.3529],[-114.9842,51.3585]]],[[[-114.9201,51.3521],[-114.926,51.3712],[-114.8976,51.3532],[-114.9201,51.3521]]],[[[-116.4221,52.2574],[-116.404,52.2578],[-116.3892,52.2755],[-116.4054,52.2876],[-116.3736,52.3121],[-116.3652,52.341],[-116.3746,52.3479],[-116.3606,52.3684],[-116.3134,52.3821],[-116.3014,52.3727],[-116.2565,52.3778],[-116.2488,52.3865],[-116.262,52.3962],[-116.2134,52.4125],[-116.2153,52.3981],[-116.1936,52.4017],[-116.1758,52.387],[-116.2333,52.3587],[-116.3092,52.2523],[-116.3349,52.2727],[-116.3275,52.3005],[-116.3629,52.2634],[-116.3319,52.2477],[-116.3561,52.2387],[-116.3403,52.2284],[-116.3729,52.2365],[-116.4092,52.224],[-116.4221,52.2574]]],[[[-117.6868,53.2734],[-117.7721,53.2507],[-117.771,53.2345],[-117.835,53.2178],[-117.8678,53.2255],[-117.8857,53.2493],[-117.8683,53.3213],[-117.7301,53.3829],[-117.7485,53.4047],[-117.7029,53.4015],[-117.5627,53.4632],[-117.4607,53.4702],[-117.536,53.4124],[-117.6319,53.3091],[-117.6868,53.2734]]],[[[-118.8165,53.9288],[-118.8198,53.9212],[-118.8427,53.919],[-118.835,53.9332],[-118.8165,53.9288]]],[[[-118.8245,54.1365],[-118.8041,54.1518],[-118.7882,54.1458],[-118.71,54.1643],[-118.6904,54.1563],[-118.768,54.118],[-118.8245,54.1365]]]]}},{"type":"Feature","properties":{"key":"western_alberta_upland","name":"Western Alberta Upland","where":"central AB","sort":121,"ecozone":"Boreal Plains","ab_subregion":""},"geometry":{"type":"Polygon","coordinates":[[[-118.8783,55.4226],[-118.9176,55.421],[-118.8392,55.4256],[-118.8783,55.4226]]]}},{"type":"Feature","properties":{"key":"western_alberta_upland","name":"Western Alberta Upland","where":"central AB","sort":121,"ecozone":"Boreal Plains","ab_subregion":"Subalpine"},"geometry":{"type":"MultiPolygon","coordinates":[[[[-118.1072,53.5937],[-118.1052,53.5933],[-118.1051,53.5929],[-118.1072,53.5937]]],[[[-118.4186,53.7396],[-118.3632,53.7803],[-118.2331,53.8062],[-118.2846,53.7825],[-118.2217,53.7512],[-118.2398,53.7409],[-118.2882,53.7567],[-118.3048,53.7789],[-118.3442,53.7785],[-118.3736,53.7619],[-118.363,53.7437],[-118.3243,53.7649],[-118.2556,53.7203],[-118.2894,53.7323],[-118.2971,53.7148],[-118.2796,53.7104],[-118.2944,53.7088],[-118.2942,53.6981],[-118.266,53.7055],[-118.2581,53.698],[-118.2696,53.6852],[-118.2551,53.6843],[-118.2368,53.7027],[-118.2324,53.6785],[-118.2195,53.6964],[-118.2288,53.7139],[-118.1899,53.7069],[-118.1381,53.7367],[-118.1021,53.7973],[-118.0752,53.8145],[-118.0636,53.7965],[-118.0868,53.7878],[-118.0526,53.789],[-118.0904,53.76],[-118.086,53.7462],[-118.1753,53.7011],[-118.1494,53.681],[-118.0719,53.6678],[-118.0288,53.6807],[-118.0232,53.6744],[-118.0458,53.6636],[-117.9892,53.676],[-117.9833,53.6623],[-118.0101,53.6677],[-118.0728,53.6476],[-118.1993,53.6479],[-118.141,53.6183],[-118.1385,53.6063],[-118.3943,53.7066],[-118.4186,53.7396]]],[[[-118.2472,53.8163],[-118.2559,53.8154],[-118.2409,53.8264],[-118.2472,53.8163]]],[[[-118.3838,53.8814],[-118.3824,53.8819],[-118.3835,53.8814],[-118.3838,53.8814]]],[[[-118.372,53.8869],[-118.3418,53.9362],[-118.3203,53.9396],[-118.312,53.9261],[-118.3239,53.9155],[-118.372,53.8869]]],[[[-118.4567,53.9632],[-118.5116,53.9281],[-118.6289,53.9433],[-118.5567,53.9414],[-118.4567,53.9632]]],[[[-118.3452,54.04],[-118.2994,54.0393],[-118.2954,54.0285],[-118.3431,54.001],[-118.3871,54.008],[-118.3452,54.04]]],[[[-118.5286,54.1416],[-118.5238,54.139],[-118.5283,54.1382],[-118.5286,54.1416]]],[[[-118.519,54.1401],[-118.4897,54.1754],[-118.4732,54.1807],[-118.4833,54.1639],[-118.466,54.1533],[-118.519,54.1401]]],[[[-118.6209,54.1406],[-118.6175,54.1386],[-118.6231,54.137],[-118.6209,54.1406]]],[[[-118.7519,54.114],[-118.7558,54.1157],[-118.7514,54.1141],[-118.7519,54.114]]],[[[-118.6103,54.139],[-118.5897,54.1561],[-118.5838,54.1534],[-118.6103,54.139]]],[[[-118.9881,54.1442],[-118.9665,54.141],[-118.9369,54.1591],[-118.9411,54.1433],[-118.9273,54.1352],[-118.9252,54.1522],[-118.8983,54.1435],[-118.895,54.1625],[-118.872,54.1714],[-118.8713,54.1547],[-118.8452,54.1387],[-118.9175,54.1342],[-118.9714,54.1361],[-118.9881,54.1442]]],[[[-118.9741,54.1575],[-118.9887,54.1445],[-118.9998,54.1499],[-118.9996,54.1601],[-118.9741,54.1575]]],[[[-119.0296,54.2156],[-118.9826,54.2312],[-119.0155,54.2108],[-118.9906,54.2142],[-118.9814,54.2017],[-118.9487,54.2227],[-118.9528,54.1976],[-118.8665,54.2126],[-118.9184,54.1796],[-118.9613,54.1698],[-118.958,54.1849],[-119.0296,54.2156]]],[[[-119.028,54.2265],[-119.0317,54.217],[-119.0424,54.2242],[-119.028,54.2265]]],[[[-119.0578,54.242],[-119.0336,54.253],[-119.0135,54.25],[-119.0517,54.2317],[-119.0578,54.242]]],[[[-119.2323,54.2193],[-119.2078,54.2388],[-119.1907,54.2357],[-119.2323,54.2193]]],[[[-119.1492,54.2473],[-119.1351,54.2629],[-119.1017,54.2546],[-119.0493,54.2701],[-119.0752,54.2504],[-119.1492,54.2473]]],[[[-119.3794,54.2219],[-119.3543,54.2371],[-119.331,54.2347],[-119.35,54.2204],[-119.3794,54.2219]]],[[[-119.4094,54.2272],[-119.397,54.2254],[-119.3891,54.2221],[-119.4027,54.2223],[-119.4094,54.2272]]],[[[-119.2402,54.3],[-119.2491,54.2974],[-119.2459,54.3067],[-119.2402,54.3]]],[[[-119.1851,54.3357],[-119.193,54.3394],[-119.1847,54.3406],[-119.1851,54.3357]]],[[[-119.2023,54.3335],[-119.209,54.3365],[-119.1992,54.3385],[-119.2023,54.3335]]],[[[-119.178,54.3461],[-119.1787,54.3435],[-119.1791,54.3434],[-119.178,54.3461]]],[[[-119.1758,54.3512],[-119.1755,54.3519],[-119.1756,54.3513],[-119.1758,54.3512]]],[[[-119.1291,54.366],[-119.118,54.3492],[-119.1465,54.3358],[-119.1392,54.3636],[-119.154,54.3828],[-119.1224,54.3751],[-119.1291,54.366]]],[[[-119.189,54.3856],[-119.1876,54.3774],[-119.1949,54.3818],[-119.189,54.3856]]],[[[-119.2068,54.3889],[-119.19,54.3912],[-119.2005,54.3852],[-119.2068,54.3889]]],[[[-119.2671,54.4135],[-119.2355,54.4048],[-119.2083,54.4152],[-119.185,54.4056],[-119.2121,54.4052],[-119.2018,54.3991],[-119.2106,54.3911],[-119.2671,54.4135]]],[[[-119.2773,54.4318],[-119.2704,54.4227],[-119.2694,54.4148],[-119.2866,54.4249],[-119.2773,54.4318]]],[[[-119.4457,54.4844],[-119.4131,54.4831],[-119.4054,54.4725],[-119.3448,54.4747],[-119.2945,54.4427],[-119.3063,54.4379],[-119.4457,54.4844]]],[[[-119.5253,54.5392],[-119.499,54.5362],[-119.4811,54.5067],[-119.5253,54.5392]]],[[[-119.4752,54.5723],[-119.4242,54.5733],[-119.3981,54.5487],[-119.418,54.5504],[-119.4199,54.5296],[-119.4351,54.5338],[-119.4289,54.5542],[-119.4379,54.5617],[-119.4616,54.5461],[-119.4856,54.5626],[-119.4752,54.5723]]],[[[-119.5298,54.5422],[-119.5305,54.5426],[-119.5299,54.5424],[-119.5298,54.5422]]],[[[-119.5416,54.5506],[-119.5399,54.5488],[-119.5438,54.5511],[-119.5416,54.5506]]],[[[-119.6048,54.5059],[-119.6381,54.5331],[-119.6405,54.5601],[-119.6125,54.577],[-119.5834,54.5692],[-119.5362,54.5896],[-119.5221,54.5756],[-119.5582,54.5697],[-119.4964,54.5509],[-119.5943,54.5666],[-119.614,54.559],[-119.6229,54.5383],[-119.6048,54.5059]]],[[[-116.3199,52.204],[-116.4092,52.224],[-116.3014,52.2129],[-116.3199,52.204]]],[[[-116.3872,52.3409],[-116.4057,52.3727],[-116.3642,52.3724],[-116.3736,52.3121],[-116.4054,52.2876],[-116.3892,52.2755],[-116.404,52.2578],[-116.4221,52.2574],[-116.3872,52.3409]]],[[[-116.6516,52.7337],[-116.6519,52.7377],[-116.6497,52.7345],[-116.6516,52.7337]]],[[[-116.7326,52.8089],[-116.7184,52.8142],[-116.7078,52.7975],[-116.6858,52.7925],[-116.676,52.8007],[-116.6916,52.8075],[-116.6896,52.828],[-116.6516,52.8041],[-116.6354,52.8108],[-116.627,52.8047],[-116.6396,52.7959],[-116.6137,52.7819],[-116.6002,52.7909],[-116.6171,52.8085],[-116.5851,52.7968],[-116.6018,52.8117],[-116.584,52.8099],[-116.5556,52.7991],[-116.5185,52.7604],[-116.5641,52.7866],[-116.5545,52.7592],[-116.5734,52.7638],[-116.5721,52.7544],[-116.6533,52.7838],[-116.63,52.7555],[-116.6482,52.7485],[-116.7111,52.7811],[-116.7326,52.8089]]],[[[-116.7419,52.8633],[-116.7255,52.8618],[-116.7229,52.8553],[-116.7333,52.855],[-116.7419,52.8633]]],[[[-116.7477,52.9077],[-116.8042,52.9458],[-116.755,52.9257],[-116.7147,52.8881],[-116.7517,52.8937],[-116.7477,52.9077]]],[[[-116.8253,53.0087],[-116.7929,52.9916],[-116.8188,52.9904],[-116.8253,53.0087]]],[[[-116.8409,53.0242],[-116.8299,53.0129],[-116.8465,53.0209],[-116.8409,53.0242]]],[[[-117.0141,53.038],[-117.0016,53.036],[-117.0034,53.0283],[-117.0076,53.03],[-117.0141,53.038]]],[[[-116.9412,53.0553],[-116.939,53.0554],[-116.9375,53.0539],[-116.9412,53.0553]]],[[[-116.9593,53.063],[-116.9559,53.0612],[-116.9602,53.063],[-116.9593,53.063]]],[[[-117.0797,53.0409],[-117.0832,53.0414],[-117.0815,53.0419],[-117.0797,53.0409]]],[[[-116.9769,53.0683],[-116.9724,53.0704],[-116.9645,53.0647],[-116.9769,53.0683]]],[[[-117.1315,53.0668],[-117.1387,53.0679],[-117.1329,53.0695],[-117.1315,53.0668]]],[[[-117.1766,53.055],[-117.1567,53.0586],[-117.1731,53.0762],[-117.1441,53.0711],[-117.1434,53.0674],[-117.1675,53.0492],[-117.1766,53.055]]],[[[-117.2431,53.0611],[-117.196,53.0731],[-117.2088,53.0569],[-117.1881,53.0599],[-117.1892,53.0513],[-117.2174,53.045],[-117.2363,53.0515],[-117.2431,53.0611]]],[[[-117.0544,53.1134],[-117.074,53.0931],[-117.0933,53.1063],[-117.0544,53.1134]]],[[[-117.2207,53.0854],[-117.2212,53.0809],[-117.2292,53.0807],[-117.2207,53.0854]]],[[[-117.2192,53.0862],[-117.2151,53.085],[-117.2202,53.0857],[-117.2192,53.0862]]],[[[-117.1556,53.1154],[-117.1721,53.0986],[-117.1814,53.1004],[-117.1556,53.1154]]],[[[-117.1952,53.1318],[-117.1918,53.133],[-117.1911,53.1327],[-117.1952,53.1318]]],[[[-117.3927,53.1565],[-117.3793,53.1603],[-117.3583,53.1479],[-117.3927,53.1565]]],[[[-117.4839,53.2011],[-117.4566,53.1842],[-117.411,53.1732],[-117.4566,53.1755],[-117.4839,53.2011]]],[[[-117.771,53.2345],[-117.7643,53.2398],[-117.7588,53.2391],[-117.771,53.2345]]],[[[-117.7518,53.2418],[-117.7554,53.2414],[-117.7502,53.2424],[-117.7518,53.2418]]],[[[-117.5514,53.333],[-117.4572,53.3192],[-117.4976,53.3108],[-117.4165,53.2905],[-117.4265,53.2837],[-117.4066,53.2753],[-117.4376,53.2687],[-117.5069,53.2822],[-117.5575,53.3132],[-117.5514,53.333]]],[[[-117.7039,53.2619],[-117.7012,53.2629],[-117.7042,53.2614],[-117.7039,53.2619]]],[[[-117.8802,53.268],[-117.8867,53.266],[-117.8858,53.2728],[-117.8802,53.268]]],[[[-117.4609,53.5766],[-117.5151,53.538],[-117.5175,53.5219],[-117.5893,53.512],[-117.6343,53.489],[-117.6434,53.5107],[-117.6587,53.5141],[-117.6948,53.4918],[-117.7008,53.471],[-117.7326,53.4724],[-117.7322,53.4986],[-117.771,53.5169],[-117.7647,53.5331],[-117.7108,53.5425],[-117.698,53.5609],[-117.6326,53.5618],[-117.6727,53.5506],[-117.681,53.5337],[-117.6507,53.5333],[-117.6203,53.5135],[-117.5882,53.5449],[-117.5451,53.5573],[-117.5055,53.5861],[-117.4731,53.5938],[-117.4609,53.5766]]],[[[-117.8814,53.4888],[-117.8767,53.4881],[-117.875,53.4853],[-117.8814,53.4888]]],[[[-118.2254,53.8407],[-118.2061,53.8219],[-118.2383,53.8288],[-118.2254,53.8407]]],[[[-118.1675,53.8897],[-118.1861,53.8858],[-118.1934,53.8889],[-118.1853,53.8948],[-118.1675,53.8897]]],[[[-118.2984,54.0671],[-118.3029,54.0458],[-118.3408,54.0431],[-118.2984,54.0671]]],[[[-118.2274,54.0933],[-118.2581,54.0822],[-118.2519,54.0589],[-118.2831,54.0505],[-118.2907,54.0709],[-118.2274,54.0933]]],[[[-118.3048,54.1379],[-118.3038,54.1355],[-118.3099,54.1333],[-118.3048,54.1379]]],[[[-118.3885,54.1383],[-118.3695,54.1485],[-118.3558,54.145],[-118.3757,54.1268],[-118.3885,54.1383]]],[[[-118.2108,54.2006],[-118.2997,54.2051],[-118.2866,54.2253],[-118.285,54.212],[-118.2424,54.2193],[-118.2382,54.2359],[-118.2603,54.2491],[-118.2432,54.2573],[-118.1943,54.2398],[-118.2188,54.2172],[-118.2096,54.2112],[-118.1712,54.2342],[-118.186,54.2166],[-118.1728,54.2053],[-118.1798,54.1949],[-118.1409,54.2184],[-118.132,54.2051],[-118.1399,54.1972],[-118.0959,54.1989],[-118.0973,54.1887],[-118.0626,54.1847],[-118.0305,54.1923],[-118.019,54.1824],[-118.0448,54.1412],[-118.1119,54.1101],[-118.0541,54.161],[-118.2108,54.2006]]],[[[-115.4017,51.6478],[-115.4011,51.6306],[-115.4059,51.6288],[-115.4017,51.6478]]],[[[-115.6688,51.9771],[-115.6834,51.9851],[-115.7061,51.9982],[-115.6688,51.9771]]],[[[-115.6515,51.9987],[-115.6629,52.0096],[-115.6381,51.9926],[-115.6515,51.9987]]],[[[-115.5953,52.0061],[-115.6099,52.0272],[-115.5705,52.0193],[-115.5953,52.0061]]],[[[-115.6235,52.0086],[-115.6362,52.0077],[-115.6476,52.016],[-115.6366,52.0189],[-115.6235,52.0086]]],[[[-115.7175,52.0178],[-115.7364,52.0216],[-115.6978,52.0238],[-115.7175,52.0178]]],[[[-115.7089,51.9313],[-115.9118,52.076],[-115.8338,52.0693],[-115.8446,52.062],[-115.8335,52.0573],[-115.8363,52.0348],[-115.7979,52.0343],[-115.7796,52.0077],[-115.7732,52.0172],[-115.7591,52.0101],[-115.7806,51.9858],[-115.7586,51.9875],[-115.7089,51.9313]]],[[[-115.7131,52.058],[-115.7022,52.048],[-115.733,52.0338],[-115.7807,52.0503],[-115.7462,52.0532],[-115.7123,52.0747],[-115.692,52.0618],[-115.7131,52.058]]],[[[-115.762,52.0953],[-115.7599,52.0644],[-115.7894,52.073],[-115.7946,52.0568],[-115.8196,52.0832],[-115.7971,52.0767],[-115.7953,52.0882],[-115.762,52.0953]]],[[[-115.6859,52.1409],[-115.6479,52.1168],[-115.6502,52.1297],[-115.6368,52.1306],[-115.6186,52.1073],[-115.6269,52.094],[-115.6027,52.0699],[-115.6324,52.0868],[-115.6518,52.0637],[-115.6591,52.0914],[-115.6345,52.0964],[-115.6859,52.1409]]],[[[-115.7328,52.171],[-115.6956,52.166],[-115.6852,52.1583],[-115.7004,52.1472],[-115.7328,52.171]]],[[[-115.7535,52.2029],[-115.763,52.1984],[-115.7444,52.186],[-115.7523,52.1814],[-115.7994,52.2042],[-115.7642,52.2171],[-115.7535,52.2029]]],[[[-115.8281,52.2339],[-115.8386,52.2225],[-115.8552,52.2313],[-115.8466,52.2367],[-115.8281,52.2339]]],[[[-115.9331,52.1001],[-116.226,52.2314],[-116.2906,52.2186],[-116.2985,52.2316],[-116.2487,52.252],[-116.261,52.2629],[-116.2509,52.2889],[-116.2104,52.307],[-116.2264,52.322],[-116.1899,52.3373],[-116.179,52.3484],[-116.1879,52.3594],[-116.1347,52.3583],[-116.1412,52.3712],[-116.0786,52.3456],[-116.0805,52.3587],[-116.0587,52.3619],[-116.057,52.3749],[-116.0364,52.3534],[-116.0663,52.3457],[-115.9696,52.3076],[-115.9628,52.294],[-115.977,52.2845],[-116.0483,52.3288],[-116.0577,52.3087],[-116.1128,52.3261],[-116.1198,52.3194],[-116.0354,52.2833],[-116.1337,52.2684],[-116.1021,52.2638],[-116.1196,52.2519],[-116.0918,52.2625],[-116.0845,52.2504],[-116.1328,52.1935],[-116.0997,52.2161],[-116.053,52.211],[-116.0713,52.2431],[-116.0475,52.2469],[-116.0544,52.2558],[-116.0406,52.2655],[-116.0139,52.2657],[-116.0255,52.2427],[-116.007,52.2608],[-115.9854,52.2608],[-115.9941,52.2402],[-115.9446,52.249],[-115.9528,52.26],[-115.9319,52.2494],[-115.9564,52.2356],[-115.9282,52.233],[-115.9309,52.2191],[-115.9714,52.2243],[-115.9725,52.2126],[-115.9988,52.2235],[-115.994,52.2101],[-116.0135,52.212],[-116.0561,52.1855],[-115.9769,52.159],[-115.9615,52.1716],[-115.9733,52.1982],[-115.9531,52.1943],[-115.96,52.2066],[-115.9352,52.1975],[-115.9437,52.1791],[-115.9148,52.167],[-115.9218,52.1871],[-115.8947,52.1794],[-115.8923,52.1915],[-115.917,52.2091],[-115.9081,52.2115],[-115.8863,52.2],[-115.8679,52.2057],[-115.8534,52.1842],[-115.8168,52.1694],[-115.7921,52.1735],[-115.7815,52.1669],[-115.7904,52.1626],[-115.7301,52.1406],[-115.7512,52.1353],[-115.7884,52.1515],[-115.782,52.1321],[-115.7992,52.1319],[-115.8165,52.1559],[-115.8114,52.13],[-115.8218,52.1253],[-115.8466,52.1251],[-115.8605,52.1462],[-115.8575,52.122],[-115.8866,52.1396],[-115.882,52.1271],[-115.9039,52.1334],[-115.8504,52.1119],[-115.7982,52.1181],[-115.8067,52.1094],[-115.9029,52.0984],[-115.9187,52.082],[-115.9331,52.1001]],[[-116.2798,52.2279],[-116.2661,52.2353],[-116.2842,52.2317],[-116.2798,52.2279]]],[[[-115.8711,52.3024],[-115.8616,52.2889],[-115.8377,52.2775],[-115.8668,52.2812],[-115.8954,52.3033],[-115.8711,52.3024]]],[[[-115.9173,52.3344],[-115.8459,52.3249],[-115.8716,52.3166],[-115.8972,52.3298],[-115.8957,52.3082],[-115.9183,52.3088],[-115.9147,52.2983],[-115.9345,52.3153],[-115.9244,52.2879],[-115.9539,52.3078],[-115.9701,52.3382],[-115.9395,52.3251],[-115.9237,52.3497],[-115.9173,52.3344]]],[[[-115.8379,52.3865],[-115.8401,52.3639],[-115.8143,52.3833],[-115.7992,52.364],[-115.7645,52.37],[-115.7794,52.3649],[-115.7521,52.3617],[-115.7649,52.3522],[-115.7406,52.3537],[-115.709,52.3317],[-115.7693,52.333],[-115.7879,52.3442],[-115.7783,52.3256],[-115.798,52.3225],[-115.8146,52.3354],[-115.8099,52.3482],[-115.8255,52.3475],[-115.8758,52.3837],[-115.8379,52.3865]]],[[[-115.9937,52.3726],[-116.0092,52.3735],[-116.0102,52.3767],[-115.9937,52.3726]]],[[[-115.9762,52.4753],[-115.9792,52.4657],[-115.954,52.4642],[-115.9738,52.4377],[-115.9402,52.4513],[-115.8876,52.4064],[-115.9214,52.4132],[-115.9368,52.4308],[-115.9715,52.4216],[-116.0638,52.4455],[-116.0411,52.4468],[-116.0425,52.4615],[-116.0266,52.4681],[-116.024,52.4415],[-116.0363,52.4395],[-116.023,52.4371],[-115.9959,52.4629],[-116.0056,52.476],[-115.9762,52.4753]]],[[[-116.2738,52.4181],[-116.2881,52.4082],[-116.2699,52.4249],[-116.2738,52.4181]]],[[[-116.3094,52.4785],[-116.2619,52.4727],[-116.2399,52.4437],[-116.2662,52.4414],[-116.3094,52.4785]]],[[[-116.082,52.5287],[-116.0442,52.504],[-116.1019,52.5179],[-116.082,52.5287]]],[[[-116.396,52.4991],[-116.3441,52.505],[-116.3039,52.4858],[-116.3769,52.4841],[-116.396,52.4991]]],[[[-116.1263,52.5398],[-116.1281,52.5211],[-116.1501,52.5299],[-116.1459,52.5462],[-116.1263,52.5398]]],[[[-116.2353,52.5147],[-116.2464,52.507],[-116.2661,52.5164],[-116.2649,52.532],[-116.2353,52.5147]]],[[[-116.171,52.5434],[-116.1671,52.559],[-116.1601,52.5536],[-116.171,52.5434]]],[[[-116.2946,52.5205],[-116.3092,52.5398],[-116.2888,52.5268],[-116.2946,52.5205]]],[[[-116.4283,52.5857],[-116.3858,52.5257],[-116.4003,52.5243],[-116.4003,52.5139],[-116.4393,52.5838],[-116.4283,52.5857]]],[[[-116.3405,52.5621],[-116.3513,52.5633],[-116.3597,52.5701],[-116.3523,52.573],[-116.3405,52.5621]]],[[[-116.3246,52.5716],[-116.3336,52.5711],[-116.3428,52.5754],[-116.3316,52.5759],[-116.3246,52.5716]]],[[[-116.368,52.5796],[-116.3614,52.5781],[-116.3617,52.5736],[-116.368,52.5796]]],[[[-116.3619,52.5818],[-116.3606,52.5857],[-116.3587,52.5809],[-116.3619,52.5818]]],[[[-116.459,52.6009],[-116.4304,52.6132],[-116.3947,52.6088],[-116.4483,52.5935],[-116.459,52.6009]]],[[[-116.4726,52.6072],[-116.4845,52.6107],[-116.4786,52.6111],[-116.4726,52.6072]]],[[[-116.4998,52.6373],[-116.5132,52.6246],[-116.4866,52.636],[-116.4785,52.6251],[-116.4876,52.6116],[-116.5116,52.618],[-116.5163,52.6345],[-116.4998,52.6373]]],[[[-116.5494,52.676],[-116.5091,52.6689],[-116.4913,52.6785],[-116.4926,52.6626],[-116.4647,52.654],[-116.4357,52.6621],[-116.4335,52.6714],[-116.4523,52.6767],[-116.4486,52.688],[-116.421,52.6796],[-116.4099,52.6864],[-116.4196,52.6961],[-116.4093,52.6948],[-116.3967,52.6863],[-116.4099,52.675],[-116.3865,52.6804],[-116.3856,52.6592],[-116.3382,52.6505],[-116.3337,52.6622],[-116.3222,52.6361],[-116.3382,52.6367],[-116.3363,52.6279],[-116.3525,52.6475],[-116.3797,52.6418],[-116.4032,52.658],[-116.4522,52.6511],[-116.4275,52.641],[-116.457,52.6425],[-116.4471,52.6262],[-116.4806,52.6475],[-116.507,52.6443],[-116.5494,52.676]]],[[[-116.6402,52.7333],[-116.6344,52.7437],[-116.6041,52.7404],[-116.6087,52.7264],[-116.5869,52.7368],[-116.5764,52.7212],[-116.5729,52.7334],[-116.5458,52.7419],[-116.5533,52.728],[-116.5369,52.7282],[-116.5305,52.7142],[-116.5244,52.7301],[-116.4856,52.7233],[-116.4947,52.741],[-116.4715,52.7284],[-116.4335,52.7398],[-116.4396,52.7302],[-116.4238,52.7247],[-116.459,52.7273],[-116.4515,52.7116],[-116.4796,52.7188],[-116.488,52.7132],[-116.4804,52.7012],[-116.51,52.7117],[-116.5293,52.697],[-116.5646,52.712],[-116.5463,52.6943],[-116.5667,52.7003],[-116.5687,52.6892],[-116.5961,52.7182],[-116.6402,52.7333]]],[[[-114.5135,50.5725],[-114.4965,50.5329],[-114.4969,50.5233],[-114.5366,50.5575],[-114.5416,50.579],[-114.5135,50.5725]]],[[[-114.6968,50.6138],[-114.665,50.6224],[-114.6621,50.6048],[-114.6364,50.6054],[-114.6465,50.5986],[-114.6339,50.5873],[-114.6198,50.593],[-114.6121,50.5817],[-114.598,50.5935],[-114.5995,50.5763],[-114.5802,50.5788],[-114.5707,50.5721],[-114.5842,50.5661],[-114.5607,50.5627],[-114.5792,50.551],[-114.5625,50.5291],[-114.571,50.5251],[-114.6009,50.563],[-114.6968,50.6138]]],[[[-114.6947,50.6563],[-114.6862,50.6502],[-114.7052,50.6211],[-114.7085,50.6408],[-114.6947,50.6563]]],[[[-114.6778,50.6899],[-114.6317,50.6888],[-114.6226,50.6818],[-114.6364,50.6587],[-114.6287,50.6547],[-114.6501,50.6484],[-114.68,50.6711],[-114.6924,50.6667],[-114.6778,50.6899]]],[[[-114.6652,50.7206],[-114.6525,50.7189],[-114.6693,50.7082],[-114.6652,50.7206]]],[[[-114.7363,50.7354],[-114.7353,50.7835],[-114.7803,50.8142],[-114.7838,50.8189],[-114.7536,50.8048],[-114.7857,50.858],[-114.7487,50.8511],[-114.757,50.8445],[-114.7358,50.8166],[-114.6533,50.8229],[-114.6536,50.8111],[-114.6836,50.7945],[-114.644,50.8009],[-114.6201,50.7919],[-114.6337,50.7771],[-114.646,50.7808],[-114.6374,50.7664],[-114.6645,50.778],[-114.6566,50.7637],[-114.6844,50.7628],[-114.6258,50.7567],[-114.6454,50.7299],[-114.6646,50.7275],[-114.6848,50.7587],[-114.7363,50.7354]]],[[[-114.7889,50.841],[-114.7917,50.8318],[-114.7953,50.8457],[-114.7889,50.841]]],[[[-114.8213,50.98],[-114.8119,50.9772],[-114.8287,50.9773],[-114.8213,50.98]]],[[[-114.8446,50.9807],[-114.8445,50.9806],[-114.8447,50.9807],[-114.8446,50.9807]]],[[[-114.8603,50.992],[-114.8616,50.9937],[-114.8602,50.9935],[-114.8603,50.992]]],[[[-114.8801,51.0124],[-114.8749,51.0098],[-114.8737,51.0071],[-114.8801,51.0124]]],[[[-115.1811,51.2926],[-115.173,51.2904],[-115.1782,51.2861],[-115.1811,51.2926]]],[[[-115.0962,51.4608],[-115.0597,51.4253],[-115.064,51.4158],[-115.095,51.4366],[-115.1017,51.4235],[-115.1115,51.4431],[-115.0948,51.4434],[-115.0962,51.4608]]],[[[-115.2519,51.4539],[-115.3082,51.4636],[-115.3266,51.498],[-115.3164,51.5243],[-115.2915,51.5336],[-115.2841,51.5158],[-115.2754,51.533],[-115.2496,51.538],[-115.2584,51.5252],[-115.2415,51.5216],[-115.2873,51.4987],[-115.2906,51.4787],[-115.2718,51.4957],[-115.2655,51.4838],[-115.2614,51.4969],[-115.2392,51.4915],[-115.2469,51.4723],[-115.1965,51.4747],[-115.1968,51.51],[-115.1857,51.4911],[-115.1688,51.4914],[-115.175,51.5065],[-115.1539,51.4898],[-115.1544,51.4778],[-115.1768,51.4846],[-115.1894,51.4718],[-115.225,51.464],[-115.1914,51.4476],[-115.1974,51.4369],[-115.1783,51.4321],[-115.1863,51.4266],[-115.1659,51.4074],[-115.2126,51.3913],[-115.1751,51.3746],[-115.2021,51.3498],[-115.1477,51.3461],[-115.133,51.3268],[-115.1358,51.3032],[-115.1782,51.3104],[-115.2196,51.3763],[-115.2147,51.427],[-115.2519,51.4539]],[[-115.1811,51.3295],[-115.1497,51.3253],[-115.1681,51.341],[-115.1811,51.3295]]],[[[-115.1551,51.5388],[-115.1421,51.5156],[-115.1209,51.5113],[-115.1074,51.4806],[-115.1617,51.5073],[-115.1684,51.5357],[-115.1511,51.5512],[-115.1465,51.537],[-115.1551,51.5388]]],[[[-115.328,51.5297],[-115.3309,51.5121],[-115.3459,51.5332],[-115.328,51.5297]]],[[[-115.404,51.6059],[-115.3638,51.5846],[-115.3825,51.6086],[-115.3247,51.6043],[-115.3184,51.5975],[-115.3305,51.5912],[-115.3127,51.5909],[-115.3246,51.5828],[-115.3056,51.5824],[-115.3136,51.5726],[-115.2994,51.5665],[-115.3085,51.5597],[-115.2833,51.5759],[-115.2623,51.5729],[-115.2735,51.5659],[-115.2628,51.5584],[-115.2803,51.5579],[-115.2802,51.544],[-115.2955,51.5507],[-115.3462,51.5362],[-115.394,51.5833],[-115.404,51.6059]]],[[[-115.2548,51.5929],[-115.2505,51.6061],[-115.2016,51.576],[-115.2485,51.5859],[-115.2258,51.5602],[-115.2424,51.5641],[-115.2798,51.5879],[-115.2617,51.5901],[-115.285,51.6217],[-115.2548,51.5929]]],[[[-115.2166,51.7173],[-115.187,51.7078],[-115.1612,51.6898],[-115.1808,51.6893],[-115.1978,51.6702],[-115.1844,51.6937],[-115.2089,51.7098],[-115.2218,51.686],[-115.2421,51.6943],[-115.2389,51.6814],[-115.2665,51.6955],[-115.2484,51.7052],[-115.2739,51.706],[-115.2613,51.7141],[-115.2676,51.7232],[-115.227,51.723],[-115.226,51.7363],[-115.2166,51.7173]]],[[[-115.4255,51.7242],[-115.375,51.7359],[-115.3355,51.6887],[-115.3339,51.6708],[-115.3823,51.7194],[-115.3712,51.6927],[-115.398,51.6647],[-115.4255,51.7242]]],[[[-115.2735,51.8711],[-115.2762,51.8583],[-115.2922,51.8615],[-115.2851,51.8498],[-115.3045,51.8606],[-115.2952,51.876],[-115.2735,51.8711]]],[[[-115.4265,51.7543],[-115.4972,51.8343],[-115.5869,51.8951],[-115.6686,51.9302],[-115.5833,51.9242],[-115.5904,51.9061],[-115.5737,51.9035],[-115.5645,51.9154],[-115.572,51.9255],[-115.5253,51.9247],[-115.5257,51.9422],[-115.4842,51.9772],[-115.4385,51.9858],[-115.5391,51.9008],[-115.513,51.884],[-115.4823,51.9119],[-115.4899,51.8842],[-115.4506,51.8761],[-115.458,51.8949],[-115.4248,51.8946],[-115.4666,51.9192],[-115.4567,51.9248],[-115.4712,51.9397],[-115.4601,51.96],[-115.3987,51.963],[-115.4148,51.947],[-115.3954,51.9241],[-115.3855,51.9271],[-115.3913,51.9453],[-115.3731,51.9447],[-115.3467,51.9137],[-115.3714,51.9051],[-115.334,51.8993],[-115.3303,51.8847],[-115.3416,51.8817],[-115.32,51.8803],[-115.3073,51.8263],[-115.3527,51.8474],[-115.3555,51.8371],[-115.3975,51.8772],[-115.4121,51.8751],[-115.4072,51.8536],[-115.4402,51.8624],[-115.4258,51.8488],[-115.461,51.8399],[-115.4304,51.8346],[-115.4356,51.821],[-115.4236,51.816],[-115.4178,51.8335],[-115.3867,51.8405],[-115.3825,51.8289],[-115.398,51.8251],[-115.3847,51.8199],[-115.391,51.8017],[-115.3635,51.8106],[-115.357,51.7872],[-115.3702,51.7905],[-115.3824,51.7693],[-115.4143,51.7817],[-115.4028,51.7507],[-115.4306,51.7357],[-115.4265,51.7543]],[[-115.427,51.945],[-115.4355,51.9349],[-115.4148,51.916],[-115.4233,51.9286],[-115.427,51.945]]],[[[-115.2033,51.8991],[-115.2191,51.9073],[-115.219,51.9238],[-115.2033,51.8991]]],[[[-115.2308,51.9394],[-115.248,51.9294],[-115.2675,51.9534],[-115.249,51.9397],[-115.2308,51.9394]]],[[[-115.2837,51.9866],[-115.3133,51.9926],[-115.3317,52.0199],[-115.2837,51.9866]]],[[[-115.5074,51.9907],[-115.5183,51.9653],[-115.536,51.9728],[-115.5399,51.9573],[-115.558,51.9639],[-115.5502,51.9511],[-115.5758,51.9698],[-115.5387,51.9792],[-115.5393,52.001],[-115.5074,51.9907]]],[[[-115.4969,52.0788],[-115.4666,52.0582],[-115.4884,52.0589],[-115.458,52.0107],[-115.5149,52.0469],[-115.4969,52.0788]]],[[[-115.509,52.0781],[-115.5383,52.0887],[-115.537,52.0978],[-115.509,52.0781]]],[[[-115.4181,52.1291],[-115.4054,52.1283],[-115.4151,52.1201],[-115.3977,52.1166],[-115.3819,52.0935],[-115.4378,52.1206],[-115.4473,52.1413],[-115.4227,52.1378],[-115.4221,52.1531],[-115.4092,52.1363],[-115.4181,52.1291]]],[[[-115.5393,52.1046],[-115.5532,52.0917],[-115.5617,52.1074],[-115.5478,52.1132],[-115.5393,52.1046]]],[[[-115.5698,52.1114],[-115.5807,52.1088],[-115.5871,52.1216],[-115.5806,52.1147],[-115.5698,52.1114]]],[[[-115.5033,52.1142],[-115.5245,52.1052],[-115.5369,52.1131],[-115.5492,52.1573],[-115.5303,52.1193],[-115.5033,52.1142]]],[[[-115.5629,52.2098],[-115.498,52.1791],[-115.5053,52.1672],[-115.4774,52.1712],[-115.4622,52.152],[-115.4911,52.1469],[-115.5629,52.2098]]],[[[-115.6499,52.1834],[-115.6577,52.1655],[-115.6776,52.1807],[-115.6619,52.1834],[-115.6783,52.1892],[-115.6499,52.1834]]],[[[-115.6442,52.1963],[-115.6478,52.2078],[-115.6402,52.2013],[-115.6442,52.1963]]],[[[-115.5817,52.2297],[-115.588,52.2229],[-115.5954,52.2321],[-115.5817,52.2297]]]]}},{"type":"Feature","properties":{"key":"western_alberta_upland","name":"Western Alberta Upland","where":"central AB","sort":121,"ecozone":"Boreal Plains","ab_subregion":"Upper Foothills"},"geometry":{"type":"MultiPolygon","coordinates":[[[[-117.6818,53.2725],[-117.7717,53.2355],[-117.7737,53.2484],[-117.6818,53.2725]]],[[[-117.6585,53.2864],[-117.6549,53.2953],[-117.6447,53.2953],[-117.6585,53.2864]]],[[[-118.2948,53.7987],[-118.2948,53.7993],[-118.292,53.8002],[-118.2948,53.7987]]],[[[-118.7151,54.1232],[-118.768,54.118],[-118.7388,54.1322],[-118.7151,54.1232]]],[[[-118.8247,54.1357],[-118.8713,54.1547],[-118.872,54.1714],[-118.895,54.1625],[-118.8983,54.1435],[-118.9252,54.1522],[-118.9273,54.1352],[-118.9411,54.1433],[-118.9369,54.1591],[-118.9665,54.141],[-118.9887,54.1445],[-118.9741,54.1575],[-118.9996,54.1601],[-118.9281,54.1753],[-118.8665,54.2126],[-118.9528,54.1976],[-118.9487,54.2227],[-118.9814,54.2017],[-118.9906,54.2142],[-119.0145,54.2095],[-118.981,54.2303],[-119.0296,54.2156],[-119.0271,54.226],[-119.0517,54.2317],[-119.0139,54.2506],[-119.0568,54.242],[-119.0752,54.2504],[-119.05,54.2705],[-119.1017,54.2546],[-119.1351,54.2629],[-119.1484,54.2452],[-119.2207,54.2354],[-119.2323,54.2193],[-119.2833,54.2058],[-119.35,54.2204],[-119.3324,54.2361],[-119.3794,54.2219],[-119.4162,54.2323],[-119.3075,54.2403],[-119.2821,54.2626],[-119.2724,54.2147],[-119.2582,54.2409],[-119.271,54.2608],[-119.143,54.2942],[-119.1312,54.2891],[-119.1361,54.2774],[-119.0636,54.2878],[-119.0634,54.2785],[-118.9945,54.2698],[-118.9893,54.2509],[-118.9541,54.2471],[-118.9565,54.2385],[-118.9153,54.244],[-118.9142,54.2296],[-118.8498,54.2381],[-118.7862,54.2693],[-118.7873,54.225],[-118.8444,54.2003],[-118.8105,54.2067],[-118.7994,54.1927],[-118.7991,54.2068],[-118.774,54.218],[-118.7387,54.216],[-118.7583,54.2317],[-118.7487,54.2478],[-118.7554,54.2892],[-118.7035,54.2943],[-118.7086,54.2751],[-118.6908,54.2737],[-118.6764,54.2905],[-118.6901,54.3106],[-118.6421,54.3199],[-118.6314,54.2986],[-118.6515,54.2728],[-118.6256,54.2832],[-118.6235,54.2689],[-118.6078,54.2676],[-118.6085,54.2855],[-118.5773,54.2909],[-118.5877,54.2952],[-118.5712,54.3635],[-118.5593,54.3546],[-118.5637,54.3399],[-118.5439,54.3419],[-118.5592,54.3194],[-118.5305,54.3206],[-118.5378,54.3055],[-118.5288,54.3026],[-118.5578,54.2697],[-118.5303,54.2756],[-118.55,54.2514],[-118.6773,54.1755],[-118.7882,54.1458],[-118.8041,54.1518],[-118.8247,54.1357]]],[[[-119.2491,54.2974],[-119.2382,54.3265],[-119.177,54.3443],[-119.1844,54.385],[-119.2156,54.4023],[-119.1856,54.4086],[-119.2671,54.4135],[-119.2773,54.4318],[-119.2866,54.4249],[-119.3063,54.4379],[-119.2945,54.4427],[-119.308,54.4561],[-119.3448,54.4747],[-119.4544,54.4851],[-119.499,54.5362],[-119.5452,54.5519],[-119.4964,54.5509],[-119.5582,54.5697],[-119.5221,54.5756],[-119.5362,54.5896],[-119.5834,54.5692],[-119.6125,54.577],[-119.6405,54.5601],[-119.6381,54.5331],[-119.5342,54.4494],[-119.5252,54.4259],[-119.5589,54.4217],[-119.57,54.4349],[-119.7501,54.3853],[-119.7884,54.41],[-119.8151,54.4118],[-119.7998,54.4252],[-119.8011,54.444],[-119.783,54.4531],[-119.7895,54.4961],[-119.8242,54.5459],[-119.8316,54.5842],[-119.8696,54.5971],[-119.8805,54.6129],[-119.8506,54.6364],[-119.8523,54.6765],[-119.8216,54.684],[-119.8299,54.7015],[-119.8606,54.7012],[-119.8772,54.7191],[-119.7052,54.6987],[-119.79,54.6673],[-119.7828,54.6506],[-119.7724,54.6605],[-119.7658,54.6488],[-119.7669,54.6278],[-119.7816,54.6189],[-119.7481,54.5863],[-119.7562,54.5745],[-119.7128,54.5454],[-119.7224,54.5276],[-119.7134,54.4946],[-119.7012,54.5224],[-119.6413,54.4858],[-119.6308,54.4663],[-119.5913,54.4702],[-119.6415,54.5187],[-119.6755,54.5265],[-119.6601,54.5328],[-119.6764,54.5476],[-119.6658,54.55],[-119.6749,54.5655],[-119.6657,54.5739],[-119.6812,54.587],[-119.6368,54.5785],[-119.6392,54.5913],[-119.62,54.5986],[-119.58,54.5846],[-119.5602,54.6155],[-119.5152,54.6026],[-119.4976,54.5818],[-119.4781,54.5899],[-119.4602,54.5816],[-119.4631,54.5964],[-119.44,54.6048],[-119.4237,54.5933],[-119.3901,54.5953],[-119.3952,54.6098],[-119.3583,54.6155],[-119.3364,54.6332],[-119.3367,54.624],[-119.2966,54.6218],[-119.2472,54.6532],[-119.2152,54.6574],[-119.214,54.6667],[-119.1715,54.6632],[-119.1673,54.6756],[-119.1483,54.6593],[-119.1288,54.6666],[-119.1222,54.6543],[-119.1025,54.6655],[-119.0273,54.6496],[-118.9915,54.6642],[-118.979,54.6413],[-119.0373,54.6151],[-119.1718,54.6204],[-119.1374,54.6011],[-119.1173,54.6057],[-119.0777,54.5643],[-119.0677,54.5436],[-119.0992,54.5534],[-119.1064,54.545],[-119.0794,54.5276],[-119.0939,54.5218],[-119.0653,54.5084],[-119.0732,54.4979],[-119.1006,54.5055],[-119.0991,54.4948],[-119.1321,54.4957],[-119.1518,54.5351],[-119.1758,54.5501],[-119.1718,54.5017],[-119.2243,54.5509],[-119.2522,54.558],[-119.2818,54.561],[-119.3138,54.5332],[-119.2665,54.5456],[-119.2439,54.5386],[-119.2426,54.5181],[-119.2191,54.509],[-119.2043,54.4855],[-119.2473,54.4808],[-119.2018,54.4678],[-119.2221,54.4485],[-119.1888,54.4409],[-119.1882,54.4573],[-119.1711,54.4687],[-119.1499,54.4686],[-119.1319,54.446],[-119.0691,54.4638],[-119.0662,54.4348],[-119.0996,54.3973],[-119.0488,54.4223],[-119.053,54.4339],[-119.0305,54.436],[-119.0386,54.456],[-119.0068,54.4601],[-119.0211,54.4749],[-118.9957,54.4873],[-118.976,54.4616],[-118.9837,54.4416],[-118.9469,54.4534],[-118.9296,54.4359],[-118.9183,54.4543],[-118.8682,54.4348],[-118.8378,54.4438],[-118.8376,54.4308],[-118.8075,54.4315],[-118.7952,54.4131],[-118.7683,54.408],[-118.7406,54.4153],[-118.7563,54.4506],[-118.7418,54.4641],[-118.7243,54.4566],[-118.735,54.4504],[-118.7198,54.4184],[-118.677,54.4121],[-118.7071,54.4022],[-118.6832,54.3981],[-118.6941,54.3866],[-118.6702,54.3754],[-118.7121,54.3661],[-118.7379,54.4001],[-118.7499,54.3811],[-118.7353,54.3413],[-118.7451,54.338],[-118.8166,54.391],[-118.8007,54.3499],[-118.7722,54.3192],[-118.7815,54.3119],[-118.8437,54.3603],[-118.8329,54.3411],[-118.8413,54.3221],[-118.8193,54.2936],[-118.8752,54.2749],[-118.8935,54.2869],[-118.8788,54.3016],[-118.9014,54.3124],[-118.9045,54.337],[-118.9163,54.2636],[-118.9924,54.2812],[-118.9998,54.2939],[-119.0297,54.2932],[-119.0542,54.3114],[-119.1164,54.2948],[-119.1836,54.2999],[-119.1881,54.3089],[-119.2026,54.3061],[-119.1948,54.2973],[-119.2918,54.2704],[-119.3095,54.2513],[-119.336,54.2595],[-119.3867,54.2493],[-119.2798,54.2774],[-119.2491,54.2974]],[[-119.4785,54.5656],[-119.4616,54.5461],[-119.4379,54.5617],[-119.4289,54.5542],[-119.4351,54.5338],[-119.4199,54.5296],[-119.418,54.5504],[-119.3981,54.5487],[-119.4242,54.5733],[-119.4785,54.5656]],[[-119.1412,54.3626],[-119.1465,54.3358],[-119.1344,54.3356],[-119.118,54.3492],[-119.1343,54.3695],[-119.1216,54.3738],[-119.154,54.3828],[-119.1412,54.3626]]],[[[-119.5474,54.6274],[-119.4771,54.6284],[-119.421,54.6377],[-119.4882,54.6141],[-119.497,54.6274],[-119.5205,54.6182],[-119.5474,54.6274]]],[[[-119.9986,54.5268],[-120.0,54.6707],[-119.9728,54.6616],[-119.9766,54.6735],[-119.9375,54.7057],[-119.927,54.6943],[-119.9334,54.6817],[-119.9049,54.6796],[-119.8945,54.6509],[-119.9106,54.6285],[-119.9023,54.5964],[-119.9217,54.5931],[-119.8959,54.5871],[-119.8738,54.5574],[-119.8808,54.5791],[-119.8561,54.5734],[-119.8047,54.4868],[-119.8022,54.462],[-119.8391,54.4186],[-119.9986,54.5268]]],[[[-120.0,54.6743],[-119.999,54.723],[-119.9888,54.7205],[-119.9745,54.6879],[-120.0,54.6743]]],[[[-114.9041,51.3542],[-114.926,51.3712],[-114.9201,51.3521],[-114.9501,51.3563],[-114.9588,51.376],[-115.0111,51.3588],[-115.047,51.3651],[-115.0834,51.3315],[-115.1102,51.3318],[-115.1193,51.3193],[-115.1112,51.3067],[-115.1273,51.3018],[-115.1418,51.314],[-115.133,51.3268],[-115.1477,51.3461],[-115.2021,51.3498],[-115.1751,51.3746],[-115.2126,51.3913],[-115.1659,51.4074],[-115.1863,51.4266],[-115.1783,51.4321],[-115.1974,51.4369],[-115.1914,51.4476],[-115.225,51.464],[-115.1894,51.4718],[-115.1768,51.4846],[-115.1544,51.4778],[-115.1539,51.4898],[-115.175,51.5065],[-115.1688,51.4914],[-115.1857,51.4911],[-115.1968,51.51],[-115.1965,51.4747],[-115.2469,51.4723],[-115.2392,51.4915],[-115.2614,51.4969],[-115.2655,51.4838],[-115.2718,51.4957],[-115.2906,51.4787],[-115.2873,51.4987],[-115.2415,51.5216],[-115.2584,51.5252],[-115.2496,51.538],[-115.2754,51.533],[-115.2841,51.5158],[-115.2915,51.5336],[-115.311,51.5286],[-115.3266,51.498],[-115.3246,51.5281],[-115.3459,51.5332],[-115.3485,51.5381],[-115.3259,51.5342],[-115.2955,51.5507],[-115.2802,51.544],[-115.2853,51.5512],[-115.266,51.5523],[-115.2735,51.5659],[-115.2623,51.5729],[-115.2927,51.5746],[-115.2925,51.563],[-115.3085,51.5597],[-115.2994,51.5665],[-115.3136,51.5726],[-115.3056,51.5824],[-115.3246,51.5828],[-115.3127,51.5909],[-115.3305,51.5912],[-115.3184,51.5975],[-115.3247,51.6043],[-115.3825,51.6086],[-115.3638,51.5846],[-115.4069,51.6052],[-115.398,51.6647],[-115.3712,51.6927],[-115.3823,51.7194],[-115.3339,51.6708],[-115.3355,51.6887],[-115.375,51.7359],[-115.4255,51.7242],[-115.4306,51.7357],[-115.4028,51.7507],[-115.4143,51.7817],[-115.3824,51.7693],[-115.3702,51.7905],[-115.357,51.7872],[-115.3614,51.8079],[-115.391,51.8017],[-115.3847,51.8199],[-115.398,51.8251],[-115.3825,51.8289],[-115.3867,51.8405],[-115.4178,51.8335],[-115.4236,51.816],[-115.4356,51.821],[-115.4304,51.8346],[-115.4618,51.8409],[-115.4258,51.8488],[-115.4347,51.8656],[-115.4072,51.8536],[-115.4054,51.8792],[-115.3555,51.8371],[-115.3527,51.8474],[-115.3085,51.8251],[-115.32,51.8803],[-115.3416,51.8817],[-115.3303,51.8847],[-115.334,51.8993],[-115.3655,51.8982],[-115.3714,51.9051],[-115.3467,51.9137],[-115.3731,51.9447],[-115.3913,51.9453],[-115.3891,51.9241],[-115.4098,51.9322],[-115.4148,51.947],[-115.393,51.9588],[-115.4073,51.9654],[-115.424,51.9541],[-115.4189,51.9699],[-115.4601,51.96],[-115.4712,51.9397],[-115.4567,51.9248],[-115.4666,51.9192],[-115.4248,51.8946],[-115.458,51.8949],[-115.4459,51.8768],[-115.4899,51.8842],[-115.4823,51.9119],[-115.513,51.884],[-115.5386,51.8996],[-115.5156,51.9114],[-115.5201,51.9211],[-115.5071,51.9173],[-115.4726,51.9672],[-115.4385,51.9858],[-115.4842,51.9772],[-115.5257,51.9422],[-115.5253,51.9247],[-115.572,51.9255],[-115.5645,51.9154],[-115.5764,51.9029],[-115.5904,51.9061],[-115.5864,51.9249],[-115.7089,51.9313],[-115.7586,51.9875],[-115.7806,51.9858],[-115.7591,52.0101],[-115.7732,52.0172],[-115.7796,52.0077],[-115.7979,52.0343],[-115.8363,52.0348],[-115.8335,52.0573],[-115.8446,52.062],[-115.8338,52.0693],[-115.9187,52.082],[-115.9029,52.0984],[-115.8178,52.1066],[-115.7977,52.1175],[-115.881,52.1168],[-115.9039,52.1334],[-115.8815,52.1274],[-115.8881,52.1395],[-115.8575,52.122],[-115.8605,52.1462],[-115.8446,52.1243],[-115.812,52.1289],[-115.8165,52.1559],[-115.7992,52.1319],[-115.782,52.1321],[-115.7884,52.1515],[-115.7512,52.1353],[-115.7303,52.141],[-115.7904,52.1626],[-115.7815,52.1669],[-115.7921,52.1735],[-115.8168,52.1694],[-115.8534,52.1842],[-115.8679,52.2057],[-115.8863,52.2],[-115.9081,52.2115],[-115.917,52.2091],[-115.8923,52.1915],[-115.8947,52.1794],[-115.9218,52.1871],[-115.9148,52.167],[-115.9437,52.1791],[-115.9352,52.1975],[-115.96,52.2066],[-115.9531,52.1943],[-115.9733,52.1982],[-115.9615,52.1716],[-115.9769,52.159],[-116.0561,52.1855],[-116.0135,52.212],[-115.994,52.2101],[-115.9988,52.2235],[-115.9725,52.2126],[-115.9714,52.2243],[-115.9309,52.2191],[-115.9282,52.233],[-115.9564,52.2356],[-115.9319,52.2494],[-115.9495,52.2591],[-115.9446,52.249],[-115.9941,52.2402],[-115.9854,52.2608],[-116.007,52.2608],[-116.0255,52.2427],[-116.0139,52.2657],[-116.0393,52.266],[-116.0544,52.2558],[-116.0475,52.2469],[-116.0713,52.2431],[-116.053,52.211],[-116.0997,52.2161],[-116.1328,52.1935],[-116.0845,52.2504],[-116.0918,52.2625],[-116.1196,52.2519],[-116.1021,52.2638],[-116.1337,52.2684],[-116.0354,52.2833],[-116.1198,52.3194],[-116.1128,52.3261],[-116.0577,52.3087],[-116.0483,52.3288],[-115.977,52.2845],[-115.9628,52.294],[-115.9696,52.3076],[-116.0663,52.3457],[-116.0364,52.3534],[-116.0505,52.372],[-116.0805,52.3587],[-116.0786,52.3456],[-116.1412,52.3712],[-116.1347,52.3583],[-116.1879,52.3594],[-116.179,52.3484],[-116.1899,52.3373],[-116.2264,52.322],[-116.2104,52.307],[-116.2509,52.2889],[-116.261,52.2629],[-116.2487,52.252],[-116.293,52.2389],[-116.2906,52.2186],[-116.3014,52.2129],[-116.3802,52.2281],[-116.3729,52.2365],[-116.3394,52.2288],[-116.3561,52.2387],[-116.3319,52.2477],[-116.3617,52.2664],[-116.3265,52.3004],[-116.3349,52.2727],[-116.3092,52.2523],[-116.2333,52.3587],[-116.1618,52.3926],[-116.0171,52.396],[-115.886,52.3818],[-115.8855,52.393],[-115.8203,52.3978],[-115.8252,52.4083],[-115.8011,52.4168],[-115.7412,52.4148],[-115.6839,52.4343],[-115.6361,52.4218],[-115.5662,52.4256],[-115.5553,52.4199],[-115.5821,52.4119],[-115.5146,52.4002],[-115.5529,52.369],[-115.575,52.3694],[-115.5726,52.3585],[-115.5239,52.3624],[-115.4941,52.3788],[-115.4762,52.3707],[-115.4967,52.3548],[-115.4824,52.336],[-115.4962,52.3286],[-115.483,52.3237],[-115.5072,52.3084],[-115.4995,52.3008],[-115.5379,52.3045],[-115.5323,52.2938],[-115.5532,52.2859],[-115.5262,52.283],[-115.531,52.2764],[-115.5008,52.2797],[-115.4811,52.3092],[-115.4351,52.3139],[-115.4363,52.3348],[-115.423,52.3191],[-115.4312,52.3453],[-115.3963,52.3346],[-115.3967,52.3541],[-115.3732,52.368],[-115.331,52.3628],[-115.327,52.3539],[-115.3445,52.3531],[-115.338,52.3461],[-115.3539,52.3301],[-115.2976,52.3265],[-115.2906,52.3181],[-115.3142,52.3067],[-115.3109,52.2982],[-115.2644,52.2959],[-115.2695,52.2848],[-115.2518,52.2796],[-115.3389,52.2478],[-115.3235,52.2431],[-115.3248,52.2306],[-115.2783,52.2473],[-115.186,52.2402],[-115.1496,52.2114],[-115.219,52.2139],[-115.2249,52.2083],[-115.2067,52.2037],[-115.2217,52.1877],[-115.1881,52.1955],[-115.1685,52.1797],[-115.1771,52.1652],[-115.1371,52.1728],[-115.0845,52.1551],[-115.1181,52.1471],[-115.1469,52.1179],[-115.1851,52.1032],[-115.2027,52.1094],[-115.2216,52.0898],[-115.3481,52.1259],[-115.3533,52.11],[-115.306,52.102],[-115.2949,52.0883],[-115.2768,52.0978],[-115.2418,52.066],[-115.2494,52.062],[-115.221,52.0561],[-115.2997,52.0567],[-115.2297,52.0199],[-115.2183,52.0026],[-115.2471,52.0097],[-115.2541,51.9772],[-115.3011,51.9642],[-115.3227,51.9803],[-115.3227,51.9657],[-115.2937,51.9572],[-115.1965,51.9765],[-115.1822,51.9577],[-115.1716,51.9861],[-115.0908,52.0121],[-115.0862,51.9896],[-115.1112,51.9739],[-115.0973,51.9593],[-115.0795,51.9542],[-115.0454,51.9741],[-115.0189,51.9468],[-115.05,51.9441],[-115.0491,51.9261],[-115.068,51.92],[-115.0376,51.921],[-115.0321,51.9079],[-115.0895,51.9119],[-115.0858,51.8905],[-115.1213,51.8909],[-115.1113,51.8739],[-115.2308,51.8711],[-115.1855,51.8338],[-115.2319,51.8464],[-115.2588,51.8212],[-115.2072,51.815],[-115.2287,51.7957],[-115.2141,51.7891],[-115.2221,51.7749],[-115.1849,51.8168],[-115.1313,51.8246],[-115.0987,51.8523],[-115.084,51.8439],[-115.0878,51.8585],[-115.0639,51.8712],[-115.0583,51.8611],[-115.0678,51.8563],[-115.0274,51.8389],[-115.0503,51.8404],[-115.0461,51.8335],[-115.006,51.8147],[-115.0256,51.8151],[-115.0066,51.8026],[-115.0107,51.793],[-114.9815,51.7872],[-114.9833,51.7991],[-114.9653,51.7856],[-114.9849,51.7755],[-114.9538,51.7599],[-114.9753,51.7512],[-114.9401,51.7502],[-114.9062,51.7183],[-114.9456,51.7275],[-114.9156,51.6933],[-114.95,51.7149],[-114.962,51.7077],[-114.9834,51.7379],[-115.0098,51.7352],[-115.0051,51.7103],[-115.0514,51.7238],[-115.032,51.7011],[-115.0416,51.6822],[-115.0253,51.6567],[-115.0682,51.6346],[-115.1344,51.6587],[-115.2036,51.6468],[-115.1306,51.6454],[-115.1137,51.6351],[-115.1486,51.617],[-115.1162,51.6282],[-115.0594,51.6231],[-115.0561,51.6139],[-115.0472,51.6272],[-115.0304,51.6247],[-115.0351,51.6319],[-114.99,51.633],[-114.9331,51.6078],[-114.9414,51.5919],[-114.9596,51.5862],[-114.9825,51.5976],[-114.9846,51.5865],[-115.0062,51.5889],[-114.9854,51.5828],[-115.0418,51.5661],[-114.9881,51.5708],[-114.9836,51.5596],[-114.9711,51.5728],[-114.9494,51.5564],[-114.9504,51.5797],[-114.9247,51.5525],[-114.9325,51.5789],[-114.9223,51.5866],[-114.9011,51.5935],[-114.8424,51.5776],[-114.8373,51.5932],[-114.8242,51.5872],[-114.829,51.5748],[-114.7855,51.5483],[-114.7769,51.5155],[-114.7659,51.5125],[-114.7581,51.4921],[-114.7711,51.4808],[-114.7888,51.4889],[-114.7963,51.5162],[-114.8105,51.498],[-114.8317,51.5265],[-114.8344,51.505],[-114.8165,51.4932],[-114.8351,51.4874],[-114.8976,51.5536],[-114.923,51.5416],[-114.9161,51.5284],[-114.9059,51.5363],[-114.8698,51.4796],[-114.8871,51.4824],[-114.8948,51.4697],[-114.9104,51.4791],[-114.9103,51.4624],[-114.8891,51.4506],[-114.8852,51.4663],[-114.8642,51.4584],[-114.8659,51.4741],[-114.8247,51.4273],[-114.8392,51.4411],[-114.8425,51.4272],[-114.8552,51.4353],[-114.8691,51.4227],[-114.884,51.446],[-114.8905,51.4212],[-114.9005,51.4346],[-114.9087,51.4235],[-114.9299,51.4323],[-114.919,51.4196],[-114.8855,51.4149],[-114.9157,51.4061],[-114.8949,51.3984],[-114.9152,51.3834],[-114.8911,51.3843],[-114.9,51.3644],[-114.8795,51.3651],[-114.8783,51.3973],[-114.8561,51.3561],[-114.9041,51.3542]],[[-115.8755,52.3852],[-115.8255,52.3475],[-115.8099,52.3482],[-115.8146,52.3354],[-115.7916,52.3199],[-115.7783,52.3256],[-115.7879,52.3442],[-115.7693,52.333],[-115.709,52.3317],[-115.7406,52.3537],[-115.7649,52.3522],[-115.7521,52.3617],[-115.7794,52.3649],[-115.7645,52.37],[-115.7992,52.364],[-115.8167,52.3839],[-115.8371,52.363],[-115.8379,52.3865],[-115.8755,52.3852]],[[-115.226,51.7261],[-115.2676,51.7232],[-115.2613,51.7141],[-115.2738,51.7052],[-115.2484,51.7052],[-115.2665,51.6955],[-115.2389,51.6814],[-115.2421,51.6943],[-115.2218,51.686],[-115.2089,51.7098],[-115.1844,51.6937],[-115.1978,51.6702],[-115.1808,51.6893],[-115.1612,51.6898],[-115.2226,51.7181],[-115.2182,51.7366],[-115.226,51.7261]],[[-115.8496,52.328],[-115.9159,52.3339],[-115.9237,52.3497],[-115.9395,52.3251],[-115.9701,52.3382],[-115.9539,52.3078],[-115.9244,52.2879],[-115.9358,52.3146],[-115.9147,52.2983],[-115.9183,52.3088],[-115.8957,52.3082],[-115.8972,52.3298],[-115.8716,52.3166],[-115.8496,52.328]],[[-115.6579,52.0883],[-115.6471,52.0609],[-115.6324,52.0868],[-115.6027,52.0699],[-115.6269,52.094],[-115.6186,52.1073],[-115.6368,52.1306],[-115.6502,52.1297],[-115.6479,52.1168],[-115.6849,52.1423],[-115.6351,52.098],[-115.6579,52.0883]],[[-115.7802,52.0518],[-115.7228,52.0361],[-115.7015,52.0493],[-115.7131,52.058],[-115.692,52.0618],[-115.7123,52.0747],[-115.7569,52.0495],[-115.7802,52.0518]],[[-115.5597,52.2037],[-115.4911,52.1469],[-115.4622,52.152],[-115.4774,52.1712],[-115.5053,52.1672],[-115.498,52.1791],[-115.512,52.1904],[-115.5488,52.2096],[-115.5597,52.2037]],[[-115.1498,51.5503],[-115.1684,51.5357],[-115.1612,51.5066],[-115.1074,51.4806],[-115.1227,51.5135],[-115.1407,51.5146],[-115.155,51.533],[-115.1498,51.5503]],[[-115.4969,52.0788],[-115.5149,52.0469],[-115.458,52.0107],[-115.4884,52.0589],[-115.4662,52.0599],[-115.4969,52.0788]],[[-115.793,52.0612],[-115.7874,52.0734],[-115.7599,52.0644],[-115.7539,52.0906],[-115.7835,52.0939],[-115.7971,52.0767],[-115.8193,52.0844],[-115.815,52.0694],[-115.793,52.0612]],[[-115.285,51.6217],[-115.2617,51.5901],[-115.2798,51.5879],[-115.2424,51.5641],[-115.2258,51.5602],[-115.2485,51.5859],[-115.2016,51.576],[-115.2505,51.6061],[-115.2499,51.5896],[-115.285,51.6217]],[[-115.4996,51.9903],[-115.5393,52.001],[-115.5387,51.9792],[-115.5758,51.9698],[-115.5502,51.9511],[-115.558,51.9639],[-115.5399,51.9573],[-115.536,51.9728],[-115.5183,51.9653],[-115.4996,51.9903]],[[-115.4229,52.144],[-115.4465,52.1421],[-115.4458,52.1301],[-115.3819,52.0935],[-115.3977,52.1166],[-115.4151,52.1201],[-115.4048,52.1269],[-115.4189,52.1299],[-115.4092,52.1363],[-115.427,52.1531],[-115.4229,52.144]],[[-115.0949,51.446],[-115.1114,51.4449],[-115.1017,51.4235],[-115.095,51.4366],[-115.064,51.4158],[-115.0608,51.4269],[-115.0982,51.4605],[-115.0949,51.446]],[[-115.752,52.2074],[-115.7873,52.2168],[-115.7839,52.2039],[-115.7992,52.2025],[-115.7443,52.1853],[-115.763,52.1984],[-115.752,52.2074]],[[-115.8946,52.3045],[-115.8668,52.2812],[-115.8377,52.2775],[-115.8719,52.3041],[-115.8946,52.3045]],[[-115.3278,52.0208],[-115.3066,51.9881],[-115.282,51.9785],[-115.3278,52.0208]],[[-115.5418,52.1229],[-115.5245,52.1052],[-115.503,52.1119],[-115.5303,52.1193],[-115.5473,52.1584],[-115.5418,52.1229]],[[-115.7004,52.1472],[-115.6862,52.1603],[-115.7328,52.171],[-115.7004,52.1472]],[[-115.6536,52.165],[-115.6463,52.1804],[-115.6783,52.1892],[-115.6626,52.1842],[-115.6776,52.1807],[-115.6536,52.165]],[[-115.2881,51.854],[-115.2916,51.8622],[-115.2762,51.8583],[-115.2729,51.8701],[-115.2952,51.876],[-115.3045,51.8606],[-115.2881,51.854]],[[-115.6099,52.0272],[-115.5953,52.0061],[-115.5705,52.0193],[-115.6099,52.0272]],[[-115.5335,52.0976],[-115.5266,52.0753],[-115.5099,52.0742],[-115.5335,52.0976]],[[-115.7005,52.0215],[-115.7117,52.0272],[-115.7364,52.0216],[-115.7205,52.0118],[-115.7005,52.0215]],[[-115.2663,51.9544],[-115.247,51.9291],[-115.2304,51.9385],[-115.2663,51.9544]],[[-115.5389,52.1052],[-115.5613,52.1087],[-115.5555,52.0924],[-115.5389,52.1052]],[[-115.845,52.2367],[-115.8386,52.2225],[-115.8269,52.2323],[-115.845,52.2367]],[[-115.2205,51.9225],[-115.2033,51.8991],[-115.2168,51.924],[-115.2205,51.9225]],[[-115.6703,51.9804],[-115.7061,51.9982],[-115.6688,51.9771],[-115.6703,51.9804]],[[-115.6261,52.0075],[-115.6366,52.0189],[-115.6476,52.016],[-115.6362,52.0077],[-115.6261,52.0075]],[[-115.6381,51.9968],[-115.6545,52.007],[-115.6644,52.0087],[-115.6617,52.0009],[-115.6381,51.9968]],[[-115.5684,52.1114],[-115.5806,52.1147],[-115.5871,52.1216],[-115.5807,52.1088],[-115.5684,52.1114]],[[-115.6408,52.2],[-115.651,52.2058],[-115.6527,52.1984],[-115.6408,52.2]],[[-115.588,52.2229],[-115.5774,52.226],[-115.5954,52.2321],[-115.588,52.2229]],[[-115.9943,52.3712],[-116.0078,52.3775],[-116.0105,52.375],[-115.9943,52.3712]]],[[[-116.4066,52.3841],[-116.2767,52.4073],[-116.2674,52.4422],[-116.2399,52.4437],[-116.2472,52.4602],[-116.2738,52.4767],[-116.3116,52.4794],[-116.3058,52.489],[-116.3441,52.505],[-116.396,52.4991],[-116.4058,52.5147],[-116.3858,52.5257],[-116.4026,52.5401],[-116.4022,52.5608],[-116.4227,52.5872],[-116.4483,52.5935],[-116.3953,52.6104],[-116.4328,52.6129],[-116.459,52.6009],[-116.4876,52.6116],[-116.4785,52.6251],[-116.4866,52.636],[-116.5078,52.6231],[-116.4987,52.6359],[-116.5163,52.6345],[-116.5144,52.6499],[-116.4821,52.6478],[-116.4456,52.6262],[-116.457,52.6425],[-116.4275,52.641],[-116.4522,52.6511],[-116.4032,52.658],[-116.3797,52.6418],[-116.3525,52.6475],[-116.3363,52.6279],[-116.3382,52.6367],[-116.3222,52.6361],[-116.3259,52.6564],[-116.3856,52.6592],[-116.3857,52.6797],[-116.4083,52.6739],[-116.3967,52.6863],[-116.4118,52.6951],[-116.421,52.6796],[-116.4486,52.688],[-116.4523,52.6767],[-116.4335,52.6714],[-116.4357,52.6621],[-116.4647,52.654],[-116.4926,52.6626],[-116.4913,52.6785],[-116.5122,52.6693],[-116.5186,52.6793],[-116.5622,52.6777],[-116.5741,52.6913],[-116.562,52.6918],[-116.5667,52.7003],[-116.5463,52.6943],[-116.5646,52.712],[-116.5293,52.697],[-116.51,52.7117],[-116.4804,52.7012],[-116.488,52.7132],[-116.4772,52.7198],[-116.4473,52.7142],[-116.459,52.7273],[-116.4259,52.7214],[-116.4396,52.7302],[-116.4335,52.7398],[-116.4715,52.7284],[-116.4947,52.741],[-116.4856,52.7233],[-116.5244,52.7301],[-116.5305,52.7142],[-116.5369,52.7282],[-116.5533,52.728],[-116.5387,52.7391],[-116.5458,52.7419],[-116.5729,52.7334],[-116.5764,52.7212],[-116.5869,52.7368],[-116.6087,52.7264],[-116.6041,52.7404],[-116.6512,52.7335],[-116.6535,52.75],[-116.63,52.7555],[-116.6533,52.7838],[-116.5721,52.7544],[-116.5734,52.7638],[-116.5545,52.7592],[-116.567,52.7871],[-116.547,52.768],[-116.5179,52.7638],[-116.584,52.8099],[-116.6018,52.8117],[-116.5851,52.7968],[-116.6171,52.8085],[-116.6002,52.7909],[-116.6137,52.7819],[-116.6396,52.7959],[-116.627,52.8047],[-116.6354,52.8108],[-116.6516,52.8041],[-116.6896,52.828],[-116.6916,52.8075],[-116.676,52.8007],[-116.6858,52.7925],[-116.7078,52.7975],[-116.7184,52.8142],[-116.7364,52.8091],[-116.7422,52.8316],[-116.7219,52.8571],[-116.7646,52.8802],[-116.7517,52.8937],[-116.7147,52.8881],[-116.755,52.9257],[-116.7998,52.947],[-116.774,52.9261],[-116.802,52.9359],[-116.8378,52.9619],[-116.8188,52.9904],[-116.7929,52.9916],[-116.8008,52.9976],[-116.8409,53.0242],[-116.9756,53.0715],[-116.9996,53.0631],[-117.0016,53.036],[-117.0141,53.038],[-117.0048,53.0223],[-117.0172,53.0182],[-117.1692,53.0765],[-117.1567,53.0586],[-117.1745,53.0624],[-117.1696,53.049],[-117.2088,53.0569],[-117.196,53.0731],[-117.2431,53.0611],[-117.2202,53.0857],[-117.1705,53.0992],[-117.1415,53.1327],[-117.3009,53.1356],[-117.4421,53.168],[-117.4566,53.1755],[-117.411,53.1732],[-117.4849,53.2049],[-117.4776,53.1863],[-117.5612,53.2774],[-117.5949,53.3],[-117.6358,53.302],[-117.6085,53.3121],[-117.5729,53.3024],[-117.5793,53.3304],[-117.5548,53.3509],[-117.5313,53.3477],[-117.5478,53.3661],[-117.5021,53.3869],[-117.5035,53.4032],[-117.4866,53.4038],[-117.4895,53.4134],[-117.3579,53.4492],[-117.3192,53.4911],[-117.2995,53.4895],[-117.2698,53.5177],[-117.2021,53.5441],[-117.1815,53.5337],[-117.1915,53.5205],[-117.1744,53.5141],[-117.1743,53.4974],[-117.2257,53.4367],[-117.2125,53.4326],[-117.2228,53.4259],[-117.2178,53.3766],[-117.2596,53.3672],[-117.2395,53.3511],[-117.2549,53.3405],[-117.1987,53.3642],[-117.1566,53.3393],[-117.1696,53.3553],[-117.1527,53.3716],[-117.1549,53.4118],[-117.1448,53.4124],[-117.1391,53.3807],[-117.1074,53.3807],[-117.0763,53.3554],[-117.0564,53.3636],[-117.0839,53.3301],[-117.0553,53.3245],[-117.0658,53.303],[-117.0381,53.3005],[-117.0198,53.2882],[-117.0368,53.2791],[-117.0005,53.2641],[-117.0003,53.2466],[-117.0347,53.2552],[-117.0226,53.2368],[-116.8821,53.1897],[-116.8867,53.179],[-116.8277,53.156],[-116.7943,53.1657],[-116.793,53.1769],[-116.843,53.1857],[-116.8963,53.2291],[-116.9134,53.2225],[-116.9521,53.2383],[-116.9485,53.257],[-116.9275,53.2527],[-116.932,53.2799],[-116.8881,53.2802],[-116.8921,53.2659],[-116.8649,53.264],[-116.8819,53.2441],[-116.8575,53.2403],[-116.8467,53.2447],[-116.8527,53.2552],[-116.836,53.2506],[-116.8421,53.2635],[-116.8107,53.2572],[-116.8401,53.2718],[-116.8303,53.2779],[-116.7642,53.2636],[-116.7035,53.2679],[-116.6867,53.2591],[-116.7021,53.2489],[-116.6613,53.2139],[-116.7131,53.2028],[-116.6959,53.1944],[-116.7,53.1764],[-116.7527,53.171],[-116.6442,53.1518],[-116.657,53.1199],[-116.6765,53.1197],[-116.6498,53.1154],[-116.65,53.1022],[-116.6263,53.1082],[-116.6157,53.088],[-116.5948,53.099],[-116.6025,53.1309],[-116.6245,53.1385],[-116.6016,53.149],[-116.578,53.1379],[-116.5618,53.1634],[-116.5724,53.1744],[-116.5265,53.1811],[-116.526,53.1591],[-116.4834,53.1377],[-116.4731,53.1197],[-116.4222,53.117],[-116.3907,53.1459],[-116.3655,53.151],[-116.3109,53.212],[-116.2278,53.2098],[-116.1936,53.2431],[-116.1764,53.1982],[-116.1479,53.1949],[-116.159,53.1899],[-116.1429,53.1806],[-116.1477,53.1663],[-116.0991,53.2045],[-116.0708,53.1993],[-116.0875,53.1879],[-116.0785,53.1785],[-116.0594,53.183],[-116.0575,53.1678],[-116.0135,53.1526],[-116.0276,53.156],[-116.0574,53.1331],[-116.0191,53.1317],[-116.0046,53.1486],[-115.9698,53.1551],[-115.9324,53.144],[-115.9706,53.1229],[-115.9518,53.1107],[-115.9991,53.1077],[-116.0097,53.0968],[-115.9695,53.094],[-115.9652,53.0773],[-115.9489,53.0722],[-115.8824,53.0814],[-115.878,53.0667],[-115.9399,53.0532],[-115.901,53.0494],[-115.8949,53.0301],[-115.9307,53.0341],[-115.9365,53.019],[-115.9886,53.0315],[-116.0123,53.0207],[-116.0378,53.0337],[-116.0734,53.0276],[-116.0541,53.014],[-116.1602,53.0173],[-116.1598,53.0073],[-116.1981,53.0045],[-116.189,52.9852],[-116.1985,52.9761],[-116.2442,52.9731],[-116.2358,52.9593],[-116.1897,52.9671],[-116.1424,52.9549],[-116.0703,52.9797],[-116.0825,52.9583],[-116.2104,52.9231],[-116.1726,52.9179],[-116.1119,52.938],[-116.1033,52.9371],[-116.1099,52.9199],[-116.082,52.9258],[-116.0559,52.9491],[-115.9867,52.9694],[-116.0116,52.9373],[-115.9929,52.9292],[-115.9986,52.9231],[-116.0691,52.9143],[-116.0319,52.8724],[-116.0934,52.8965],[-116.1025,52.8895],[-116.0876,52.8834],[-116.1092,52.8818],[-116.1084,52.873],[-116.1545,52.8831],[-116.1366,52.8669],[-116.2238,52.8944],[-116.2535,52.892],[-116.2529,52.8829],[-116.3141,52.8943],[-116.3278,52.8793],[-116.3448,52.8916],[-116.3572,52.8801],[-116.4123,52.8748],[-116.3852,52.8637],[-116.3531,52.8372],[-116.3569,52.8236],[-116.3231,52.8044],[-116.2499,52.7894],[-116.2731,52.7672],[-116.2585,52.7528],[-116.2603,52.7644],[-116.2336,52.7799],[-116.2178,52.7747],[-116.2171,52.7621],[-116.1969,52.7705],[-116.2155,52.7542],[-116.1755,52.7226],[-116.0877,52.7324],[-116.1175,52.7095],[-116.1601,52.7127],[-116.1857,52.7011],[-116.0811,52.7005],[-116.0562,52.6691],[-116.0644,52.6582],[-116.0449,52.6737],[-116.0571,52.7082],[-116.0149,52.6908],[-116.0112,52.7133],[-115.9862,52.6979],[-115.9753,52.7153],[-115.9394,52.7057],[-115.9247,52.7201],[-115.8993,52.7053],[-115.9504,52.6954],[-115.9258,52.6834],[-115.942,52.6706],[-115.8771,52.6518],[-115.8656,52.6655],[-115.8552,52.6466],[-115.7995,52.6532],[-115.7979,52.6366],[-115.7806,52.655],[-115.751,52.651],[-115.7237,52.6667],[-115.7104,52.6473],[-115.6543,52.6391],[-115.6541,52.623],[-115.6699,52.625],[-115.6512,52.5899],[-115.6933,52.607],[-115.708,52.5907],[-115.7334,52.6005],[-115.7291,52.5888],[-115.7432,52.579],[-115.6704,52.562],[-115.7039,52.5526],[-115.6835,52.5527],[-115.6903,52.5443],[-115.6762,52.534],[-115.6372,52.5233],[-115.6549,52.5242],[-115.6517,52.5014],[-115.6997,52.4891],[-115.6918,52.4701],[-115.7336,52.4602],[-115.7888,52.4818],[-115.897,52.4988],[-115.8111,52.4554],[-115.8216,52.4342],[-115.8534,52.4429],[-115.8505,52.4244],[-115.8911,52.3949],[-116.2153,52.3981],[-116.2134,52.4125],[-116.262,52.3962],[-116.2488,52.3865],[-116.2565,52.3778],[-116.4057,52.3727],[-116.4066,52.3841]],[[-117.5521,53.331],[-117.5575,53.3132],[-117.5069,53.2822],[-117.4376,53.2687],[-117.4066,53.2753],[-117.4265,53.2837],[-117.4165,53.2905],[-117.4976,53.3108],[-117.4572,53.3192],[-117.5521,53.331]],[[-116.0006,52.4783],[-115.9959,52.4629],[-116.0187,52.4389],[-116.0363,52.4395],[-116.024,52.4415],[-116.0266,52.4681],[-116.0425,52.4615],[-116.0411,52.4468],[-116.0626,52.4428],[-115.9715,52.4216],[-115.9368,52.4308],[-115.9214,52.4132],[-115.8852,52.4098],[-115.9402,52.4513],[-115.9738,52.4377],[-115.954,52.4642],[-116.0006,52.4783]],[[-116.0986,52.5217],[-116.0951,52.5091],[-116.0442,52.504],[-116.082,52.5287],[-116.0986,52.5217]],[[-116.1476,52.5339],[-116.1292,52.5208],[-116.1199,52.5321],[-116.1237,52.5455],[-116.1404,52.5483],[-116.1476,52.5339]],[[-116.2385,52.514],[-116.2433,52.5261],[-116.2649,52.532],[-116.2661,52.5164],[-116.2385,52.514]],[[-117.0525,53.1106],[-117.0928,53.1079],[-117.081,53.0993],[-117.0894,53.0957],[-117.074,53.0931],[-117.0525,53.1106]],[[-116.29,52.5319],[-116.3123,52.5356],[-116.2925,52.521],[-116.29,52.5319]],[[-116.171,52.5434],[-116.1671,52.559],[-116.1761,52.5505],[-116.171,52.5434]],[[-116.3476,52.5708],[-116.3597,52.5701],[-116.3385,52.5618],[-116.3476,52.5708]],[[-116.3428,52.5754],[-116.3244,52.5706],[-116.3316,52.5759],[-116.3428,52.5754]],[[-116.3638,52.5733],[-116.3657,52.5806],[-116.368,52.5796],[-116.3638,52.5733]],[[-116.3587,52.5809],[-116.3628,52.5858],[-116.3659,52.5844],[-116.3587,52.5809]]],[[[-116.2553,53.9857],[-116.288,53.9609],[-116.2523,53.9618],[-116.2131,53.9355],[-116.1943,53.9484],[-116.1899,53.9713],[-116.1621,53.9497],[-116.1451,53.9538],[-116.138,53.9777],[-116.149,53.9827],[-116.1343,53.9885],[-116.106,53.972],[-116.1062,53.95],[-116.0756,53.9544],[-116.0534,53.94],[-116.103,53.9426],[-116.1299,53.9264],[-116.156,53.9346],[-116.1493,53.9237],[-116.1627,53.9186],[-116.187,53.9298],[-116.2114,53.9048],[-116.2464,53.9294],[-116.2937,53.9378],[-116.3258,53.9222],[-116.3412,53.9271],[-116.2969,53.9707],[-116.2958,53.9852],[-116.254,54.0001],[-116.2553,53.9857]]],[[[-116.3646,54.036],[-116.3644,54.0024],[-116.3957,53.988],[-116.3995,53.9723],[-116.3858,53.9612],[-116.4027,53.9522],[-116.3892,53.9443],[-116.4169,53.9078],[-116.3941,53.8953],[-116.4891,53.8846],[-116.462,53.875],[-116.4932,53.8749],[-116.4764,53.8652],[-116.4835,53.8593],[-116.5557,53.8659],[-116.4951,53.8353],[-116.4842,53.8184],[-116.4917,53.8023],[-116.585,53.8548],[-116.6055,53.8502],[-116.6195,53.8236],[-116.6398,53.8151],[-116.674,53.8313],[-116.7423,53.8214],[-116.7566,53.8048],[-116.7441,53.796],[-116.7954,53.7892],[-116.7979,53.7686],[-116.8672,53.7676],[-116.8617,53.7467],[-116.8784,53.7183],[-116.9216,53.7135],[-116.9195,53.6895],[-116.947,53.68],[-116.9731,53.7053],[-116.9475,53.7235],[-116.9672,53.7359],[-117.0228,53.7376],[-117.0368,53.7484],[-117.0218,53.7627],[-117.0261,53.7759],[-117.0851,53.7908],[-117.0748,53.7986],[-117.0917,53.8205],[-117.0875,53.8389],[-117.0584,53.8633],[-117.0227,53.8466],[-117.0207,53.8198],[-116.994,53.8252],[-116.9978,53.8362],[-116.9804,53.8332],[-117.0025,53.8593],[-116.997,53.8791],[-116.9525,53.8769],[-116.9239,53.8626],[-116.9207,53.8441],[-116.8943,53.8373],[-116.9057,53.8537],[-116.8904,53.8728],[-116.9301,53.8859],[-116.8886,53.922],[-116.8906,53.9328],[-116.838,53.9424],[-116.8225,53.9136],[-116.789,53.934],[-116.8096,53.944],[-116.7862,53.9819],[-116.7441,53.9927],[-116.694,54.0342],[-116.6576,54.0193],[-116.6795,53.9938],[-116.6723,53.9832],[-116.7199,53.9594],[-116.7203,53.942],[-116.6808,53.9513],[-116.6494,53.9317],[-116.6496,53.9625],[-116.5724,54.0027],[-116.5751,54.0115],[-116.5268,54.012],[-116.5398,54.0054],[-116.5372,53.9922],[-116.5152,54.0074],[-116.4476,54.0179],[-116.4552,54.0278],[-116.4411,54.0399],[-116.4213,54.0362],[-116.4095,54.0179],[-116.3861,54.0443],[-116.3646,54.036]]],[[[-117.815,53.45],[-118.1988,53.6433],[-117.9833,53.6623],[-117.9892,53.676],[-118.0458,53.6636],[-118.0232,53.6744],[-118.0288,53.6807],[-118.0719,53.6678],[-118.1494,53.681],[-118.1753,53.7011],[-118.086,53.7462],[-118.0904,53.76],[-118.0526,53.789],[-118.0868,53.7878],[-118.0636,53.7965],[-118.0727,53.7972],[-118.0706,53.8136],[-118.1021,53.7973],[-118.1109,53.7677],[-118.1407,53.735],[-118.1899,53.7069],[-118.2288,53.7139],[-118.2195,53.6964],[-118.2324,53.6785],[-118.2368,53.7027],[-118.2551,53.6843],[-118.2696,53.6852],[-118.2581,53.698],[-118.266,53.7055],[-118.2942,53.6981],[-118.2944,53.7088],[-118.2796,53.7104],[-118.2971,53.7148],[-118.2894,53.7323],[-118.2556,53.7203],[-118.3263,53.7659],[-118.3667,53.7441],[-118.3682,53.7697],[-118.3244,53.7808],[-118.2398,53.7409],[-118.2211,53.7492],[-118.2846,53.7825],[-118.2331,53.8062],[-118.2878,53.8014],[-118.2375,53.8291],[-118.2061,53.8219],[-118.2268,53.8403],[-118.1934,53.8889],[-118.1675,53.8897],[-118.1911,53.8946],[-118.1334,54.0062],[-118.1399,54.0227],[-118.312,53.9261],[-118.3203,53.9396],[-118.3418,53.9362],[-118.3838,53.8814],[-118.521,53.8831],[-118.6242,53.8655],[-118.7051,53.9004],[-118.8101,53.9064],[-118.8427,53.919],[-118.8174,53.9222],[-118.835,53.9332],[-118.8217,53.9395],[-118.7257,53.9502],[-118.4992,53.9305],[-118.3871,54.008],[-118.3446,54.0007],[-118.3052,54.0199],[-118.2994,54.0393],[-118.3452,54.04],[-118.3029,54.0458],[-118.2927,54.0701],[-118.2822,54.0499],[-118.2525,54.0586],[-118.2581,54.0822],[-118.0692,54.1635],[-118.0545,54.1581],[-118.114,54.1111],[-118.0448,54.1412],[-118.0192,54.181],[-118.028,54.1911],[-118.0626,54.1847],[-118.0973,54.1887],[-118.0959,54.1989],[-118.1399,54.1972],[-118.132,54.2051],[-118.1409,54.2184],[-118.1798,54.1949],[-118.1728,54.2053],[-118.186,54.2166],[-118.1712,54.2342],[-118.2096,54.2112],[-118.2188,54.2172],[-118.1943,54.2398],[-118.2456,54.2574],[-118.2601,54.2422],[-118.2435,54.2435],[-118.2424,54.2193],[-118.285,54.212],[-118.2866,54.2253],[-118.2997,54.2051],[-118.2495,54.1947],[-118.2846,54.1511],[-118.3349,54.1242],[-118.3757,54.1268],[-118.3565,54.146],[-118.3875,54.1393],[-118.386,54.1306],[-118.466,54.1533],[-118.4833,54.1639],[-118.4715,54.1742],[-118.4779,54.1826],[-118.519,54.1401],[-118.6018,54.1395],[-118.5897,54.1561],[-118.6103,54.139],[-118.6957,54.1225],[-118.6694,54.1483],[-118.6418,54.1359],[-118.6392,54.164],[-118.6116,54.1593],[-118.6013,54.171],[-118.6105,54.1792],[-118.584,54.1926],[-118.5418,54.2072],[-118.5253,54.1879],[-118.5131,54.2161],[-118.479,54.2116],[-118.5,54.2278],[-118.4798,54.2485],[-118.4619,54.2306],[-118.436,54.239],[-118.4388,54.2523],[-118.4269,54.2556],[-118.4423,54.2711],[-118.4397,54.2897],[-118.3904,54.3044],[-118.3761,54.3204],[-118.3898,54.3222],[-118.3804,54.3534],[-118.3356,54.3631],[-118.3372,54.375],[-118.3002,54.3977],[-118.3044,54.4131],[-118.2863,54.418],[-118.2457,54.4005],[-118.2751,54.3828],[-118.2278,54.3765],[-118.2456,54.3721],[-118.2328,54.3616],[-118.2475,54.3449],[-118.2139,54.3517],[-118.2072,54.3384],[-118.2733,54.3201],[-118.2226,54.3249],[-118.2721,54.2995],[-118.2807,54.2765],[-118.1863,54.3223],[-118.1765,54.3144],[-118.1796,54.3336],[-118.1651,54.3292],[-118.1678,54.3453],[-118.1387,54.3579],[-118.1381,54.3758],[-118.1153,54.3561],[-118.0988,54.3709],[-118.1061,54.3889],[-118.0869,54.3818],[-118.0935,54.397],[-118.0791,54.4077],[-118.0653,54.4093],[-118.0722,54.4036],[-118.0563,54.3812],[-118.0378,54.3899],[-118.0358,54.4143],[-118.0159,54.4177],[-117.9898,54.4054],[-117.9701,54.4177],[-117.9286,54.4123],[-117.9744,54.392],[-117.9628,54.3858],[-117.9914,54.3661],[-117.9149,54.3864],[-117.8674,54.3744],[-117.9442,54.3327],[-118.0018,54.3255],[-117.8962,54.3192],[-117.9073,54.2788],[-117.8686,54.3098],[-117.8682,54.3317],[-117.79,54.3371],[-117.8135,54.326],[-117.7932,54.3244],[-117.7959,54.2955],[-117.757,54.3282],[-117.752,54.3109],[-117.724,54.3247],[-117.7245,54.2918],[-117.6912,54.3077],[-117.6751,54.3382],[-117.652,54.3347],[-117.6581,54.3491],[-117.6365,54.3476],[-117.6116,54.3645],[-117.554,54.3562],[-117.6176,54.3124],[-117.5694,54.3313],[-117.5649,54.3211],[-117.5441,54.342],[-117.5438,54.3325],[-117.4936,54.3269],[-117.5655,54.2982],[-117.5263,54.2997],[-117.5237,54.2901],[-117.4617,54.326],[-117.4587,54.3015],[-117.4401,54.3359],[-117.4256,54.3364],[-117.4362,54.3195],[-117.424,54.3034],[-117.4105,54.3184],[-117.4044,54.3095],[-117.3764,54.3186],[-117.3535,54.3122],[-117.3597,54.2989],[-117.3375,54.3066],[-117.3021,54.2978],[-117.3221,54.2847],[-117.2584,54.2868],[-117.2855,54.2747],[-117.29,54.2555],[-117.3539,54.2427],[-117.3512,54.2316],[-117.4145,54.2044],[-117.4756,54.1981],[-117.5729,54.2153],[-117.6,54.2032],[-117.4681,54.1619],[-117.3747,54.1786],[-117.3631,54.1708],[-117.3125,54.1961],[-117.2798,54.1885],[-117.2831,54.1992],[-117.2605,54.2058],[-117.2294,54.1874],[-117.2102,54.2063],[-117.1685,54.1607],[-117.0948,54.1497],[-117.1014,54.1421],[-117.091,54.1361],[-117.0523,54.1295],[-117.0674,54.1008],[-116.975,54.0932],[-116.9552,54.0691],[-116.9677,54.0615],[-116.9674,54.0401],[-117.0127,54.0579],[-117.0569,54.0452],[-117.2015,54.0684],[-117.3075,54.0671],[-117.4504,54.0855],[-117.5924,54.0492],[-117.5898,54.0342],[-117.6256,54.0239],[-117.5266,54.0331],[-117.4161,53.9892],[-117.4386,53.9888],[-117.4186,53.9786],[-117.4467,53.9673],[-117.5481,53.9908],[-117.5592,53.9658],[-117.5303,53.9457],[-117.5444,53.939],[-117.5311,53.9259],[-117.4741,53.91],[-117.4131,53.9187],[-117.4715,53.8722],[-117.5954,53.8743],[-117.6084,53.848],[-117.6411,53.8405],[-117.6011,53.8284],[-117.5932,53.8099],[-117.5666,53.8172],[-117.5613,53.8402],[-117.4464,53.8436],[-117.4196,53.8261],[-117.4192,53.8442],[-117.4016,53.8512],[-117.3911,53.8105],[-117.3778,53.8047],[-117.3554,53.8141],[-117.3377,53.8409],[-117.3052,53.8412],[-117.1958,53.8994],[-117.2061,53.8746],[-117.2745,53.8118],[-117.2532,53.7899],[-117.2605,53.7812],[-117.2785,53.7647],[-117.3406,53.7501],[-117.2763,53.7394],[-117.2683,53.7205],[-117.2709,53.7068],[-117.303,53.6891],[-117.3449,53.6898],[-117.3437,53.6635],[-117.3268,53.6548],[-117.381,53.6313],[-117.3243,53.6307],[-117.3189,53.6086],[-117.3976,53.5606],[-117.4439,53.5695],[-117.4633,53.5536],[-117.4565,53.5399],[-117.4676,53.5313],[-117.6344,53.4647],[-117.6547,53.4818],[-117.6845,53.4486],[-117.7474,53.4576],[-117.7834,53.4769],[-117.7556,53.4925],[-117.7748,53.4942],[-117.7897,53.5214],[-117.7766,53.5552],[-117.7591,53.5611],[-117.7576,53.5817],[-117.8324,53.5373],[-117.8307,53.4818],[-117.815,53.45]],[[-117.4731,53.5938],[-117.5882,53.5449],[-117.6203,53.5135],[-117.6507,53.5333],[-117.681,53.5337],[-117.6727,53.5506],[-117.6326,53.5618],[-117.698,53.5609],[-117.7108,53.5425],[-117.7647,53.5331],[-117.771,53.5169],[-117.7322,53.4986],[-117.7326,53.4724],[-117.7008,53.471],[-117.6948,53.4918],[-117.6587,53.5141],[-117.6434,53.5107],[-117.6343,53.489],[-117.5893,53.512],[-117.5175,53.5219],[-117.5151,53.538],[-117.4591,53.578],[-117.4731,53.5938]]],[[[-116.2063,54.5722],[-116.1931,54.5429],[-116.2133,54.5315],[-116.2109,54.496],[-116.2347,54.5011],[-116.2537,54.4803],[-116.2874,54.4825],[-116.2867,54.4969],[-116.2564,54.509],[-116.2669,54.5128],[-116.2535,54.5248],[-116.2526,54.5488],[-116.2063,54.5722]]],[[[-115.5693,55.0459],[-115.6092,55.028],[-115.6121,55.0124],[-115.653,54.9983],[-115.6444,54.9853],[-115.6825,54.9649],[-115.7093,54.9115],[-115.6301,54.9115],[-115.6391,54.9366],[-115.6311,54.9499],[-115.6058,54.9463],[-115.5809,54.9632],[-115.5485,54.9487],[-115.5579,54.9269],[-115.5465,54.9236],[-115.5085,54.9414],[-115.4535,54.9248],[-115.4418,54.9322],[-115.4453,54.9091],[-115.5139,54.8966],[-115.5316,54.8798],[-115.5846,54.8727],[-115.609,54.8572],[-115.5565,54.8433],[-115.5244,54.8488],[-115.5125,54.8357],[-115.496,54.8501],[-115.4849,54.8274],[-115.5481,54.8023],[-115.5315,54.7937],[-115.3051,54.7911],[-115.2928,54.8199],[-115.2617,54.836],[-115.2648,54.8451],[-115.2325,54.849],[-115.2402,54.8532],[-115.2252,54.8719],[-115.2061,54.8759],[-115.2118,54.8913],[-115.1832,54.8972],[-115.1808,54.9131],[-115.1641,54.9183],[-115.1682,54.9297],[-115.1356,54.9471],[-115.1518,54.9572],[-115.1335,54.9769],[-115.1382,54.9878],[-115.0806,54.9785],[-115.0351,54.9442],[-115.0571,54.9295],[-115.1142,54.9549],[-115.1064,54.9392],[-115.1173,54.9326],[-115.1073,54.9266],[-115.1338,54.9154],[-115.1554,54.8784],[-115.1776,54.871],[-115.1979,54.829],[-115.1884,54.8259],[-115.2166,54.7998],[-115.1991,54.7728],[-115.2098,54.7515],[-115.2943,54.7206],[-115.2723,54.6953],[-115.2819,54.6864],[-115.2759,54.6706],[-115.2891,54.665],[-115.3994,54.6796],[-115.4067,54.6938],[-115.4214,54.6723],[-115.4499,54.666],[-115.4932,54.6861],[-115.5035,54.667],[-115.5422,54.6657],[-115.5403,54.6451],[-115.5821,54.6349],[-115.6787,54.6439],[-115.691,54.6292],[-115.7318,54.6333],[-115.7268,54.6451],[-115.77,54.6563],[-115.7751,54.6458],[-115.8224,54.6561],[-115.8743,54.6378],[-115.8702,54.6272],[-115.7961,54.6218],[-115.8004,54.6104],[-115.8239,54.6111],[-115.8315,54.5882],[-115.8022,54.5776],[-115.8191,54.5735],[-115.8113,54.5675],[-115.7936,54.5684],[-115.8198,54.5562],[-115.8172,54.5463],[-115.7619,54.5567],[-115.7295,54.5797],[-115.7141,54.5742],[-115.7516,54.532],[-115.735,54.5274],[-115.6759,54.5639],[-115.6643,54.5386],[-115.6728,54.5329],[-115.6444,54.537],[-115.6389,54.5179],[-115.6068,54.5241],[-115.5858,54.5142],[-115.5799,54.5257],[-115.6002,54.5507],[-115.5578,54.5477],[-115.5463,54.5371],[-115.553,54.5295],[-115.5361,54.5248],[-115.5204,54.5483],[-115.4858,54.5485],[-115.5579,54.496],[-115.5604,54.4843],[-115.5334,54.4737],[-115.4523,54.4878],[-115.4209,54.5084],[-115.3908,54.5033],[-115.4258,54.4942],[-115.4412,54.481],[-115.4407,54.4633],[-115.491,54.4689],[-115.5098,54.4512],[-115.6244,54.4192],[-115.612,54.4079],[-115.5765,54.4155],[-115.5837,54.3975],[-115.6094,54.4019],[-115.6441,54.386],[-115.6394,54.3935],[-115.6714,54.399],[-115.612,54.4525],[-115.6321,54.4575],[-115.6316,54.4809],[-115.726,54.4806],[-115.7487,54.4466],[-115.7704,54.4452],[-115.7743,54.4279],[-115.8051,54.424],[-115.8336,54.4315],[-115.8207,54.451],[-115.8518,54.4467],[-115.8716,54.4627],[-115.8854,54.454],[-115.8854,54.4677],[-115.9138,54.4484],[-115.957,54.4622],[-115.9426,54.4676],[-115.9479,54.5025],[-115.9765,54.5223],[-115.9869,54.5102],[-116.0275,54.5048],[-116.0332,54.517],[-116.0114,54.527],[-116.0172,54.5484],[-116.0019,54.5691],[-116.0503,54.5693],[-116.0456,54.5774],[-116.0598,54.5859],[-116.1059,54.5501],[-116.1411,54.5755],[-116.1534,54.5925],[-116.1176,54.6103],[-116.1066,54.6379],[-116.0769,54.6489],[-116.1075,54.6568],[-116.1006,54.6626],[-116.1476,54.6615],[-116.1709,54.6922],[-116.1379,54.7002],[-116.1393,54.7107],[-116.0922,54.711],[-116.0967,54.722],[-116.0808,54.7237],[-116.1241,54.731],[-116.1007,54.7526],[-116.1316,54.7612],[-116.1236,54.769],[-116.1343,54.775],[-116.1749,54.7734],[-116.1811,54.7961],[-116.168,54.801],[-116.152,54.7882],[-116.1134,54.7982],[-116.1412,54.808],[-116.1347,54.8271],[-116.0964,54.8154],[-116.1053,54.7876],[-116.082,54.7759],[-116.0381,54.7894],[-116.0248,54.8254],[-116.011,54.8231],[-115.9856,54.784],[-115.9853,54.8014],[-115.9667,54.7981],[-115.961,54.814],[-115.928,54.8057],[-115.9107,54.8324],[-115.9141,54.847],[-115.9332,54.8535],[-115.9177,54.8613],[-115.9206,54.8801],[-115.8921,54.8927],[-115.8937,54.9153],[-115.9088,54.9232],[-115.8496,54.9405],[-115.8262,54.969],[-115.8544,54.9952],[-115.7939,54.9896],[-115.8075,54.9723],[-115.7888,54.917],[-115.7579,54.9392],[-115.7406,54.9287],[-115.7485,54.9572],[-115.6906,54.9976],[-115.707,55.0133],[-115.6739,55.0106],[-115.675,55.0307],[-115.6531,55.0219],[-115.5896,55.0609],[-115.5693,55.0459]]],[[[-114.9437,55.2004],[-114.9743,55.204],[-114.9912,55.1849],[-115.0283,55.1972],[-115.0195,55.1793],[-115.0569,55.1586],[-115.042,55.1334],[-115.0608,55.1309],[-115.0569,55.117],[-115.0336,55.1232],[-115.0371,55.09],[-115.0002,55.0923],[-115.0216,55.1037],[-114.9937,55.14],[-115.0006,55.1119],[-114.984,55.0979],[-114.9748,55.1181],[-114.9561,55.0903],[-114.9365,55.1034],[-114.9451,55.1255],[-114.9167,55.1166],[-114.9205,55.0916],[-114.9082,55.0879],[-114.925,55.0801],[-114.9133,55.0689],[-114.9912,55.0623],[-114.9674,55.049],[-114.9739,55.0377],[-114.9642,55.0268],[-115.011,55.0091],[-115.0135,54.9942],[-115.0754,54.9906],[-115.1045,54.9948],[-115.1006,55.0056],[-115.1527,55.0275],[-115.1488,55.0483],[-115.1223,55.0343],[-115.1256,55.0657],[-115.1132,55.0628],[-115.1068,55.0752],[-115.1192,55.0844],[-115.0988,55.09],[-115.0872,55.0789],[-115.0892,55.1066],[-115.0687,55.1278],[-115.1133,55.1729],[-115.0803,55.1647],[-115.0269,55.2106],[-115.0031,55.201],[-114.9356,55.2196],[-114.9437,55.2004]]]]}},{"type":"Feature","properties":{"key":"western_boreal","name":"Western Boreal","where":"central AB","sort":122,"ecozone":"Boreal Plains","ab_subregion":"Central Mixedwood"},"geometry":{"type":"MultiPolygon","coordinates":[[[[-117.7269,54.6772],[-117.7275,54.6772],[-117.7274,54.6787],[-117.7269,54.6772]]],[[[-120.0,55.3378],[-119.9171,55.3977],[-119.9193,55.4159],[-119.9672,55.4692],[-119.9486,55.4671],[-119.9485,55.4802],[-119.8935,55.4914],[-119.8514,55.5195],[-119.7429,55.5265],[-119.6866,55.4979],[-119.5971,55.497],[-119.5875,55.5119],[-119.5142,55.5128],[-119.489,55.53],[-119.4356,55.5161],[-119.3482,55.5503],[-119.3167,55.5453],[-119.256,55.5025],[-119.2545,55.4746],[-119.2735,55.4564],[-119.3769,55.5127],[-119.4097,55.4939],[-119.4989,55.4876],[-119.5267,55.4352],[-119.5468,55.4577],[-119.6307,55.4566],[-119.7273,55.4818],[-119.8166,55.4686],[-119.8444,55.4381],[-119.7797,55.4072],[-119.8156,55.3758],[-119.8542,55.3663],[-119.8652,55.3402],[-119.8341,55.3179],[-119.7134,55.3173],[-119.7895,55.2578],[-119.8316,55.203],[-119.7778,55.2017],[-119.6836,55.2325],[-119.655,55.2151],[-119.5989,55.2062],[-119.5836,55.1676],[-119.6065,55.1711],[-119.6119,55.1509],[-119.8294,55.0987],[-119.8404,55.0496],[-119.7379,55.0421],[-119.7267,55.0357],[-119.7569,55.0099],[-119.7487,55.0019],[-119.6614,55.004],[-119.6576,54.9806],[-119.6782,54.9616],[-119.6266,54.9373],[-119.5828,54.9671],[-119.5423,54.9567],[-119.5003,54.9751],[-119.4608,54.9677],[-119.4635,54.9558],[-119.4493,54.9868],[-119.3738,54.9758],[-119.3344,54.9917],[-119.1841,54.9795],[-119.1215,54.9942],[-118.9194,54.9305],[-118.9008,54.9377],[-118.9087,54.9525],[-118.8441,54.9376],[-118.8613,54.9556],[-118.8526,54.9622],[-118.7846,54.9246],[-118.8102,54.908],[-118.7824,54.8757],[-118.7098,54.8807],[-118.7043,54.8712],[-118.6774,54.8948],[-118.6551,54.8807],[-118.6641,54.8604],[-118.6499,54.8425],[-118.6248,54.842],[-118.6012,54.8112],[-118.552,54.8216],[-118.5751,54.8489],[-118.5557,54.8559],[-118.5491,54.8921],[-118.5235,54.8774],[-118.5444,54.9078],[-118.4618,54.9399],[-118.4248,54.9349],[-118.384,54.9021],[-118.3155,54.9069],[-118.2475,54.8876],[-118.1609,54.8984],[-118.1077,54.8891],[-118.1022,54.833],[-118.0666,54.8384],[-117.9964,54.8795],[-117.9619,54.9035],[-117.9337,54.9444],[-117.9164,54.9426],[-117.9066,54.9113],[-117.8759,54.9057],[-117.8572,54.8567],[-117.8282,54.8785],[-117.7807,54.8848],[-117.7207,54.9152],[-117.717,54.9247],[-117.7535,54.9342],[-117.7658,54.956],[-117.7892,54.9305],[-117.7914,54.947],[-117.8399,54.9408],[-117.8895,54.9744],[-117.8949,54.997],[-117.8803,55.0013],[-117.8754,55.0219],[-117.8292,55.0111],[-117.8217,55.0235],[-117.7603,55.0414],[-117.7885,55.0543],[-117.7904,55.0978],[-117.7552,55.1044],[-117.7449,55.1227],[-117.7752,55.1317],[-117.7502,55.1528],[-117.7517,55.1732],[-117.8146,55.2017],[-117.8279,55.2484],[-117.8985,55.2815],[-117.9416,55.333],[-117.9029,55.3363],[-117.875,55.3551],[-117.8177,55.3302],[-117.7608,55.343],[-117.7274,55.3869],[-117.7344,55.4161],[-117.7597,55.4327],[-117.7529,55.4482],[-117.6977,55.4437],[-117.6864,55.4302],[-117.6653,55.4495],[-117.6321,55.4448],[-117.6193,55.4183],[-117.5859,55.4177],[-117.5556,55.4378],[-117.5291,55.4009],[-117.4947,55.4188],[-117.4907,55.4057],[-117.4672,55.4009],[-117.4747,55.3836],[-117.4549,55.3591],[-117.4843,55.3234],[-117.3472,55.3217],[-117.3297,55.2724],[-117.3382,55.252],[-117.2912,55.2311],[-117.2871,55.1985],[-117.3316,55.1675],[-117.4015,55.1457],[-117.4188,55.1247],[-117.466,55.1269],[-117.4926,55.1462],[-117.5601,55.1577],[-117.5889,55.1422],[-117.5797,55.1251],[-117.6503,55.1291],[-117.7022,55.0743],[-117.6564,55.0768],[-117.6445,55.0895],[-117.5943,55.0776],[-117.6065,55.0924],[-117.5768,55.0934],[-117.5631,55.0621],[-117.5363,55.0634],[-117.5407,55.0323],[-117.5287,55.0248],[-117.4785,55.0257],[-117.4921,55.064],[-117.4673,55.0429],[-117.4716,55.0143],[-117.2863,55.002],[-117.3539,54.9663],[-117.3239,54.9193],[-117.3588,54.8744],[-117.3285,54.8531],[-117.3322,54.8133],[-117.3028,54.8125],[-117.3143,54.7903],[-117.2633,54.808],[-117.2376,54.7426],[-117.1979,54.7349],[-117.1631,54.7056],[-117.1176,54.7459],[-117.1534,54.7575],[-117.1506,54.8203],[-117.1251,54.848],[-117.1301,54.8685],[-117.1486,54.8802],[-117.1401,54.8914],[-117.108,54.8933],[-117.1132,54.9232],[-117.1017,54.9417],[-117.0691,54.9357],[-117.0526,54.9511],[-117.0966,54.9764],[-117.0511,54.9998],[-116.9325,54.9703],[-116.9293,54.9874],[-116.8913,55.0028],[-116.8972,55.0491],[-116.9428,55.0981],[-116.9758,55.1081],[-116.9042,55.2083],[-116.7017,55.3003],[-116.6415,55.2654],[-116.5783,55.2561],[-116.5535,55.2382],[-116.5379,55.1882],[-116.5146,55.176],[-116.3855,55.1597],[-116.3634,55.1757],[-116.3722,55.1937],[-116.4663,55.2724],[-116.4242,55.2972],[-116.391,55.294],[-116.3658,55.2858],[-116.3573,55.2697],[-116.3654,55.2554],[-116.2736,55.2182],[-116.2684,55.1994],[-116.2424,55.1809],[-116.2616,55.1654],[-116.2352,55.1693],[-116.2281,55.1604],[-116.277,55.1609],[-116.4012,55.1273],[-116.4289,55.1142],[-116.4523,55.0593],[-116.491,55.0502],[-116.565,55.0791],[-116.6468,55.0589],[-116.6587,55.0622],[-116.6515,55.082],[-116.6546,55.0854],[-116.6964,55.0853],[-116.7045,55.0667],[-116.7264,55.0662],[-116.7967,55.1033],[-116.8416,55.1008],[-116.8633,55.0895],[-116.8581,55.0667],[-116.7251,54.9675],[-116.7374,54.9447],[-116.768,54.937],[-116.816,54.8973],[-116.7818,54.8602],[-116.7323,54.84],[-116.7311,54.8629],[-116.7174,54.8552],[-116.7037,54.868],[-116.7123,54.898],[-116.6661,54.906],[-116.6696,54.8819],[-116.626,54.8963],[-116.6382,54.8789],[-116.6182,54.8587],[-116.6327,54.8547],[-116.5864,54.8263],[-116.6134,54.8161],[-116.6084,54.7959],[-116.6206,54.7745],[-116.6045,54.7668],[-116.5885,54.7742],[-116.5873,54.7926],[-116.5402,54.812],[-116.5359,54.7976],[-116.5134,54.7994],[-116.479,54.7738],[-116.444,54.7647],[-116.3948,54.7721],[-116.3587,54.7493],[-116.3724,54.7436],[-116.359,54.7373],[-116.2826,54.7683],[-116.243,54.7631],[-116.297,54.7332],[-116.3024,54.7058],[-116.3854,54.6956],[-116.4121,54.6799],[-116.5691,54.6964],[-116.5947,54.6866],[-116.5434,54.6456],[-116.4664,54.6386],[-116.4602,54.6269],[-116.4823,54.6122],[-116.4231,54.601],[-116.439,54.5926],[-116.4349,54.5711],[-116.4777,54.5687],[-116.4482,54.5534],[-116.4416,54.533],[-116.406,54.5201],[-116.4582,54.5121],[-116.5064,54.5299],[-116.503,54.502],[-116.5157,54.4774],[-116.5566,54.471],[-116.5582,54.4533],[-116.6094,54.4006],[-116.708,54.397],[-116.7217,54.4106],[-116.7374,54.4073],[-116.7301,54.4008],[-116.7755,54.4134],[-116.7986,54.4016],[-116.7871,54.3731],[-116.8068,54.3679],[-116.8468,54.3815],[-116.8286,54.3878],[-116.8483,54.3963],[-116.9011,54.3971],[-116.9131,54.4174],[-116.9482,54.4139],[-116.9848,54.3892],[-117.0015,54.3992],[-116.9992,54.4286],[-117.1258,54.4208],[-117.1552,54.4555],[-117.1517,54.6169],[-117.1813,54.6621],[-117.2106,54.6527],[-117.2565,54.5936],[-117.3162,54.5854],[-117.3227,54.5956],[-117.3003,54.6276],[-117.4326,54.6378],[-117.4308,54.6856],[-117.3884,54.7189],[-117.4134,54.7321],[-117.4823,54.7236],[-117.5458,54.691],[-117.5646,54.6974],[-117.5699,54.6801],[-117.6061,54.6907],[-117.5807,54.6586],[-117.6053,54.6508],[-117.7073,54.6971],[-117.7422,54.6803],[-117.7126,54.6591],[-117.7354,54.6416],[-117.8403,54.6583],[-117.8572,54.6975],[-117.8735,54.7015],[-117.8642,54.7077],[-117.8759,54.728],[-117.8911,54.701],[-117.9259,54.694],[-117.9191,54.6877],[-117.942,54.6739],[-117.9579,54.6896],[-117.9747,54.6867],[-117.9768,54.7005],[-118.011,54.6895],[-118.0264,54.6977],[-118.0238,54.7104],[-118.044,54.7126],[-118.0767,54.7053],[-118.0991,54.6693],[-118.1394,54.6596],[-118.1291,54.6499],[-118.1028,54.6623],[-118.1287,54.6427],[-118.1758,54.6312],[-118.2541,54.6479],[-118.2315,54.6973],[-118.2146,54.7044],[-118.2315,54.7392],[-118.3308,54.7476],[-118.254,54.7174],[-118.2911,54.6737],[-118.3353,54.6852],[-118.3387,54.6648],[-118.3266,54.658],[-118.3459,54.6459],[-118.4162,54.6889],[-118.4341,54.6717],[-118.4584,54.6893],[-118.5091,54.6691],[-118.4705,54.6313],[-118.4243,54.6085],[-118.4804,54.5989],[-118.4937,54.6049],[-118.4817,54.6071],[-118.4833,54.6218],[-118.5308,54.6561],[-118.5601,54.6593],[-118.5638,54.6418],[-118.6171,54.645],[-118.638,54.6323],[-118.6663,54.643],[-118.607,54.7094],[-118.548,54.7228],[-118.5641,54.745],[-118.6193,54.7302],[-118.7144,54.7854],[-118.7203,54.756],[-118.6997,54.7339],[-118.7382,54.7463],[-118.7456,54.7333],[-118.777,54.7727],[-118.7936,54.7715],[-118.8216,54.7967],[-118.8166,54.748],[-118.8376,54.7344],[-118.8815,54.781],[-118.8883,54.817],[-118.9273,54.8292],[-118.9542,54.8193],[-118.9479,54.7678],[-118.9874,54.7572],[-119.0139,54.7712],[-119.004,54.7897],[-119.1288,54.8315],[-119.1073,54.8516],[-119.1132,54.8728],[-119.1521,54.8647],[-119.1676,54.8847],[-119.1867,54.8738],[-119.1984,54.8902],[-119.24,54.893],[-119.233,54.9036],[-119.2982,54.8985],[-119.2883,54.9063],[-119.3244,54.9022],[-119.3689,54.878],[-119.355,54.8575],[-119.3187,54.8447],[-119.2931,54.8747],[-119.2773,54.8457],[-119.2539,54.8715],[-119.2482,54.8364],[-119.1854,54.8234],[-119.1649,54.8309],[-119.1815,54.8175],[-119.1449,54.7975],[-119.2673,54.8065],[-119.2382,54.7836],[-119.282,54.7903],[-119.2651,54.7565],[-119.2472,54.7475],[-119.2739,54.747],[-119.3244,54.7751],[-119.3139,54.7808],[-119.3307,54.793],[-119.3283,54.8091],[-119.3501,54.793],[-119.3695,54.81],[-119.4099,54.8096],[-119.4386,54.8311],[-119.465,54.8206],[-119.4656,54.84],[-119.5119,54.8389],[-119.569,54.8565],[-119.5875,54.8746],[-119.6177,54.8589],[-119.5808,54.827],[-119.6115,54.827],[-119.6089,54.796],[-119.5492,54.7754],[-119.5477,54.7558],[-119.5666,54.7461],[-119.5602,54.7361],[-119.5957,54.7378],[-119.6091,54.7272],[-119.608,54.7423],[-119.5655,54.7642],[-119.6092,54.7828],[-119.6097,54.7709],[-119.6293,54.767],[-119.6235,54.7844],[-119.6428,54.7801],[-119.6201,54.7921],[-119.6298,54.8152],[-119.6567,54.7925],[-119.6997,54.7935],[-119.6835,54.8038],[-119.7137,54.8099],[-119.6778,54.818],[-119.6668,54.8021],[-119.6617,54.8189],[-119.6717,54.8241],[-119.649,54.8281],[-119.6556,54.845],[-119.6854,54.8382],[-119.6866,54.8503],[-119.7128,54.8466],[-119.7103,54.8569],[-119.7669,54.8473],[-119.7885,54.8255],[-119.842,54.8309],[-119.7956,54.8449],[-119.783,54.8651],[-119.8767,54.8905],[-119.8399,54.924],[-119.9087,54.9287],[-119.8788,54.9427],[-119.8822,54.9524],[-119.8642,54.9656],[-119.9325,54.9738],[-119.9373,54.9895],[-120.0,55.0366],[-120.0,55.3378]]]]}},{"type":"Feature","properties":{"key":"western_boreal","name":"Western Boreal","where":"central AB","sort":122,"ecozone":"Boreal Plains","ab_subregion":"Dry Mixedwood"},"geometry":{"type":"MultiPolygon","coordinates":[[[[-118.5772,54.8486],[-118.552,54.8216],[-118.6012,54.8112],[-118.6248,54.842],[-118.6499,54.8425],[-118.6643,54.8624],[-118.6551,54.8807],[-118.5772,54.8486]]],[[[-118.545,54.9057],[-118.5257,54.8886],[-118.5235,54.8774],[-118.5491,54.8921],[-118.545,54.9057]]],[[[-118.9196,55.0007],[-118.7914,54.9643],[-118.6774,54.8948],[-118.7043,54.8712],[-118.7098,54.8807],[-118.7758,54.8737],[-118.8102,54.908],[-118.7846,54.9246],[-118.8483,54.9609],[-118.8613,54.9556],[-118.8441,54.9376],[-118.9087,54.9525],[-118.9038,54.9342],[-118.9281,54.9315],[-119.1215,54.9942],[-118.9196,55.0007]]],[[[-119.1712,54.9904],[-119.1841,54.9795],[-119.3059,54.9904],[-119.2367,54.9883],[-119.1712,54.9904]]],[[[-119.4992,54.9957],[-119.3344,54.9917],[-119.3738,54.9758],[-119.4493,54.9868],[-119.4635,54.9558],[-119.4608,54.9677],[-119.5003,54.9751],[-119.5423,54.9567],[-119.5828,54.9671],[-119.6266,54.9373],[-119.6782,54.9616],[-119.6576,54.9806],[-119.6585,55.0013],[-119.6885,55.0032],[-119.5946,55.0139],[-119.4992,54.9957]]],[[[-119.7059,55.0011],[-119.7214,54.9963],[-119.7296,54.9995],[-119.7059,55.0011]]],[[[-119.7518,55.015],[-119.7267,55.0357],[-119.7237,55.0339],[-119.7293,55.0247],[-119.7518,55.015]]],[[[-119.5234,55.2193],[-119.5165,55.1957],[-119.5537,55.1595],[-119.8381,55.072],[-119.8294,55.0987],[-119.781,55.1171],[-119.6119,55.1509],[-119.6065,55.1711],[-119.5847,55.1657],[-119.5989,55.2062],[-119.655,55.2151],[-119.6836,55.2325],[-119.6111,55.2494],[-119.5234,55.2193]]],[[[-119.77,55.2085],[-119.7928,55.1994],[-119.8316,55.203],[-119.7973,55.2388],[-119.77,55.2085]]],[[[-119.7482,55.289],[-119.7407,55.2958],[-119.7351,55.2976],[-119.7482,55.289]]],[[[-119.7134,55.3173],[-119.758,55.3151],[-119.8006,55.3203],[-119.7166,55.334],[-119.7071,55.3287],[-119.7134,55.3173]]],[[[-119.8636,55.3385],[-119.8542,55.3663],[-119.8156,55.3758],[-119.8554,55.3326],[-119.8636,55.3385]]],[[[-119.2735,55.4564],[-119.2545,55.4746],[-119.2617,55.4975],[-119.2314,55.4911],[-119.2402,55.4611],[-119.2735,55.4564]]],[[[-119.3686,55.5091],[-119.4936,55.4669],[-119.4598,55.417],[-119.4928,55.4073],[-119.5267,55.4352],[-119.5077,55.482],[-119.3686,55.5091]]],[[[-117.162,54.9378],[-117.1261,54.9474],[-117.0966,54.9764],[-117.0521,54.9543],[-117.0691,54.9357],[-117.1017,54.9417],[-117.1132,54.9232],[-117.108,54.8933],[-117.1401,54.8914],[-117.1486,54.8802],[-117.1301,54.8685],[-117.1251,54.848],[-117.1506,54.8203],[-117.1534,54.7575],[-117.1176,54.7459],[-117.1631,54.7056],[-117.1979,54.7349],[-117.2376,54.7426],[-117.2633,54.808],[-117.3143,54.7903],[-117.3028,54.8125],[-117.3322,54.8133],[-117.3285,54.8531],[-117.3599,54.8787],[-117.3239,54.9193],[-117.3539,54.9663],[-117.2863,55.002],[-117.162,54.9378]]],[[[-116.965,55.0572],[-116.9758,55.1081],[-116.9428,55.0981],[-116.8972,55.0491],[-116.8913,55.0028],[-116.9293,54.9874],[-116.9325,54.9703],[-117.0511,54.9998],[-116.9744,55.0281],[-116.965,55.0572]]],[[[-116.2424,55.1687],[-116.2537,55.1628],[-116.2618,55.1659],[-116.2512,55.1815],[-116.2424,55.1687]]],[[[-116.2534,55.1932],[-116.2684,55.1994],[-116.2736,55.2182],[-116.2575,55.2113],[-116.2534,55.1932]]],[[[-116.3024,55.2263],[-116.306,55.2286],[-116.3085,55.2315],[-116.3024,55.2263]]],[[[-117.9561,54.9881],[-117.931,55.0173],[-117.8239,55.0412],[-117.7888,55.0637],[-117.7603,55.0414],[-117.8217,55.0235],[-117.8292,55.0111],[-117.8754,55.0219],[-117.8803,55.0013],[-117.8949,54.997],[-117.8895,54.9744],[-117.8399,54.9408],[-117.7914,54.947],[-117.7892,54.9305],[-117.7658,54.956],[-117.7535,54.9342],[-117.7161,54.9207],[-117.8599,54.8573],[-117.875,54.9047],[-117.9066,54.9113],[-117.9164,54.9426],[-117.9368,54.9436],[-117.947,54.9276],[-117.9594,54.9204],[-117.9486,54.9313],[-117.9561,54.9881]]],[[[-116.3293,55.2849],[-116.3258,55.2399],[-116.3633,55.2544],[-116.3658,55.2858],[-116.4242,55.2972],[-116.351,55.2972],[-116.3293,55.2849]]],[[[-117.3023,55.1831],[-117.4967,55.0599],[-117.4785,55.0257],[-117.4975,55.0192],[-117.5098,55.0326],[-117.5404,55.0314],[-117.5363,55.0634],[-117.5631,55.0621],[-117.5768,55.0934],[-117.6065,55.0924],[-117.5943,55.0776],[-117.6445,55.0895],[-117.6564,55.0768],[-117.7022,55.0743],[-117.6503,55.1291],[-117.5797,55.1251],[-117.5889,55.1422],[-117.5601,55.1577],[-117.4926,55.1462],[-117.466,55.1269],[-117.4188,55.1247],[-117.4015,55.1457],[-117.3023,55.1831]]],[[[-116.8393,55.2447],[-116.8563,55.2267],[-116.8776,55.2265],[-116.8393,55.2447]]],[[[-117.7752,55.1317],[-117.7449,55.1227],[-117.7552,55.1044],[-117.7904,55.0978],[-117.7941,55.1177],[-117.7752,55.1317]]],[[[-117.7694,55.4807],[-117.4506,55.4394],[-117.4133,55.4108],[-117.4074,55.3781],[-117.3079,55.3172],[-117.3016,55.2576],[-117.2667,55.2259],[-117.2871,55.1985],[-117.2912,55.2311],[-117.3382,55.252],[-117.3297,55.2724],[-117.3478,55.322],[-117.4855,55.3243],[-117.4549,55.3591],[-117.4747,55.3836],[-117.4672,55.4009],[-117.4907,55.4057],[-117.4947,55.4188],[-117.5288,55.4008],[-117.5518,55.4368],[-117.5859,55.4177],[-117.625,55.419],[-117.6302,55.4442],[-117.6621,55.4502],[-117.6864,55.4302],[-117.6977,55.4437],[-117.7512,55.4486],[-117.7597,55.4327],[-117.7946,55.4511],[-117.8039,55.4729],[-117.7694,55.4807]]],[[[-117.7993,55.348],[-117.731,55.3762],[-117.7496,55.3621],[-117.7447,55.3546],[-117.785,55.3334],[-117.8197,55.3307],[-117.8662,55.3542],[-117.7993,55.348]]],[[[-117.8761,55.3544],[-117.9029,55.3363],[-117.9401,55.3346],[-117.9235,55.3513],[-117.8761,55.3544]]]]}},{"type":"Feature","properties":{"key":"western_boreal","name":"Western Boreal","where":"central AB","sort":122,"ecozone":"Boreal Plains","ab_subregion":"Lower Foothills"},"geometry":{"type":"MultiPolygon","coordinates":[[[[-119.5628,54.7355],[-119.5957,54.7287],[-119.5801,54.7397],[-119.5628,54.7355]]],[[[-119.2682,54.753],[-119.2551,54.7441],[-119.2739,54.747],[-119.2682,54.753]]],[[[-119.281,54.7493],[-119.2835,54.7501],[-119.2827,54.7502],[-119.281,54.7493]]],[[[-119.2961,54.7554],[-119.2923,54.7554],[-119.29,54.7527],[-119.2961,54.7554]]],[[[-119.5477,54.7558],[-119.5486,54.7688],[-119.5465,54.7469],[-119.5664,54.7441],[-119.5477,54.7558]]],[[[-118.961,54.7616],[-118.9797,54.7576],[-118.978,54.7591],[-118.961,54.7616]]],[[[-118.9475,54.7683],[-118.9481,54.767],[-118.9522,54.7652],[-118.9475,54.7683]]],[[[-119.2725,54.7661],[-119.2802,54.7917],[-119.2406,54.7791],[-119.2382,54.7549],[-119.2725,54.7661]]],[[[-119.6778,54.818],[-119.7137,54.8099],[-119.6835,54.8038],[-119.6997,54.7935],[-119.6567,54.7925],[-119.6298,54.8152],[-119.6201,54.7921],[-119.6428,54.7801],[-119.6235,54.7844],[-119.6293,54.767],[-119.6097,54.7709],[-119.6092,54.7828],[-119.5655,54.7642],[-119.5989,54.7494],[-119.6144,54.7266],[-119.7361,54.7548],[-119.8289,54.8278],[-119.7885,54.8255],[-119.7669,54.8473],[-119.7103,54.8569],[-119.7128,54.8466],[-119.6866,54.8503],[-119.686,54.8384],[-119.6495,54.8392],[-119.649,54.8281],[-119.6717,54.8241],[-119.6617,54.8189],[-119.6668,54.8021],[-119.6778,54.818]]],[[[-119.147,54.7958],[-119.15,54.7933],[-119.1494,54.7954],[-119.147,54.7958]]],[[[-119.2382,54.7836],[-119.2694,54.8048],[-119.2001,54.8085],[-119.1513,54.7922],[-119.2382,54.7836]]],[[[-119.4386,54.8311],[-119.4099,54.8096],[-119.3695,54.81],[-119.3501,54.793],[-119.3283,54.8091],[-119.3307,54.793],[-119.3139,54.7808],[-119.3244,54.7751],[-119.2984,54.76],[-119.4453,54.8042],[-119.541,54.8164],[-119.5611,54.8091],[-119.5492,54.7754],[-119.5867,54.782],[-119.6089,54.796],[-119.6115,54.827],[-119.5808,54.827],[-119.6177,54.8589],[-119.5854,54.8745],[-119.569,54.8565],[-119.5119,54.8389],[-119.4656,54.84],[-119.465,54.8206],[-119.4386,54.8311]]],[[[-119.233,54.9036],[-119.24,54.893],[-119.1984,54.8902],[-119.1867,54.8738],[-119.1676,54.8847],[-119.1521,54.8647],[-119.1166,54.8743],[-119.1073,54.8516],[-119.1288,54.8315],[-119.004,54.7897],[-119.0121,54.769],[-119.1059,54.807],[-119.1449,54.7975],[-119.1815,54.8175],[-119.1649,54.8309],[-119.1854,54.8234],[-119.2482,54.8364],[-119.2539,54.8715],[-119.2773,54.8457],[-119.2931,54.8747],[-119.3187,54.8447],[-119.355,54.8575],[-119.3687,54.8818],[-119.2883,54.9063],[-119.2982,54.8985],[-119.233,54.9036]]],[[[-119.842,54.8309],[-120.0,54.8663],[-120.0,55.0366],[-119.9373,54.9895],[-119.9325,54.9738],[-119.8642,54.9656],[-119.908,54.9272],[-119.8399,54.924],[-119.8777,54.8922],[-119.8404,54.8753],[-119.7953,54.8758],[-119.783,54.8651],[-119.7956,54.8449],[-119.842,54.8309]]],[[[-119.2552,55.4987],[-119.2606,55.5118],[-119.2211,55.4944],[-119.2552,55.4987]]],[[[-119.9743,55.5099],[-119.9177,55.532],[-119.8234,55.5443],[-119.7549,55.5363],[-119.671,55.511],[-119.5875,55.5119],[-119.5971,55.497],[-119.6628,55.4952],[-119.7372,55.526],[-119.8455,55.5208],[-119.8935,55.4914],[-119.9485,55.4802],[-119.9486,55.4671],[-119.9672,55.4692],[-119.9743,55.5099]]],[[[-119.4402,55.5159],[-119.453,55.521],[-119.441,55.5192],[-119.4264,55.5206],[-119.4402,55.5159]]],[[[-119.5142,55.5128],[-119.5746,55.5132],[-119.5017,55.5316],[-119.4929,55.5282],[-119.5142,55.5128]]],[[[-118.4497,54.6009],[-118.4625,54.6001],[-118.4523,54.6068],[-118.4497,54.6009]]],[[[-118.513,54.6352],[-118.5645,54.6451],[-118.5601,54.6593],[-118.5261,54.6548],[-118.4802,54.6104],[-118.496,54.6059],[-118.513,54.6352]]],[[[-118.6076,54.6458],[-118.5828,54.6388],[-118.6295,54.6331],[-118.6076,54.6458]]],[[[-117.8075,54.6531],[-117.8258,54.6529],[-117.8124,54.6538],[-117.8075,54.6531]]],[[[-118.1291,54.6499],[-118.1401,54.6567],[-118.0991,54.6693],[-118.1291,54.6499]]],[[[-117.7422,54.6803],[-117.7359,54.6886],[-117.7313,54.6886],[-117.7237,54.6678],[-117.7422,54.6803]]],[[[-118.3308,54.7476],[-118.2478,54.7485],[-118.2184,54.7245],[-118.2146,54.7044],[-118.2315,54.6973],[-118.2541,54.6479],[-118.2839,54.6511],[-118.337,54.6321],[-118.3914,54.6609],[-118.4107,54.6585],[-118.4243,54.6085],[-118.4705,54.6313],[-118.5091,54.6691],[-118.4584,54.6893],[-118.4341,54.6717],[-118.4162,54.6889],[-118.3459,54.6459],[-118.3266,54.658],[-118.3387,54.6648],[-118.3353,54.6852],[-118.2911,54.6737],[-118.254,54.7174],[-118.3308,54.7476]]],[[[-117.5646,54.6974],[-117.5458,54.691],[-117.5847,54.6635],[-117.6061,54.6907],[-117.5699,54.6801],[-117.5646,54.6974]]],[[[-117.9768,54.7005],[-117.9747,54.6867],[-117.9308,54.6785],[-117.9743,54.6682],[-118.007,54.6896],[-117.9768,54.7005]]],[[[-117.919,54.6946],[-117.9139,54.6918],[-117.9191,54.6877],[-117.919,54.6946]]],[[[-117.5227,54.7042],[-117.5366,54.7008],[-117.5357,54.704],[-117.5227,54.7042]]],[[[-118.0232,54.6933],[-118.0887,54.6928],[-118.044,54.7126],[-118.0199,54.7003],[-118.0232,54.6933]]],[[[-117.8795,54.7261],[-117.8759,54.728],[-117.8642,54.7077],[-117.8911,54.701],[-117.8795,54.7261]]],[[[-118.5641,54.745],[-118.548,54.7228],[-118.607,54.7094],[-118.6241,54.6896],[-118.6094,54.7196],[-118.6193,54.7302],[-118.5641,54.745]]],[[[-118.6266,54.738],[-118.625,54.7376],[-118.6233,54.7345],[-118.6266,54.738]]],[[[-118.7203,54.756],[-118.7193,54.7847],[-118.6729,54.7691],[-118.6383,54.7408],[-118.6632,54.745],[-118.699,54.7315],[-118.7171,54.7102],[-118.7495,54.7106],[-118.7418,54.7456],[-118.6997,54.7339],[-118.7203,54.756]]],[[[-118.773,54.7678],[-118.8019,54.7604],[-118.8275,54.7352],[-118.8166,54.748],[-118.8273,54.7953],[-118.773,54.7678]]],[[[-118.8883,54.817],[-118.9156,54.8119],[-118.9527,54.7712],[-118.9527,54.8211],[-118.8984,54.8275],[-118.8883,54.817]]],[[[-116.8272,54.3724],[-116.8229,54.3727],[-116.8226,54.3703],[-116.8272,54.3724]]],[[[-116.8504,54.3968],[-116.8286,54.3862],[-116.8907,54.3945],[-116.8504,54.3968]]],[[[-116.7174,54.4095],[-116.708,54.397],[-116.7301,54.4008],[-116.7338,54.4088],[-116.7174,54.4095]]],[[[-116.5582,54.4533],[-116.5566,54.471],[-116.5157,54.4774],[-116.503,54.502],[-116.5089,54.528],[-116.4559,54.512],[-116.4875,54.471],[-116.5688,54.4138],[-116.6094,54.4006],[-116.5582,54.4533]]],[[[-116.4383,54.5197],[-116.4342,54.5176],[-116.4508,54.5155],[-116.4383,54.5197]]],[[[-116.4216,54.5226],[-116.408,54.5195],[-116.4204,54.5154],[-116.4216,54.5226]]],[[[-116.4602,54.6269],[-116.4664,54.6386],[-116.5434,54.6456],[-116.5947,54.6866],[-116.5691,54.6964],[-116.4373,54.6796],[-116.5397,54.681],[-116.551,54.659],[-116.4477,54.6364],[-116.4148,54.6207],[-116.3956,54.596],[-116.4058,54.5763],[-116.3926,54.5244],[-116.4416,54.533],[-116.4482,54.5534],[-116.4777,54.5687],[-116.4349,54.5711],[-116.439,54.5926],[-116.4222,54.5992],[-116.485,54.6139],[-116.4602,54.6269]]],[[[-116.3854,54.6956],[-116.3024,54.7058],[-116.3376,54.6864],[-116.4121,54.6799],[-116.3854,54.6956]]],[[[-117.5189,54.7056],[-117.5131,54.7101],[-117.5052,54.7108],[-117.5189,54.7056]]],[[[-117.4794,54.7182],[-117.4869,54.7166],[-117.4855,54.7217],[-117.4794,54.7182]]],[[[-116.3948,54.7721],[-116.444,54.7647],[-116.479,54.7738],[-116.5134,54.7994],[-116.5359,54.7976],[-116.5402,54.812],[-116.5873,54.7926],[-116.5885,54.7742],[-116.6045,54.7668],[-116.6206,54.7745],[-116.6084,54.7959],[-116.6134,54.8161],[-116.5864,54.8263],[-116.6327,54.8547],[-116.6182,54.8587],[-116.6382,54.8789],[-116.6239,54.8949],[-116.6744,54.8889],[-116.6661,54.906],[-116.6102,54.919],[-116.578,54.9096],[-116.4991,54.8484],[-116.3639,54.7872],[-116.2308,54.7773],[-116.2108,54.7618],[-116.2997,54.7114],[-116.297,54.7332],[-116.243,54.7631],[-116.2826,54.7683],[-116.359,54.7373],[-116.3724,54.7436],[-116.3587,54.7493],[-116.3948,54.7721]]],[[[-116.7123,54.898],[-116.7035,54.8698],[-116.7174,54.8552],[-116.7311,54.8629],[-116.7323,54.84],[-116.7818,54.8602],[-116.816,54.8973],[-116.7276,54.9578],[-116.7492,54.9872],[-116.7136,54.9654],[-116.7141,54.9514],[-116.7535,54.9226],[-116.7123,54.898]]],[[[-116.7977,55.0146],[-116.7988,55.0175],[-116.7952,55.015],[-116.7977,55.0146]]],[[[-116.8054,55.0215],[-116.8057,55.0223],[-116.8034,55.0207],[-116.8054,55.0215]]],[[[-116.4736,55.0567],[-116.4638,55.0545],[-116.491,55.0502],[-116.4736,55.0567]]],[[[-116.6295,55.0642],[-116.6194,55.0627],[-116.6439,55.0591],[-116.6295,55.0642]]],[[[-116.6546,55.0854],[-116.6545,55.0673],[-116.7045,55.0667],[-116.6913,55.0859],[-116.6546,55.0854]]]]}},{"type":"Feature","properties":{"key":"western_continental_ranges","name":"Western Continental Ranges","where":"central AB","sort":523,"ecozone":"Montane Cordillera","ab_subregion":""},"geometry":{"type":"MultiPolygon","coordinates":[[[[-118.7031,53.0461],[-118.7021,53.0375],[-118.72,53.0525],[-118.7031,53.0461]]],[[[-118.7758,53.0776],[-118.7511,53.104],[-118.7787,53.1329],[-118.73,53.1138],[-118.7705,53.0744],[-118.7766,53.0532],[-118.7758,53.0776]]],[[[-119.0856,53.1588],[-119.0485,53.1396],[-119.1075,53.1593],[-119.0856,53.1588]]],[[[-118.7927,53.1601],[-118.783,53.1359],[-118.8585,53.1875],[-118.7927,53.1601]]],[[[-119.1628,53.1834],[-119.1391,53.1728],[-119.1233,53.1612],[-119.1628,53.1834]]],[[[-118.8747,53.2025],[-118.8628,53.1897],[-118.92,53.2094],[-118.9716,53.236],[-118.9296,53.2281],[-118.9234,53.2139],[-118.8747,53.2025]]],[[[-119.0079,53.228],[-119.0095,53.2158],[-119.0098,53.2233],[-119.0079,53.228]]],[[[-119.3432,53.2843],[-119.2987,53.2533],[-119.2565,53.1966],[-119.3541,53.2834],[-119.3788,53.3505],[-119.3518,53.33],[-119.3602,53.3109],[-119.3338,53.2939],[-119.3432,53.2843]]],[[[-119.6416,53.3538],[-119.6661,53.3637],[-119.6245,53.361],[-119.6416,53.3538]]],[[[-119.5141,53.3623],[-119.5252,53.3642],[-119.4724,53.3573],[-119.5141,53.3623]]],[[[-119.6943,53.3856],[-119.6763,53.3676],[-119.7159,53.3842],[-119.6943,53.3856]]],[[[-119.5918,53.3787],[-119.6007,53.3783],[-119.6003,53.3794],[-119.5918,53.3787]]],[[[-119.7314,53.4027],[-119.7296,53.3922],[-119.7662,53.4291],[-119.7314,53.4027]]],[[[-119.7836,53.4887],[-119.7941,53.4784],[-119.7666,53.4297],[-119.8222,53.504],[-119.7836,53.4887]]],[[[-119.8386,53.5141],[-119.8258,53.5068],[-119.8407,53.5114],[-119.8386,53.5141]]],[[[-119.8957,53.5139],[-119.8954,53.5132],[-119.8964,53.5141],[-119.8957,53.5139]]],[[[-119.901,53.5183],[-119.9091,53.532],[-119.887,53.5666],[-119.9297,53.6078],[-119.8619,53.5532],[-119.8989,53.5351],[-119.901,53.5183]]],[[[-119.7198,53.6173],[-119.7544,53.5903],[-119.8269,53.6071],[-119.7537,53.6048],[-119.7343,53.6306],[-119.7198,53.6173]]],[[[-119.8567,53.6063],[-119.8737,53.6148],[-119.8364,53.6083],[-119.8567,53.6063]]],[[[-119.9265,53.6149],[-119.917,53.616],[-119.927,53.6108],[-119.9287,53.61],[-119.9265,53.6149]]],[[[-119.8833,53.6159],[-119.8885,53.6159],[-119.8893,53.6162],[-119.8833,53.6159]]],[[[-119.8028,53.6991],[-119.7386,53.6583],[-119.7412,53.6461],[-119.8028,53.6991]]],[[[-119.8557,53.7087],[-119.846,53.7064],[-119.8545,53.6979],[-119.8694,53.7054],[-119.8557,53.7087]]],[[[-119.9041,53.7374],[-119.8978,53.7282],[-119.9167,53.7182],[-119.9043,53.7747],[-119.8896,53.7732],[-119.8903,53.7512],[-119.9041,53.7374]]],[[[-119.9772,53.7897],[-119.9757,53.7891],[-119.9782,53.7898],[-119.9772,53.7897]]],[[[-119.9828,53.7983],[-119.9829,53.7926],[-119.9901,53.7998],[-119.9828,53.7983]]],[[[-117.7436,52.1979],[-117.7611,52.2056],[-117.7415,52.1995],[-117.7436,52.1979]]],[[[-117.7936,52.2989],[-117.8013,52.2903],[-117.8064,52.2905],[-117.7936,52.2989]]],[[[-117.7518,52.3178],[-117.759,52.3183],[-117.7467,52.3269],[-117.7518,52.3178]]],[[[-118.2351,52.4027],[-118.2104,52.3671],[-118.2266,52.3703],[-118.2351,52.4027]]],[[[-118.1451,52.397],[-118.1368,52.4013],[-118.1206,52.3983],[-118.1451,52.397]]],[[[-117.7677,52.4073],[-117.7624,52.4069],[-117.7601,52.4055],[-117.7677,52.4073]]],[[[-118.0433,52.4081],[-118.0459,52.4101],[-118.0391,52.417],[-118.0433,52.4081]]],[[[-117.9336,52.4415],[-117.9477,52.4523],[-117.9191,52.446],[-117.8873,52.425],[-117.9336,52.4415]]],[[[-118.0452,52.4418],[-118.0485,52.4558],[-118.033,52.4539],[-118.0452,52.4418]]],[[[-118.2503,52.4556],[-118.2086,52.4709],[-118.218,52.4876],[-118.1939,52.4754],[-118.2361,52.4513],[-118.2502,52.4502],[-118.2414,52.4105],[-118.2589,52.4453],[-118.2503,52.4556]]],[[[-117.9488,52.4549],[-117.9508,52.4547],[-117.9534,52.4569],[-117.9488,52.4549]]],[[[-118.0091,52.485],[-117.9904,52.4954],[-117.9708,52.4795],[-117.9739,52.4736],[-118.0091,52.485]]],[[[-118.2615,52.5042],[-118.2609,52.5043],[-118.2602,52.5033],[-118.2615,52.5042]]],[[[-118.2829,52.5264],[-118.2692,52.5172],[-118.2641,52.506],[-118.2829,52.5264]]],[[[-118.2804,52.5687],[-118.2786,52.5557],[-118.287,52.5696],[-118.2804,52.5687]]],[[[-118.3306,52.5964],[-118.3399,52.6053],[-118.333,52.6028],[-118.3306,52.5964]]],[[[-118.3517,52.6292],[-118.3519,52.6272],[-118.3519,52.6275],[-118.3517,52.6292]]],[[[-118.3317,52.6455],[-118.337,52.6396],[-118.3413,52.6399],[-118.3317,52.6455]]],[[[-118.3062,52.6775],[-118.331,52.7051],[-118.2947,52.6846],[-118.2977,52.6554],[-118.3158,52.6548],[-118.3062,52.6775]]],[[[-118.3451,52.7321],[-118.3503,52.7404],[-118.3351,52.7341],[-118.3408,52.7227],[-118.3451,52.7321]]],[[[-118.4172,52.8262],[-118.4298,52.8481],[-118.3928,52.846],[-118.4031,52.8416],[-118.4023,52.8138],[-118.4232,52.7967],[-118.419,52.7767],[-118.4325,52.7909],[-118.4172,52.8262]]],[[[-118.453,52.8546],[-118.4907,52.8962],[-118.4526,52.8869],[-118.4634,52.8685],[-118.453,52.8546]]],[[[-118.6103,52.8801],[-118.6051,52.8798],[-118.6016,52.8781],[-118.6103,52.8801]]],[[[-118.5273,52.8978],[-118.57,52.887],[-118.5562,52.9012],[-118.5273,52.8978]]],[[[-118.5119,52.9],[-118.5107,52.9003],[-118.5092,52.8999],[-118.5119,52.9]]],[[[-118.6703,52.9836],[-118.6628,52.9634],[-118.6113,52.935],[-118.6228,52.9199],[-118.6074,52.9059],[-118.6156,52.8827],[-118.6371,52.9298],[-118.6737,52.966],[-118.6733,52.9797],[-118.665,52.9943],[-118.6633,53.0156],[-118.6735,53.0373],[-118.6568,53.034],[-118.6402,52.9987],[-118.6703,52.9836]]],[[[-116.1585,51.2898],[-116.153,51.2864],[-116.1555,51.2815],[-116.1585,51.2898]]],[[[-116.1622,51.2948],[-116.1608,51.2937],[-116.1606,51.293],[-116.1622,51.2948]]],[[[-116.2956,51.4287],[-116.2832,51.407],[-116.3011,51.3914],[-116.2958,51.4507],[-116.3101,51.4624],[-116.2865,51.4523],[-116.2956,51.4287]]],[[[-116.3904,51.5004],[-116.3865,51.4941],[-116.3909,51.5011],[-116.3904,51.5004]]],[[[-116.4074,51.5486],[-116.383,51.5305],[-116.3971,51.5144],[-116.4074,51.5486]]],[[[-116.4684,51.6008],[-116.4751,51.5848],[-116.4884,51.6111],[-116.4684,51.6008]]],[[[-116.5095,51.6258],[-116.4913,51.6138],[-116.5149,51.6259],[-116.5095,51.6258]]],[[[-116.5567,51.6358],[-116.5821,51.6534],[-116.5666,51.6453],[-116.5174,51.6265],[-116.5567,51.6358]]],[[[-116.5815,51.687],[-116.5935,51.6666],[-116.6057,51.7231],[-116.5815,51.687]]],[[[-116.9531,51.7406],[-116.9555,51.7457],[-116.9191,51.7108],[-116.9377,51.7199],[-116.9531,51.7406]]],[[[-116.8085,51.7292],[-116.8113,51.7346],[-116.8066,51.7286],[-116.8085,51.7292]]],[[[-116.6321,51.7475],[-116.6285,51.7461],[-116.6285,51.745],[-116.6321,51.7475]]],[[[-116.6543,51.7926],[-116.6475,51.7891],[-116.6479,51.7779],[-116.6543,51.7926]]],[[[-116.9667,51.7961],[-116.9682,51.7714],[-116.9886,51.8094],[-116.9667,51.7961]]],[[[-116.7383,51.8005],[-116.7476,51.7987],[-116.7425,51.8044],[-116.7223,51.8015],[-116.7383,51.8005]]],[[[-116.6779,51.8075],[-116.6552,51.8011],[-116.6571,51.7958],[-116.6779,51.8075]]],[[[-116.995,51.8358],[-116.9836,51.8301],[-116.9891,51.8227],[-116.9895,51.8124],[-116.995,51.8358]]],[[[-117.0159,51.8898],[-117.0308,51.8702],[-117.0359,51.9023],[-117.0159,51.8898]]],[[[-117.2229,52.0183],[-117.2398,52.0368],[-117.224,52.0338],[-117.2172,52.0235],[-117.2229,52.0183]]],[[[-117.2699,52.0451],[-117.2714,52.0484],[-117.2606,52.0422],[-117.2663,52.0432],[-117.2699,52.0451]]],[[[-117.2717,52.0492],[-117.2702,52.0536],[-117.2716,52.0489],[-117.2717,52.0492]]],[[[-117.4623,52.1426],[-117.4377,52.1458],[-117.3665,52.1386],[-117.4623,52.1426]]],[[[-117.5119,52.1535],[-117.5001,52.149],[-117.518,52.1476],[-117.5119,52.1535]]],[[[-117.5814,52.1322],[-117.6164,52.1403],[-117.6645,52.1815],[-117.6967,52.1908],[-117.6602,52.1952],[-117.61,52.1446],[-117.5814,52.1322]]],[[[-117.322,52.1819],[-117.318,52.1866],[-117.3169,52.1861],[-117.322,52.1819]]],[[[-117.727,52.373],[-117.7419,52.3948],[-117.707,52.3559],[-117.7316,52.3482],[-117.727,52.373]]],[[[-115.2358,50.577],[-115.2402,50.5889],[-115.2329,50.5784],[-115.2358,50.577]]],[[[-115.2985,50.6245],[-115.3005,50.6261],[-115.2995,50.6261],[-115.2985,50.6245]]],[[[-115.3125,50.636],[-115.3126,50.6364],[-115.3112,50.6349],[-115.3125,50.636]]],[[[-115.2825,50.6464],[-115.3131,50.6386],[-115.3155,50.649],[-115.2883,50.6557],[-115.2875,50.6673],[-115.2825,50.6464]]],[[[-115.3133,50.7233],[-115.2987,50.6896],[-115.31,50.7052],[-115.3311,50.723],[-115.3133,50.7233]]],[[[-115.6018,50.8429],[-115.5655,50.8328],[-115.5627,50.8211],[-115.6018,50.8429]]],[[[-115.6462,50.8597],[-115.6448,50.8514],[-115.6467,50.852],[-115.6462,50.8597]]],[[[-115.6002,50.8896],[-115.6447,50.8752],[-115.6329,50.8842],[-115.6002,50.8896]]],[[[-115.585,50.915],[-115.5726,50.9075],[-115.5624,50.8942],[-115.5869,50.8917],[-115.5719,50.9003],[-115.585,50.915]]],[[[-115.6011,50.9422],[-115.6054,50.9337],[-115.6109,50.9463],[-115.6011,50.9422]]],[[[-115.6123,50.959],[-115.6131,50.9558],[-115.6155,50.9613],[-115.6123,50.959]]],[[[-115.6584,51.0009],[-115.6265,50.9733],[-115.6588,50.9793],[-115.6717,51.0],[-115.6584,51.0009]]],[[[-115.6802,51.0089],[-115.6797,51.0086],[-115.6796,51.0085],[-115.6802,51.0089]]],[[[-115.6859,51.0123],[-115.6858,51.0122],[-115.686,51.0123],[-115.6859,51.0123]]],[[[-115.6899,51.0146],[-115.7034,51.0196],[-115.6927,51.0235],[-115.6899,51.0146]]],[[[-115.7445,51.0309],[-115.7381,51.0271],[-115.7479,51.0308],[-115.7445,51.0309]]],[[[-115.7697,51.0592],[-115.7613,51.0676],[-115.7604,51.0637],[-115.7697,51.0592]]],[[[-115.8709,51.0882],[-115.865,51.086],[-115.8808,51.0864],[-115.8709,51.0882]]],[[[-115.9352,51.0975],[-115.9322,51.0946],[-115.9388,51.0974],[-115.9352,51.0975]]],[[[-115.9676,51.1182],[-115.9513,51.1027],[-115.9952,51.1246],[-115.9676,51.1182]]],[[[-116.0224,51.1599],[-116.0095,51.1559],[-116.0141,51.1389],[-116.0224,51.1599]]],[[[-116.0281,51.2202],[-116.0061,51.2182],[-116.0033,51.1935],[-116.0222,51.187],[-116.0281,51.2202]]],[[[-116.0641,51.2441],[-116.078,51.2473],[-116.0733,51.2474],[-116.0641,51.2441]]],[[[-116.1178,51.2524],[-116.1419,51.2616],[-116.1301,51.2591],[-116.1148,51.252],[-116.1178,51.2524]]]]}},{"type":"Feature","properties":{"key":"western_continental_ranges","name":"Western Continental Ranges","where":"central AB","sort":523,"ecozone":"Montane Cordillera","ab_subregion":"Alpine"},"geometry":{"type":"MultiPolygon","coordinates":[[[[-119.0485,53.1396],[-119.0451,53.1414],[-119.0423,53.1375],[-119.0485,53.1396]]],[[[-119.0657,53.1529],[-119.0666,53.154],[-119.0633,53.152],[-119.0657,53.1529]]],[[[-118.8013,53.1626],[-118.8138,53.1646],[-118.8184,53.1713],[-118.8013,53.1626]]],[[[-118.823,53.1725],[-118.8298,53.1739],[-118.8324,53.181],[-118.823,53.1725]]],[[[-119.1354,53.1736],[-119.1454,53.1824],[-119.1459,53.1841],[-119.1354,53.1736]]],[[[-118.8517,53.1853],[-118.8755,53.1992],[-118.8747,53.2025],[-118.8517,53.1853]]],[[[-118.9115,53.2093],[-118.9245,53.2153],[-118.9227,53.2217],[-118.9115,53.2093]]],[[[-118.9334,53.2285],[-118.9427,53.2336],[-118.9307,53.2305],[-118.9269,53.2264],[-118.9334,53.2285]]],[[[-119.3009,53.2567],[-119.2927,53.2493],[-119.2989,53.2516],[-119.3009,53.2567]]],[[[-119.3015,53.2569],[-119.3305,53.271],[-119.3439,53.2863],[-119.3334,53.2929],[-119.3319,53.2741],[-119.3015,53.2569]]],[[[-119.3486,53.3004],[-119.3603,53.3115],[-119.3543,53.3138],[-119.3486,53.3004]]],[[[-119.3541,53.3368],[-119.3572,53.3351],[-119.3635,53.3423],[-119.3541,53.3368]]],[[[-119.3722,53.347],[-119.3726,53.3477],[-119.3711,53.3468],[-119.3722,53.347]]],[[[-119.3757,53.3486],[-119.3793,53.3517],[-119.3734,53.3482],[-119.3757,53.3486]]],[[[-119.677,53.3691],[-119.6815,53.3761],[-119.6809,53.3769],[-119.677,53.3691]]],[[[-119.691,53.3844],[-119.6931,53.385],[-119.6943,53.3856],[-119.691,53.3844]]],[[[-119.7314,53.4027],[-119.7214,53.3872],[-119.734,53.3999],[-119.7314,53.4027]]],[[[-119.733,53.4039],[-119.7333,53.4041],[-119.7338,53.4045],[-119.733,53.4039]]],[[[-119.7416,53.4094],[-119.748,53.4156],[-119.7378,53.4076],[-119.7416,53.4094]]],[[[-119.7513,53.4189],[-119.7511,53.4192],[-119.7504,53.4184],[-119.7513,53.4189]]],[[[-119.752,53.4203],[-119.7666,53.4297],[-119.7603,53.4356],[-119.752,53.4203]]],[[[-119.7621,53.4393],[-119.7723,53.444],[-119.781,53.4649],[-119.7621,53.4393]]],[[[-119.7847,53.4689],[-119.7843,53.4696],[-119.784,53.4684],[-119.7847,53.4689]]],[[[-119.778,53.4816],[-119.7884,53.4708],[-119.794,53.4798],[-119.7831,53.488],[-119.778,53.4816]]],[[[-119.7836,53.4887],[-119.7838,53.4889],[-119.7838,53.489],[-119.7836,53.4887]]],[[[-119.8318,53.5131],[-119.8302,53.5112],[-119.8321,53.5132],[-119.8318,53.5131]]],[[[-119.8989,53.5351],[-119.8621,53.5558],[-119.8636,53.5397],[-119.897,53.5165],[-119.8989,53.5351]]],[[[-119.7876,53.5946],[-119.8512,53.6057],[-119.8016,53.6035],[-119.7913,53.601],[-119.7876,53.5946]]],[[[-119.7169,53.6103],[-119.7207,53.6195],[-119.7131,53.6137],[-119.7229,53.6037],[-119.7456,53.5848],[-119.7734,53.5852],[-119.7843,53.5923],[-119.7501,53.5909],[-119.7359,53.6052],[-119.7169,53.6103]]],[[[-119.9277,53.6066],[-119.929,53.6094],[-119.9228,53.6049],[-119.9277,53.6066]]],[[[-119.8667,53.6101],[-119.8643,53.609],[-119.8678,53.6097],[-119.8667,53.6101]]],[[[-119.8836,53.6157],[-119.8709,53.6128],[-119.8795,53.6141],[-119.8836,53.6157]]],[[[-119.7386,53.6583],[-119.7225,53.6211],[-119.7412,53.6461],[-119.7386,53.6583]]],[[[-119.8472,53.7003],[-119.8425,53.702],[-119.8424,53.7018],[-119.8472,53.7003]]],[[[-119.9086,53.7133],[-119.9015,53.7253],[-119.8962,53.723],[-119.9086,53.7133]]],[[[-119.9036,53.736],[-119.8944,53.7336],[-119.8978,53.7293],[-119.9036,53.736]]],[[[-119.8897,53.7703],[-119.8896,53.7732],[-119.8837,53.7713],[-119.8897,53.7703]]],[[[-119.9796,53.7977],[-119.9829,53.7926],[-119.9828,53.7983],[-119.9796,53.7977]]],[[[-117.7556,52.2046],[-117.7611,52.2056],[-117.764,52.2077],[-117.7556,52.2046]]],[[[-117.8064,52.2905],[-117.7929,52.2932],[-117.8193,52.2813],[-117.8064,52.2905]]],[[[-117.7923,52.2952],[-117.7936,52.2989],[-117.7908,52.3004],[-117.7923,52.2952]]],[[[-118.2186,52.3738],[-118.2202,52.3876],[-118.2166,52.3851],[-118.2186,52.3738]]],[[[-118.1502,52.3988],[-118.1451,52.397],[-118.1538,52.3961],[-118.1502,52.3988]]],[[[-118.2351,52.4027],[-118.2346,52.4187],[-118.2335,52.4025],[-118.2351,52.4027]]],[[[-117.917,52.4449],[-117.9075,52.4341],[-117.9193,52.4412],[-117.917,52.4449]]],[[[-118.0501,52.4427],[-118.0484,52.442],[-118.0447,52.4388],[-118.0501,52.4427]]],[[[-117.9344,52.4485],[-117.9239,52.4468],[-117.9373,52.4477],[-117.9488,52.4549],[-117.9344,52.4485]]],[[[-118.0469,52.4574],[-118.0471,52.4562],[-118.0485,52.4558],[-118.0469,52.4574]]],[[[-118.2437,52.4365],[-118.2502,52.4502],[-118.2131,52.4624],[-118.1949,52.4821],[-118.1922,52.4709],[-118.2437,52.4365]]],[[[-117.9607,52.4632],[-117.9739,52.4736],[-117.9653,52.4777],[-117.9607,52.4632]]],[[[-118.0071,52.4874],[-118.0073,52.4873],[-118.0071,52.4876],[-118.0071,52.4874]]],[[[-117.977,52.4824],[-117.9882,52.4873],[-117.9837,52.4925],[-117.977,52.4824]]],[[[-117.9854,52.495],[-117.9838,52.4927],[-117.9892,52.4944],[-117.9904,52.4954],[-117.9854,52.495]]],[[[-118.2609,52.5043],[-118.2695,52.5137],[-118.2692,52.5172],[-118.2609,52.5043]]],[[[-118.2781,52.5389],[-118.2728,52.5227],[-118.2842,52.534],[-118.277,52.5573],[-118.264,52.5582],[-118.2781,52.5389]]],[[[-118.2804,52.5687],[-118.2766,52.5681],[-118.2785,52.5675],[-118.2804,52.5687]]],[[[-118.3345,52.595],[-118.3306,52.5964],[-118.33,52.5893],[-118.3345,52.595]]],[[[-118.3327,52.5989],[-118.331,52.6021],[-118.3307,52.5977],[-118.3327,52.5989]]],[[[-118.3158,52.6548],[-118.2979,52.6551],[-118.2852,52.6738],[-118.2982,52.6491],[-118.3251,52.646],[-118.3477,52.616],[-118.3517,52.6283],[-118.3158,52.6548]]],[[[-118.2929,52.6838],[-118.292,52.6826],[-118.2947,52.6846],[-118.2929,52.6838]]],[[[-118.3367,52.7175],[-118.3357,52.7123],[-118.3388,52.7183],[-118.3367,52.7175]]],[[[-118.3351,52.7341],[-118.3355,52.7312],[-118.3376,52.7311],[-118.3351,52.7341]]],[[[-118.4031,52.8416],[-118.3928,52.846],[-118.3896,52.8335],[-118.4187,52.7784],[-118.4232,52.7967],[-118.4023,52.8138],[-118.4031,52.8416]]],[[[-118.3994,52.8503],[-118.3956,52.8502],[-118.3986,52.8497],[-118.3994,52.8503]]],[[[-118.6074,52.9059],[-118.6229,52.9173],[-118.6113,52.9348],[-118.6144,52.915],[-118.603,52.9041],[-118.6156,52.8827],[-118.6172,52.8985],[-118.6074,52.9059]]],[[[-118.6192,52.9383],[-118.6186,52.938],[-118.6191,52.9382],[-118.6192,52.9383]]],[[[-118.6501,52.9539],[-118.6483,52.9524],[-118.6494,52.9526],[-118.6501,52.9539]]],[[[-118.6592,52.9621],[-118.6601,52.967],[-118.6576,52.9611],[-118.6592,52.9621]]],[[[-118.6386,52.9995],[-118.6633,52.9749],[-118.6509,52.9993],[-118.6386,52.9995]]],[[[-118.6568,53.034],[-118.6451,53.0159],[-118.6524,53.0264],[-118.6568,53.034]]],[[[-118.6637,53.0372],[-118.6635,53.0378],[-118.6592,53.0353],[-118.6637,53.0372]]],[[[-118.7037,53.0484],[-118.6958,53.037],[-118.7031,53.0461],[-118.7192,53.0523],[-118.7037,53.0484]]],[[[-118.7676,53.0752],[-118.7674,53.0751],[-118.7678,53.0752],[-118.7676,53.0752]]],[[[-118.729,53.1125],[-118.7353,53.1185],[-118.7267,53.1139],[-118.7592,53.0823],[-118.729,53.1125]]],[[[-118.7731,53.1309],[-118.7716,53.1306],[-118.7708,53.1299],[-118.7731,53.1309]]],[[[-118.7768,53.1537],[-118.7751,53.134],[-118.7827,53.1503],[-118.7927,53.1601],[-118.7768,53.1537]]],[[[-116.4006,51.547],[-116.4048,51.5477],[-116.4062,51.5483],[-116.4006,51.547]]],[[[-116.474,51.608],[-116.466,51.599],[-116.465,51.5728],[-116.4751,51.5848],[-116.4702,51.6026],[-116.4975,51.6221],[-116.474,51.608]]],[[[-116.5132,51.6268],[-116.5189,51.627],[-116.5277,51.6323],[-116.5132,51.6268]]],[[[-116.5431,51.6382],[-116.569,51.6463],[-116.5705,51.6487],[-116.5431,51.6382]]],[[[-116.5783,51.6527],[-116.5858,51.6556],[-116.5874,51.6575],[-116.5783,51.6527]]],[[[-116.5933,51.6646],[-116.5912,51.6673],[-116.5922,51.6633],[-116.5933,51.6646]]],[[[-116.59,51.694],[-116.5824,51.6966],[-116.58,51.6831],[-116.5878,51.6713],[-116.59,51.694]]],[[[-116.5829,51.6992],[-116.5845,51.7004],[-116.5867,51.7091],[-116.5829,51.6992]]],[[[-116.9164,51.7095],[-116.918,51.7122],[-116.9111,51.7081],[-116.9164,51.7095]]],[[[-116.5936,51.717],[-116.5953,51.7179],[-116.5957,51.7183],[-116.5936,51.717]]],[[[-116.9198,51.7153],[-116.9296,51.7212],[-116.9271,51.7282],[-116.9198,51.7153]]],[[[-116.9438,51.7395],[-116.9275,51.7288],[-116.9437,51.734],[-116.9438,51.7395]]],[[[-116.9562,51.7471],[-116.9488,51.7425],[-116.9544,51.7436],[-116.9562,51.7471]]],[[[-116.6229,51.7389],[-116.6385,51.7522],[-116.6321,51.7475],[-116.6229,51.7389]]],[[[-116.9682,51.7714],[-116.9648,51.774],[-116.9663,51.7678],[-116.9682,51.7714]]],[[[-116.9647,51.78],[-116.9648,51.7771],[-116.9655,51.7792],[-116.9647,51.78]]],[[[-116.9646,51.7897],[-116.9647,51.7807],[-116.9659,51.7852],[-116.9646,51.7897]]],[[[-116.6602,51.8047],[-116.6471,51.7969],[-116.6571,51.7958],[-116.6602,51.8047]]],[[[-116.6608,51.8049],[-116.6681,51.8044],[-116.6698,51.8071],[-116.6608,51.8049]]],[[[-116.9645,51.7933],[-116.9886,51.8094],[-116.986,51.8271],[-116.9645,51.7933]]],[[[-117.0308,51.8702],[-117.019,51.8836],[-117.0262,51.8542],[-117.0308,51.8702]]],[[[-117.0433,51.9148],[-117.0184,51.8913],[-117.0333,51.8991],[-117.0573,51.9219],[-117.0433,51.9148]]],[[[-117.2201,52.0156],[-117.2158,52.0274],[-117.2172,52.0235],[-117.2201,52.0156]]],[[[-117.2164,52.0286],[-117.2264,52.0349],[-117.2186,52.0326],[-117.2164,52.0286]]],[[[-117.2414,52.0393],[-117.2397,52.0368],[-117.2417,52.0389],[-117.2414,52.0393]]],[[[-117.2646,52.0445],[-117.2714,52.0484],[-117.266,52.0495],[-117.2646,52.0445]]],[[[-117.5798,52.1325],[-117.5814,52.1322],[-117.5815,52.1329],[-117.5798,52.1325]]],[[[-117.3522,52.1452],[-117.4127,52.14],[-117.4377,52.1458],[-117.3522,52.1452]]],[[[-117.6028,52.1397],[-117.61,52.1446],[-117.6111,52.1481],[-117.6028,52.1397]]],[[[-117.4425,52.1433],[-117.4531,52.1433],[-117.4419,52.1451],[-117.4425,52.1433]]],[[[-117.4987,52.1491],[-117.5001,52.149],[-117.5012,52.1499],[-117.4987,52.1491]]],[[[-117.6199,52.1634],[-117.6139,52.1513],[-117.6225,52.1595],[-117.6199,52.1634]]],[[[-117.3146,52.1851],[-117.314,52.178],[-117.3169,52.1861],[-117.3146,52.1851]]],[[[-117.3204,52.1876],[-117.3212,52.1836],[-117.3217,52.1831],[-117.3204,52.1876]]],[[[-117.6452,52.1817],[-117.6559,52.1846],[-117.6602,52.1952],[-117.6452,52.1817]]],[[[-117.7388,52.1967],[-117.7436,52.1979],[-117.7398,52.1989],[-117.7388,52.1967]]],[[[-117.7487,52.3199],[-117.743,52.3295],[-117.747,52.3148],[-117.7617,52.3164],[-117.7487,52.3199]]],[[[-117.7202,52.3791],[-117.7242,52.3883],[-117.7186,52.385],[-117.7202,52.3791]]],[[[-115.227,50.5594],[-115.2309,50.5689],[-115.224,50.5552],[-115.227,50.5594]]],[[[-115.2492,50.5891],[-115.2867,50.6149],[-115.3131,50.6387],[-115.23,50.5884],[-115.2334,50.5732],[-115.2402,50.5889],[-115.2492,50.5891]]],[[[-115.2825,50.6464],[-115.2813,50.6458],[-115.2831,50.6459],[-115.2825,50.6464]]],[[[-115.2789,50.6505],[-115.3146,50.7143],[-115.3133,50.7233],[-115.2907,50.704],[-115.2732,50.6619],[-115.2789,50.6505]]],[[[-115.3249,50.726],[-115.3288,50.7225],[-115.3356,50.7257],[-115.3249,50.726]]],[[[-115.4085,50.7327],[-115.4112,50.7409],[-115.4044,50.7333],[-115.4059,50.7276],[-115.4085,50.7327]]],[[[-115.4316,50.7585],[-115.4313,50.7586],[-115.4313,50.7584],[-115.4316,50.7585]]],[[[-115.5038,50.787],[-115.4954,50.7884],[-115.4915,50.7832],[-115.5038,50.787]]],[[[-115.5421,50.7997],[-115.5382,50.8003],[-115.5308,50.7939],[-115.5421,50.7997]]],[[[-115.5628,50.821],[-115.5542,50.8317],[-115.5467,50.8038],[-115.5628,50.821]]],[[[-115.5755,50.8394],[-115.5673,50.8377],[-115.5689,50.8339],[-115.5755,50.8394]]],[[[-115.5888,50.8425],[-115.5896,50.8428],[-115.5888,50.8426],[-115.5888,50.8425]]],[[[-115.6197,50.8797],[-115.6404,50.8747],[-115.6333,50.8477],[-115.6454,50.8541],[-115.6452,50.8748],[-115.6197,50.8797]]],[[[-115.5587,50.8978],[-115.5615,50.893],[-115.5744,50.8872],[-115.614,50.8845],[-115.5624,50.8942],[-115.593,50.9188],[-115.5587,50.8978]]],[[[-115.6054,50.9337],[-115.601,50.9363],[-115.5987,50.9289],[-115.6054,50.9337]]],[[[-115.6011,50.9422],[-115.6289,50.9802],[-115.6097,50.9602],[-115.6011,50.9422]]],[[[-115.6432,50.9903],[-115.6299,50.9809],[-115.6414,50.9865],[-115.6432,50.9903]]],[[[-115.6763,51.0063],[-115.6584,51.0009],[-115.6705,50.9991],[-115.6763,51.0063]]],[[[-115.6899,51.0146],[-115.6927,51.0235],[-115.677,51.007],[-115.6899,51.0146]]],[[[-115.7382,51.027],[-115.7381,51.0271],[-115.7376,51.0268],[-115.7382,51.027]]],[[[-115.7694,51.0582],[-115.7508,51.0689],[-115.7619,51.0441],[-115.7479,51.0308],[-115.764,51.0409],[-115.7694,51.0582]]],[[[-115.8646,51.0874],[-115.865,51.086],[-115.8683,51.0879],[-115.8646,51.0874]]],[[[-115.8908,51.0869],[-115.8901,51.0876],[-115.8898,51.0868],[-115.8908,51.0869]]],[[[-115.877,51.089],[-115.8709,51.0882],[-115.8767,51.0871],[-115.877,51.089]]],[[[-115.9229,51.092],[-115.9513,51.1027],[-115.9676,51.1182],[-115.9229,51.092]]],[[[-116.012,51.1402],[-116.0125,51.1374],[-116.0131,51.1397],[-116.012,51.1402]]],[[[-116.0109,51.147],[-116.011,51.1464],[-116.011,51.1467],[-116.0109,51.147]]],[[[-116.0108,51.1481],[-116.0107,51.1486],[-116.0108,51.1479],[-116.0108,51.1481]]],[[[-116.0097,51.1545],[-116.0104,51.1504],[-116.0111,51.1524],[-116.0097,51.1545]]],[[[-116.0165,51.1557],[-116.0214,51.1596],[-116.0107,51.1563],[-116.0165,51.1557]]],[[[-116.0077,51.19],[-116.0222,51.1786],[-116.0165,51.1894],[-116.0077,51.19]]],[[[-116.0037,51.2151],[-116.0061,51.2182],[-116.0031,51.217],[-116.0051,51.2024],[-116.0037,51.2151]]],[[[-116.0262,51.2214],[-116.0281,51.2202],[-116.0314,51.2232],[-116.0262,51.2214]]],[[[-116.0628,51.2445],[-116.0641,51.2441],[-116.0646,51.245],[-116.0628,51.2445]]],[[[-116.1509,51.2699],[-116.1529,51.2868],[-116.1609,51.2945],[-116.1602,51.2944],[-116.1476,51.2815],[-116.1509,51.2699]]],[[[-116.2944,51.425],[-116.2927,51.4309],[-116.2816,51.4089],[-116.3003,51.3834],[-116.2832,51.407],[-116.2944,51.425]]],[[[-116.3971,51.5144],[-116.3938,51.5252],[-116.383,51.5305],[-116.3913,51.5447],[-116.3772,51.5326],[-116.3911,51.503],[-116.3664,51.4813],[-116.3893,51.4987],[-116.3971,51.5144]]]]}},{"type":"Feature","properties":{"key":"western_continental_ranges","name":"Western Continental Ranges","where":"central AB","sort":523,"ecozone":"Montane Cordillera","ab_subregion":""},"geometry":{"type":"Polygon","coordinates":[[[-118.4739,52.8985],[-118.4552,52.8914],[-118.4462,52.8801],[-118.4533,52.8712],[-118.4526,52.8869],[-118.4739,52.8985]]]}},{"type":"Feature","properties":{"key":"western_continental_ranges","name":"Western Continental Ranges","where":"central AB","sort":523,"ecozone":"Montane Cordillera","ab_subregion":"Subalpine"},"geometry":{"type":"MultiPolygon","coordinates":[[[[-119.7511,53.4192],[-119.7519,53.4192],[-119.752,53.4203],[-119.7511,53.4192]]],[[[-119.7765,53.4611],[-119.7725,53.4578],[-119.7758,53.4584],[-119.7765,53.4611]]],[[[-119.7783,53.4626],[-119.7792,53.463],[-119.7791,53.4633],[-119.7783,53.4626]]],[[[-119.7843,53.4696],[-119.7853,53.4693],[-119.7851,53.4726],[-119.7843,53.4696]]],[[[-119.8302,53.5112],[-119.8301,53.5113],[-119.8287,53.5098],[-119.8302,53.5112]]],[[[-119.8685,53.5355],[-119.8691,53.5369],[-119.8636,53.5397],[-119.8685,53.5355]]],[[[-119.8659,53.5616],[-119.8621,53.5558],[-119.8668,53.5613],[-119.8705,53.5639],[-119.8659,53.5616]]],[[[-119.8916,53.5743],[-119.8932,53.577],[-119.878,53.5675],[-119.8916,53.5743]]],[[[-119.9108,53.596],[-119.9109,53.5968],[-119.8994,53.5854],[-119.9108,53.596]]],[[[-119.9218,53.6145],[-119.9054,53.6173],[-119.8709,53.6128],[-119.8524,53.603],[-119.8969,53.6148],[-119.9245,53.607],[-119.9218,53.6145]]],[[[-119.7315,53.6428],[-119.7354,53.6435],[-119.7355,53.6451],[-119.7315,53.6428]]],[[[-119.7738,53.6762],[-119.7744,53.6781],[-119.771,53.6746],[-119.7738,53.6762]]],[[[-119.7793,53.6836],[-119.7758,53.6795],[-119.7787,53.6804],[-119.7793,53.6836]]],[[[-119.7839,53.6921],[-119.7898,53.6942],[-119.7841,53.6924],[-119.7839,53.6921]]],[[[-119.8462,53.7078],[-119.8425,53.702],[-119.8469,53.7034],[-119.8462,53.7078]]],[[[-119.8951,53.7282],[-119.894,53.7244],[-119.9009,53.7183],[-119.8951,53.7282]]],[[[-119.8837,53.7713],[-119.8793,53.7539],[-119.9036,53.736],[-119.8903,53.7512],[-119.8962,53.7671],[-119.8837,53.7713]]],[[[-119.9763,53.7905],[-119.9758,53.7894],[-119.9772,53.7897],[-119.9763,53.7905]]],[[[-118.234,52.4083],[-118.2327,52.4024],[-118.2338,52.4035],[-118.234,52.4083]]],[[[-118.2408,52.4332],[-118.2384,52.4349],[-118.2346,52.4187],[-118.2408,52.4332]]],[[[-118.3337,52.7315],[-118.3367,52.7175],[-118.3409,52.7269],[-118.3337,52.7315]]],[[[-118.4533,52.8712],[-118.4566,52.8618],[-118.4634,52.8685],[-118.4533,52.8712]]],[[[-118.6451,53.0159],[-118.6386,52.9995],[-118.6408,52.9995],[-118.655,53.0131],[-118.6451,53.0159]]],[[[-118.7722,53.0531],[-118.7714,53.054],[-118.7717,53.0524],[-118.7722,53.0531]]],[[[-118.7708,53.0573],[-118.7708,53.0589],[-118.7704,53.0595],[-118.7708,53.0573]]],[[[-118.7674,53.0751],[-118.7688,53.0677],[-118.7702,53.0713],[-118.7674,53.0751]]],[[[-118.7751,53.134],[-118.7716,53.1306],[-118.7731,53.1309],[-118.7751,53.134]]],[[[-119.1228,53.1611],[-119.1285,53.1661],[-119.1354,53.1736],[-119.1228,53.1611]]],[[[-119.2597,53.202],[-119.256,53.1965],[-119.2589,53.1995],[-119.2597,53.202]]],[[[-119.2633,53.2073],[-119.2635,53.2076],[-119.2632,53.2072],[-119.2633,53.2073]]],[[[-119.2665,53.2121],[-119.2652,53.2101],[-119.2663,53.2111],[-119.2665,53.2121]]],[[[-119.2952,53.2467],[-119.2927,53.2493],[-119.2797,53.228],[-119.2952,53.2467]]],[[[-119.3493,53.3164],[-119.3541,53.3368],[-119.3454,53.3197],[-119.3511,53.3121],[-119.3493,53.3164]]],[[[-119.7292,53.4009],[-119.7257,53.3983],[-119.7283,53.3985],[-119.7292,53.4009]]],[[[-119.7259,53.6046],[-119.7229,53.6037],[-119.738,53.5931],[-119.7259,53.6046]]],[[[-119.7302,53.6527],[-119.7306,53.6493],[-119.7354,53.6513],[-119.7302,53.6527]]],[[[-115.4256,50.7565],[-115.4313,50.7584],[-115.4301,50.7593],[-115.4256,50.7565]]],[[[-115.4844,50.7806],[-115.4772,50.7755],[-115.4768,50.7729],[-115.4844,50.7806]]],[[[-115.4844,50.7806],[-115.4915,50.7832],[-115.4953,50.7884],[-115.4844,50.7806]]],[[[-115.5437,50.8011],[-115.5497,50.8079],[-115.5382,50.8003],[-115.5437,50.8011]]],[[[-115.5673,50.8377],[-115.5542,50.8321],[-115.5689,50.8339],[-115.5673,50.8377]]],[[[-115.5762,50.8397],[-115.5754,50.8395],[-115.5757,50.8395],[-115.5762,50.8397]]],[[[-115.5888,50.8426],[-115.5843,50.8416],[-115.5873,50.8421],[-115.5888,50.8426]]],[[[-115.5917,50.9191],[-115.593,50.9188],[-115.5953,50.9205],[-115.5917,50.9191]]],[[[-115.6018,50.9283],[-115.5987,50.9289],[-115.5974,50.9231],[-115.6018,50.9283]]],[[[-115.8861,51.0902],[-115.8767,51.0871],[-115.8808,51.0864],[-115.8861,51.0902]]],[[[-116.2907,51.4289],[-116.2927,51.4309],[-116.2879,51.4351],[-116.2907,51.4289]]],[[[-116.2852,51.4557],[-116.2872,51.4377],[-116.2859,51.456],[-116.2852,51.4557]]],[[[-117.2397,52.0368],[-117.2609,52.0424],[-117.2519,52.0412],[-117.2397,52.0368]]],[[[-117.2646,52.0445],[-117.2641,52.045],[-117.2636,52.0439],[-117.2646,52.0445]]],[[[-117.7429,52.3291],[-117.743,52.3295],[-117.7424,52.3299],[-117.7429,52.3291]]],[[[-117.7064,52.3517],[-117.7395,52.3345],[-117.7316,52.3482],[-117.7064,52.3517]]],[[[-117.7202,52.3791],[-117.7081,52.3626],[-117.7201,52.3657],[-117.7202,52.3791]]],[[[-118.2202,52.3889],[-118.2186,52.3872],[-118.2202,52.3876],[-118.2202,52.3889]]]]}}]}
